{
    "assignee": null,
    "assignees": [],
    "author_association": "NONE",
    "body": "Kinds are [the type of type constructors](https://en.wikipedia.org/wiki/Kind_%28type_theory%29). Thus higher-kinds are constructors on type constructors.\r\n\r\nSome [prior discussion at the Rust forum](https://users.rust-lang.org/t/does-rust-really-need-higher-kinded-types/5531/8) about higher-kinds may provide a clearer understanding of what they are and use cases.\r\n\r\nIt is important to note that the supertype of a union contains more types than its subtype, e.g. `Number|String` is the supertype of `Number`. Thus we can not subsume to the greatest lower bound (aka GLB or common supertype) of the element type of an instance of an `Array`, e.g. from `Number` to `Number|String`, because some preexisting reference of type `Array<Number>` would access a data structure that contains also `String` elements. Thus such a subsumption will not type check. Thus we are unable to add or insert elements (into an instance of `Array`) which have a type that is not already the subtype of the preexisting element type. Thus employing `Array` with unions is not a solution to the Expression Problem, because we can't add new variants (types). Tangentially note that subsuming to the superclass for subclassing or typeclass objects (`trait` in Rust) works fine with `Array`, because the dynamic dispatch insures that no preexisting references to the `Array` instance are invalidated by inserting or adding elements with new subtypes to the data structure, and thus it type checks. But subclassing and typeclass objects do not (or not entirely for typeclass objects) solve the Expression Problem, because new operations can't be added (for subclassing can't be added after instantiation of the class and for typeclass objects can't be added after instantiation of the typeclass object).\r\n\r\nBut a `List` doesn't have this problem and is an invariant data structure, because the `head` of the `Cons` can be any type ([if we are subsuming to a new union type](https://github.com/keean/zenscript/issues/8#issuecomment-249049702)) and any preexisting references to any element in the tail of the list will never access the new head, because a `List` is a singly-linked data structure with new elements prepended. Thus lists allow adding new variants (types) even for union types (not just for subclassing and typeclass objects) and since this retains the explicit union type instead of otherwise premature subsumption to a dynamic dispatch (that is employed by subclassing and typeclass objects), then we can also add new operations as a delayed binding to any future typeclass bound (having the compiler automatically generate type-case logic for the dispatch at the trait bound call site). This was my invention as [a solution to the Expression Problem](https://github.com/keean/zenscript/issues/2#issuecomment-248259132).\r\n\r\nWhen [I started thinking about](https://github.com/keean/zenscript/issues/8#issuecomment-248954012) how a `List` would interact with the first-class [unions we accepted](https://github.com/keean/zenscript/issues/2) into ZenScript's design, I realized that [if typeclasses can't provide a factory](https://github.com/keean/zenscript/issues/8#issuecomment-249024325) to construct a new instance of the data structure they are operating on, then [it is impossible to write some generic operations such as a sort](https://github.com/keean/zenscript/issues/8#issuecomment-249039330) when employing subsuming heterogeneous unions with higher-order containers.\r\n\r\nFor example, a `sort` operation needs to re-order the elements of a collection which is impossible to do insitu unless all elements of the collection have the same type, which entirely defeats the goal of adding new variants (types) to the collection to solve the Expression Problem. Thus the only way to sort the `List` in general, is to make a new instance of a `List` and sort into this new `List` with the GLB element type. @keean [suggested workarounds](https://github.com/keean/zenscript/issues/27#issuecomment-302921541) by passing in the factory for the value type separately. This was [also mentioned by myself in another thread](https://github.com/keean/zenscript/issues/11#issuecomment-305987788).\r\n\r\nBut without higher-kinds or at least Rust's `Self` type (which afaik is a feature that can also be obtained with higher-kinds), then I don't see how a typeclass could declare a factory method? Because the return type of the factory method needs to be the type of implementing type of typeclass, yet the Monoid needs also to know the element type, so that is a type of type constructor higher-kind pattern. This is similar to an issue [we were discussing at the Rust forum](https://users.rust-lang.org/t/does-rust-really-need-higher-kinded-types/5531/8) about how to write the method for iterator factory in a typeclass. Note the `sort` operation needs to be able to return the same types as it input.\r\n\r\nAfaik, the generalized category theory compliant interface for a factory and append operation is the [`Monoid` typeclass](https://en.wikibooks.org/wiki/Haskell/Monoids#The_Monoid_class). The `identity` method returns an empty new instance and the `append` adds new elements to the collection.\r\n\r\n  ",
    "closed_at": null,
    "comment_data": [
        {
            "author_association": "NONE",
            "body": "It appears we can emit [TypeScript code to implement](https://github.com/keean/zenscript/issues/13#issuecomment-249399737) `Monoid` with my hack without needing higher-kinds, but what syntax will that be in ZenScript?\n\n```\ndata List<T> = Nil | Cons{head: T, tail: List<T>}\ntypeclass Monoid<T<A>> {                           // A is inferred to be a polymorphic type parameter of the implementing type because ALLCAPS\n    identity(): T<A>\n    append(A): T<A>\n}\nList<A> implements Monoid<List<A>> {\n    identity() => Nil\n    append(x) => Cons(x, this)\n}\n```\n\nSince `List<A>` is not a subsclass of `Monoid` then apparently there is no higher-kinds involved, because the compiler doesn't have to reason about the constructor `T<>` in the context of the constructor `Monoid<>`. Is that correct?\n\nP.S. 9 lines of ZenScript [becomes 19 lines of TypeScript and 29 lines of JavaScript](http://www.typescriptlang.org/play/index.html#src=interface%20Monoid%3CA%2C%20SELF%20extends%20Monoid%3CA%2C%20SELF%3E%3E%20%7B%0D%0A%20%20%20%20identity%28%29%3A%20SELF%0D%0A%20%20%20%20append%28x%3A%20A%29%3A%20SELF%0D%0A%7D%0D%0A%0D%0Aabstract%20class%20List%3CA%3E%20implements%20Monoid%3CA%2C%20List%3CA%3E%3E%20%7B%0D%0A%20%20%20%20identity%28%29%3A%20List%3CA%3E%20%7B%20return%20Nil%20%7D%0D%0A%20%20%20%20append%28x%3AA%29%3A%20List%3CA%3E%20%7B%20return%20new%20Cons%28x%2C%20this%29%20%7D%0D%0A%7D%0D%0Aclass%20_Nil%20extends%20List%3Cnever%3E%20%7B%7D%0D%0Aconst%20Nil%20%3D%20new%20_Nil%0D%0Aclass%20Cons%3CA%3E%20extends%20List%3CA%3E%20%7B%0D%0A%20%20%20%20head%3A%20A%0D%0A%20%20%20%20tail%3A%20List%3CA%3E%20%0D%0A%20%20%20%20constructor%28head%3A%20A%2C%20tail%3A%20List%3CA%3E%29%20%7B%0D%0A%20%20%20%20%20%20%20%20super%28%29%0D%0A%20%20%20%20%20%20%20%20this.head%20%3D%20head%0D%0A%20%20%20%20%20%20%20%20this.tail%20%3D%20tail%0D%0A%20%20%20%20%7D%20%0D%0A%7D%0D%0A) not including code to set up the `prototype` hack on module load, although the ECMAScript with `class` will be more concise.\n",
            "created_at": "2016-09-25T03:37:22Z",
            "html_url": "https://github.com/keean/zenscript/issues/10#issuecomment-249400698",
            "id": 249400698,
            "issue_url": "https://api.github.com/repos/keean/zenscript/issues/10",
            "node_id": "MDEyOklzc3VlQ29tbWVudDI0OTQwMDY5OA==",
            "updated_at": "2016-09-25T04:42:36Z",
            "url": "https://api.github.com/repos/keean/zenscript/issues/comments/249400698",
            "user": {
                "avatar_url": "https://avatars3.githubusercontent.com/u/247731?v=4",
                "events_url": "https://api.github.com/users/shelby3/events{/privacy}",
                "followers_url": "https://api.github.com/users/shelby3/followers",
                "following_url": "https://api.github.com/users/shelby3/following{/other_user}",
                "gists_url": "https://api.github.com/users/shelby3/gists{/gist_id}",
                "gravatar_id": "",
                "html_url": "https://github.com/shelby3",
                "id": 247731,
                "login": "shelby3",
                "node_id": "MDQ6VXNlcjI0NzczMQ==",
                "organizations_url": "https://api.github.com/users/shelby3/orgs",
                "received_events_url": "https://api.github.com/users/shelby3/received_events",
                "repos_url": "https://api.github.com/users/shelby3/repos",
                "site_admin": false,
                "starred_url": "https://api.github.com/users/shelby3/starred{/owner}{/repo}",
                "subscriptions_url": "https://api.github.com/users/shelby3/subscriptions",
                "type": "User",
                "url": "https://api.github.com/users/shelby3"
            }
        },
        {
            "author_association": "OWNER",
            "body": "I don't think that is quite right. Monoid takes a parameter in no-object systems because is declaring free functions not methods:\n\n```\ndata List<T> = Nil | Cons{head: T, tail: List<T>}\ntypeclass Monoid<A> { \n    identity(): A\n    append(A, A): A\n}\nimplement Monoid<List<A>> {\n    identity() => Nil\n    append(x) => Cons(x, this)\n}\n```\n\nThe above is how I would want to do it in a no-objects system. The following is for an object system:\n\n```\ndata List<T> = Nil | Cons{head: T, tail: List<T>}\ntypeclass Monoid {\n    identity(): This\n    append(This): This\n}\nList<A> implements Monoid {\n    identity() => Nil\n    append(x) => Cons(x, this)\n}\n```\n",
            "created_at": "2016-09-25T06:48:24Z",
            "html_url": "https://github.com/keean/zenscript/issues/10#issuecomment-249406094",
            "id": 249406094,
            "issue_url": "https://api.github.com/repos/keean/zenscript/issues/10",
            "node_id": "MDEyOklzc3VlQ29tbWVudDI0OTQwNjA5NA==",
            "updated_at": "2016-09-25T06:48:24Z",
            "url": "https://api.github.com/repos/keean/zenscript/issues/comments/249406094",
            "user": {
                "avatar_url": "https://avatars2.githubusercontent.com/u/508384?v=4",
                "events_url": "https://api.github.com/users/keean/events{/privacy}",
                "followers_url": "https://api.github.com/users/keean/followers",
                "following_url": "https://api.github.com/users/keean/following{/other_user}",
                "gists_url": "https://api.github.com/users/keean/gists{/gist_id}",
                "gravatar_id": "",
                "html_url": "https://github.com/keean",
                "id": 508384,
                "login": "keean",
                "node_id": "MDQ6VXNlcjUwODM4NA==",
                "organizations_url": "https://api.github.com/users/keean/orgs",
                "received_events_url": "https://api.github.com/users/keean/received_events",
                "repos_url": "https://api.github.com/users/keean/repos",
                "site_admin": false,
                "starred_url": "https://api.github.com/users/keean/starred{/owner}{/repo}",
                "subscriptions_url": "https://api.github.com/users/keean/subscriptions",
                "type": "User",
                "url": "https://api.github.com/users/keean"
            }
        },
        {
            "author_association": "OWNER",
            "body": "There is a further small problem with the above, identity is effectively a constructor function, so the second example is not quite right. Infact we would have to introduce a new keyword to make `identity` a static function in C++ terminology. The first example (non-objects) is correct though.\n",
            "created_at": "2016-09-25T06:51:59Z",
            "html_url": "https://github.com/keean/zenscript/issues/10#issuecomment-249406188",
            "id": 249406188,
            "issue_url": "https://api.github.com/repos/keean/zenscript/issues/10",
            "node_id": "MDEyOklzc3VlQ29tbWVudDI0OTQwNjE4OA==",
            "updated_at": "2016-09-25T06:51:59Z",
            "url": "https://api.github.com/repos/keean/zenscript/issues/comments/249406188",
            "user": {
                "avatar_url": "https://avatars2.githubusercontent.com/u/508384?v=4",
                "events_url": "https://api.github.com/users/keean/events{/privacy}",
                "followers_url": "https://api.github.com/users/keean/followers",
                "following_url": "https://api.github.com/users/keean/following{/other_user}",
                "gists_url": "https://api.github.com/users/keean/gists{/gist_id}",
                "gravatar_id": "",
                "html_url": "https://github.com/keean",
                "id": 508384,
                "login": "keean",
                "node_id": "MDQ6VXNlcjUwODM4NA==",
                "organizations_url": "https://api.github.com/users/keean/orgs",
                "received_events_url": "https://api.github.com/users/keean/received_events",
                "repos_url": "https://api.github.com/users/keean/repos",
                "site_admin": false,
                "starred_url": "https://api.github.com/users/keean/starred{/owner}{/repo}",
                "subscriptions_url": "https://api.github.com/users/keean/subscriptions",
                "type": "User",
                "url": "https://api.github.com/users/keean"
            }
        },
        {
            "author_association": "NONE",
            "body": "@keean wrote:\n\n> ```\n> data List<T> = Nil | Cons{head: T, tail: List<T>}\n> typeclass Monoid<A> { \n>     identity(): A\n>     append(A, A): A\n> }\n> implement Monoid<List<A>> {\n>     identity() => Nil\n>     append(x) => Cons(x, this)\n> }\n> ```\n> \n> The above is how I would want to do it in a no-objects system.\n\nYour `append` doesn't make any sense. The `x` has to have the type of the elements of `List<A>`. What does `append(A, A): A` mean when you implement it with `append(x) => Cons(x, this)`?\n",
            "created_at": "2016-09-25T18:36:40Z",
            "html_url": "https://github.com/keean/zenscript/issues/10#issuecomment-249438132",
            "id": 249438132,
            "issue_url": "https://api.github.com/repos/keean/zenscript/issues/10",
            "node_id": "MDEyOklzc3VlQ29tbWVudDI0OTQzODEzMg==",
            "updated_at": "2016-09-25T18:39:25Z",
            "url": "https://api.github.com/repos/keean/zenscript/issues/comments/249438132",
            "user": {
                "avatar_url": "https://avatars3.githubusercontent.com/u/247731?v=4",
                "events_url": "https://api.github.com/users/shelby3/events{/privacy}",
                "followers_url": "https://api.github.com/users/shelby3/followers",
                "following_url": "https://api.github.com/users/shelby3/following{/other_user}",
                "gists_url": "https://api.github.com/users/shelby3/gists{/gist_id}",
                "gravatar_id": "",
                "html_url": "https://github.com/shelby3",
                "id": 247731,
                "login": "shelby3",
                "node_id": "MDQ6VXNlcjI0NzczMQ==",
                "organizations_url": "https://api.github.com/users/shelby3/orgs",
                "received_events_url": "https://api.github.com/users/shelby3/received_events",
                "repos_url": "https://api.github.com/users/shelby3/repos",
                "site_admin": false,
                "starred_url": "https://api.github.com/users/shelby3/starred{/owner}{/repo}",
                "subscriptions_url": "https://api.github.com/users/shelby3/subscriptions",
                "type": "User",
                "url": "https://api.github.com/users/shelby3"
            }
        },
        {
            "author_association": "OWNER",
            "body": "You are right, my implementation is wrong, but the type signature is correct, I was too quick cut-and-pasting from the posted code:\n\n```\nappend(x, y) => match(x):\n    Nil -> return y\n    Cons(h, t) -> Cons(h, append(t, y))\n```\n",
            "created_at": "2016-09-25T19:07:27Z",
            "html_url": "https://github.com/keean/zenscript/issues/10#issuecomment-249439958",
            "id": 249439958,
            "issue_url": "https://api.github.com/repos/keean/zenscript/issues/10",
            "node_id": "MDEyOklzc3VlQ29tbWVudDI0OTQzOTk1OA==",
            "updated_at": "2016-09-25T19:07:27Z",
            "url": "https://api.github.com/repos/keean/zenscript/issues/comments/249439958",
            "user": {
                "avatar_url": "https://avatars2.githubusercontent.com/u/508384?v=4",
                "events_url": "https://api.github.com/users/keean/events{/privacy}",
                "followers_url": "https://api.github.com/users/keean/followers",
                "following_url": "https://api.github.com/users/keean/following{/other_user}",
                "gists_url": "https://api.github.com/users/keean/gists{/gist_id}",
                "gravatar_id": "",
                "html_url": "https://github.com/keean",
                "id": 508384,
                "login": "keean",
                "node_id": "MDQ6VXNlcjUwODM4NA==",
                "organizations_url": "https://api.github.com/users/keean/orgs",
                "received_events_url": "https://api.github.com/users/keean/received_events",
                "repos_url": "https://api.github.com/users/keean/repos",
                "site_admin": false,
                "starred_url": "https://api.github.com/users/keean/starred{/owner}{/repo}",
                "subscriptions_url": "https://api.github.com/users/keean/subscriptions",
                "type": "User",
                "url": "https://api.github.com/users/keean"
            }
        },
        {
            "author_association": "NONE",
            "body": "@keean wrote:\n\n> ```\n> append(x, y) => match(x):\n>     Nil -> return y\n>     Cons(h, t) -> Cons(h, append(t, y))\n> ```\n\nYours is apparently the category theory correct Monoid and mine wasn't, but I don't see how you can implement the `sort` [generically for invariant](https://github.com/keean/zenscript/issues/8#issuecomment-249039330) `List` with the above? Will we have another typeclass interface that can return any range (by iterators) of itself cloned (can't be just a reference to an existing `Cons` because that will violate the invariance requirement of my use-case and also because must clone to take range of a `Cons` unless the list is aware of the concept of range with an end point other than `Nil`)? Or do we just use a clone typeclass to get a copy (so that there are no other references into our copy so we don't have to worry about violated invariance) and sort in place on that? But sort in place (generically) on a list is ~~very inefficient~~impossible/meaningless (must prepend each element in order).\n\nEdit: seems the most efficient way to sort a list is to convert it to an array, sort, then convert it back to list. So how to do that generically?\n\nSeems the only way is to have typeclass interface which converts to and from an array.\n\nPerhaps it is instructive that category theory doesn't help us, except maybe to warn of us to not try to do it with the incorrect Monoid example I showed.\n",
            "created_at": "2016-09-25T19:33:25Z",
            "html_url": "https://github.com/keean/zenscript/issues/10#issuecomment-249441549",
            "id": 249441549,
            "issue_url": "https://api.github.com/repos/keean/zenscript/issues/10",
            "node_id": "MDEyOklzc3VlQ29tbWVudDI0OTQ0MTU0OQ==",
            "updated_at": "2016-09-25T20:14:32Z",
            "url": "https://api.github.com/repos/keean/zenscript/issues/comments/249441549",
            "user": {
                "avatar_url": "https://avatars3.githubusercontent.com/u/247731?v=4",
                "events_url": "https://api.github.com/users/shelby3/events{/privacy}",
                "followers_url": "https://api.github.com/users/shelby3/followers",
                "following_url": "https://api.github.com/users/shelby3/following{/other_user}",
                "gists_url": "https://api.github.com/users/shelby3/gists{/gist_id}",
                "gravatar_id": "",
                "html_url": "https://github.com/shelby3",
                "id": 247731,
                "login": "shelby3",
                "node_id": "MDQ6VXNlcjI0NzczMQ==",
                "organizations_url": "https://api.github.com/users/shelby3/orgs",
                "received_events_url": "https://api.github.com/users/shelby3/received_events",
                "repos_url": "https://api.github.com/users/shelby3/repos",
                "site_admin": false,
                "starred_url": "https://api.github.com/users/shelby3/starred{/owner}{/repo}",
                "subscriptions_url": "https://api.github.com/users/shelby3/subscriptions",
                "type": "User",
                "url": "https://api.github.com/users/shelby3"
            }
        },
        {
            "author_association": "NONE",
            "body": "@keean wrote:\n\n> Infact we would have to introduce a new keyword to make identity a static function in C++ terminology.\n\nI showed how to do it in TypeScript using only type parameters. Perhaps you mean without the unsound runtime exceptions I had to use?\n",
            "created_at": "2016-09-25T19:40:24Z",
            "html_url": "https://github.com/keean/zenscript/issues/10#issuecomment-249441914",
            "id": 249441914,
            "issue_url": "https://api.github.com/repos/keean/zenscript/issues/10",
            "node_id": "MDEyOklzc3VlQ29tbWVudDI0OTQ0MTkxNA==",
            "updated_at": "2016-09-25T19:40:24Z",
            "url": "https://api.github.com/repos/keean/zenscript/issues/comments/249441914",
            "user": {
                "avatar_url": "https://avatars3.githubusercontent.com/u/247731?v=4",
                "events_url": "https://api.github.com/users/shelby3/events{/privacy}",
                "followers_url": "https://api.github.com/users/shelby3/followers",
                "following_url": "https://api.github.com/users/shelby3/following{/other_user}",
                "gists_url": "https://api.github.com/users/shelby3/gists{/gist_id}",
                "gravatar_id": "",
                "html_url": "https://github.com/shelby3",
                "id": 247731,
                "login": "shelby3",
                "node_id": "MDQ6VXNlcjI0NzczMQ==",
                "organizations_url": "https://api.github.com/users/shelby3/orgs",
                "received_events_url": "https://api.github.com/users/shelby3/received_events",
                "repos_url": "https://api.github.com/users/shelby3/repos",
                "site_admin": false,
                "starred_url": "https://api.github.com/users/shelby3/starred{/owner}{/repo}",
                "subscriptions_url": "https://api.github.com/users/shelby3/subscriptions",
                "type": "User",
                "url": "https://api.github.com/users/shelby3"
            }
        },
        {
            "author_association": "OWNER",
            "body": "To efficiently sort a list, try a merge-sort. Recursively split the list into two (can be done with references to the source list without changing it). When you get to single items take each item and put into a separate list. Then perform a merge operation on each pair of lists, repeatedly until only one list remains which will be sorted.\n\nThe merge operation uses three lists, two input and one output. whilst there is an element in both source lists, it takes the lowest head of the two (or highest depending on desired order) and pushes it into the output list removing it from the input list. This repeats until one or both input lists are empty. If both are empty the merge is finished, otherwise we push the remaining items into the output removing them from the input, as they will already be in order.\n",
            "created_at": "2016-09-27T07:44:03Z",
            "html_url": "https://github.com/keean/zenscript/issues/10#issuecomment-249790311",
            "id": 249790311,
            "issue_url": "https://api.github.com/repos/keean/zenscript/issues/10",
            "node_id": "MDEyOklzc3VlQ29tbWVudDI0OTc5MDMxMQ==",
            "updated_at": "2016-09-28T08:20:17Z",
            "url": "https://api.github.com/repos/keean/zenscript/issues/comments/249790311",
            "user": {
                "avatar_url": "https://avatars2.githubusercontent.com/u/508384?v=4",
                "events_url": "https://api.github.com/users/keean/events{/privacy}",
                "followers_url": "https://api.github.com/users/keean/followers",
                "following_url": "https://api.github.com/users/keean/following{/other_user}",
                "gists_url": "https://api.github.com/users/keean/gists{/gist_id}",
                "gravatar_id": "",
                "html_url": "https://github.com/keean",
                "id": 508384,
                "login": "keean",
                "node_id": "MDQ6VXNlcjUwODM4NA==",
                "organizations_url": "https://api.github.com/users/keean/orgs",
                "received_events_url": "https://api.github.com/users/keean/received_events",
                "repos_url": "https://api.github.com/users/keean/repos",
                "site_admin": false,
                "starred_url": "https://api.github.com/users/keean/starred{/owner}{/repo}",
                "subscriptions_url": "https://api.github.com/users/keean/subscriptions",
                "type": "User",
                "url": "https://api.github.com/users/keean"
            }
        },
        {
            "author_association": "NONE",
            "body": "Trade-off of [prematurely specializing](https://github.com/keean/zenscript/issues/16#issuecomment-251014117) the algorithm?\n",
            "created_at": "2016-10-03T02:21:51Z",
            "html_url": "https://github.com/keean/zenscript/issues/10#issuecomment-251014354",
            "id": 251014354,
            "issue_url": "https://api.github.com/repos/keean/zenscript/issues/10",
            "node_id": "MDEyOklzc3VlQ29tbWVudDI1MTAxNDM1NA==",
            "updated_at": "2016-10-03T02:22:20Z",
            "url": "https://api.github.com/repos/keean/zenscript/issues/comments/251014354",
            "user": {
                "avatar_url": "https://avatars3.githubusercontent.com/u/247731?v=4",
                "events_url": "https://api.github.com/users/shelby3/events{/privacy}",
                "followers_url": "https://api.github.com/users/shelby3/followers",
                "following_url": "https://api.github.com/users/shelby3/following{/other_user}",
                "gists_url": "https://api.github.com/users/shelby3/gists{/gist_id}",
                "gravatar_id": "",
                "html_url": "https://github.com/shelby3",
                "id": 247731,
                "login": "shelby3",
                "node_id": "MDQ6VXNlcjI0NzczMQ==",
                "organizations_url": "https://api.github.com/users/shelby3/orgs",
                "received_events_url": "https://api.github.com/users/shelby3/received_events",
                "repos_url": "https://api.github.com/users/shelby3/repos",
                "site_admin": false,
                "starred_url": "https://api.github.com/users/shelby3/starred{/owner}{/repo}",
                "subscriptions_url": "https://api.github.com/users/shelby3/subscriptions",
                "type": "User",
                "url": "https://api.github.com/users/shelby3"
            }
        },
        {
            "author_association": "NONE",
            "body": "Cross-referencing …\r\n\r\n@shelby3 [wrote](https://github.com/keean/zenscript/issues/27#issuecomment-302019116):\r\n> …\r\n> \r\n> #### Higher-kinded Types\r\n> \r\n> [Isomorphic](https://github.com/keean/zenscript/issues/27#issuecomment-252587142) to distilling the higher-_ranked_ issues, higher-_kinded_ types (aka HKT) are higher-order type constructors where the ‘kind’ means the “type” (aka meta-type) of a type constructor with [meta-type variables](http://stackoverflow.com/questions/3034264/haskell-weird-kinds-kind-of-is), e.g. kind of order 0 `*` for primitive types such as `Int`, kind of order 1 `* → *` for `List[T]` and `* → * → *` for `Either[A, B]`, and kind of order 2 `(* → *) → *` for `Functor[List[T]]` and `(* → * → *) → *` for `Functor[Either[A, B]]`. Higher-kinded types are required to generically (type safely) abstract over generics such as for [Functor.map](http://stackoverflow.com/questions/21170493/when-are-higher-kinded-types-useful/21174565/#answer-21174565) ([also](https://users.rust-lang.org/t/does-rust-really-need-higher-kinded-types/5531/9?u=shelby3)) and [iteration](https://users.rust-lang.org/t/does-rust-really-need-higher-kinded-types/5531/11). TypeScript [does not support](https://github.com/keean/zenscript/issues/13#issuecomment-249399737) HKT.",
            "created_at": "2017-05-17T16:51:45Z",
            "html_url": "https://github.com/keean/zenscript/issues/10#issuecomment-302151717",
            "id": 302151717,
            "issue_url": "https://api.github.com/repos/keean/zenscript/issues/10",
            "node_id": "MDEyOklzc3VlQ29tbWVudDMwMjE1MTcxNw==",
            "updated_at": "2017-05-20T18:49:05Z",
            "url": "https://api.github.com/repos/keean/zenscript/issues/comments/302151717",
            "user": {
                "avatar_url": "https://avatars3.githubusercontent.com/u/247731?v=4",
                "events_url": "https://api.github.com/users/shelby3/events{/privacy}",
                "followers_url": "https://api.github.com/users/shelby3/followers",
                "following_url": "https://api.github.com/users/shelby3/following{/other_user}",
                "gists_url": "https://api.github.com/users/shelby3/gists{/gist_id}",
                "gravatar_id": "",
                "html_url": "https://github.com/shelby3",
                "id": 247731,
                "login": "shelby3",
                "node_id": "MDQ6VXNlcjI0NzczMQ==",
                "organizations_url": "https://api.github.com/users/shelby3/orgs",
                "received_events_url": "https://api.github.com/users/shelby3/received_events",
                "repos_url": "https://api.github.com/users/shelby3/repos",
                "site_admin": false,
                "starred_url": "https://api.github.com/users/shelby3/starred{/owner}{/repo}",
                "subscriptions_url": "https://api.github.com/users/shelby3/subscriptions",
                "type": "User",
                "url": "https://api.github.com/users/shelby3"
            }
        },
        {
            "author_association": "NONE",
            "body": "We [must support HKT](https://github.com/keean/zenscript/issues/27#issuecomment-402699154).",
            "created_at": "2018-07-05T12:00:14Z",
            "html_url": "https://github.com/keean/zenscript/issues/10#issuecomment-402699287",
            "id": 402699287,
            "issue_url": "https://api.github.com/repos/keean/zenscript/issues/10",
            "node_id": "MDEyOklzc3VlQ29tbWVudDQwMjY5OTI4Nw==",
            "updated_at": "2018-07-05T12:00:14Z",
            "url": "https://api.github.com/repos/keean/zenscript/issues/comments/402699287",
            "user": {
                "avatar_url": "https://avatars3.githubusercontent.com/u/247731?v=4",
                "events_url": "https://api.github.com/users/shelby3/events{/privacy}",
                "followers_url": "https://api.github.com/users/shelby3/followers",
                "following_url": "https://api.github.com/users/shelby3/following{/other_user}",
                "gists_url": "https://api.github.com/users/shelby3/gists{/gist_id}",
                "gravatar_id": "",
                "html_url": "https://github.com/shelby3",
                "id": 247731,
                "login": "shelby3",
                "node_id": "MDQ6VXNlcjI0NzczMQ==",
                "organizations_url": "https://api.github.com/users/shelby3/orgs",
                "received_events_url": "https://api.github.com/users/shelby3/received_events",
                "repos_url": "https://api.github.com/users/shelby3/repos",
                "site_admin": false,
                "starred_url": "https://api.github.com/users/shelby3/starred{/owner}{/repo}",
                "subscriptions_url": "https://api.github.com/users/shelby3/subscriptions",
                "type": "User",
                "url": "https://api.github.com/users/shelby3"
            }
        }
    ],
    "comments": 11,
    "comments_url": "https://api.github.com/repos/keean/zenscript/issues/10/comments",
    "created_at": "2016-09-23T00:01:16Z",
    "event_data": [
        {
            "actor": {
                "avatar_url": "https://avatars2.githubusercontent.com/u/508384?v=4",
                "events_url": "https://api.github.com/users/keean/events{/privacy}",
                "followers_url": "https://api.github.com/users/keean/followers",
                "following_url": "https://api.github.com/users/keean/following{/other_user}",
                "gists_url": "https://api.github.com/users/keean/gists{/gist_id}",
                "gravatar_id": "",
                "html_url": "https://github.com/keean",
                "id": 508384,
                "login": "keean",
                "node_id": "MDQ6VXNlcjUwODM4NA==",
                "organizations_url": "https://api.github.com/users/keean/orgs",
                "received_events_url": "https://api.github.com/users/keean/received_events",
                "repos_url": "https://api.github.com/users/keean/repos",
                "site_admin": false,
                "starred_url": "https://api.github.com/users/keean/starred{/owner}{/repo}",
                "subscriptions_url": "https://api.github.com/users/keean/subscriptions",
                "type": "User",
                "url": "https://api.github.com/users/keean"
            },
            "commit_id": null,
            "commit_url": null,
            "created_at": "2016-09-25T18:36:40Z",
            "event": "mentioned",
            "id": 801572070,
            "node_id": "MDE0Ok1lbnRpb25lZEV2ZW50ODAxNTcyMDcw",
            "url": "https://api.github.com/repos/keean/zenscript/issues/events/801572070"
        },
        {
            "actor": {
                "avatar_url": "https://avatars2.githubusercontent.com/u/508384?v=4",
                "events_url": "https://api.github.com/users/keean/events{/privacy}",
                "followers_url": "https://api.github.com/users/keean/followers",
                "following_url": "https://api.github.com/users/keean/following{/other_user}",
                "gists_url": "https://api.github.com/users/keean/gists{/gist_id}",
                "gravatar_id": "",
                "html_url": "https://github.com/keean",
                "id": 508384,
                "login": "keean",
                "node_id": "MDQ6VXNlcjUwODM4NA==",
                "organizations_url": "https://api.github.com/users/keean/orgs",
                "received_events_url": "https://api.github.com/users/keean/received_events",
                "repos_url": "https://api.github.com/users/keean/repos",
                "site_admin": false,
                "starred_url": "https://api.github.com/users/keean/starred{/owner}{/repo}",
                "subscriptions_url": "https://api.github.com/users/keean/subscriptions",
                "type": "User",
                "url": "https://api.github.com/users/keean"
            },
            "commit_id": null,
            "commit_url": null,
            "created_at": "2016-09-25T18:36:40Z",
            "event": "subscribed",
            "id": 801572071,
            "node_id": "MDE1OlN1YnNjcmliZWRFdmVudDgwMTU3MjA3MQ==",
            "url": "https://api.github.com/repos/keean/zenscript/issues/events/801572071"
        },
        {
            "actor": {
                "avatar_url": "https://avatars2.githubusercontent.com/u/508384?v=4",
                "events_url": "https://api.github.com/users/keean/events{/privacy}",
                "followers_url": "https://api.github.com/users/keean/followers",
                "following_url": "https://api.github.com/users/keean/following{/other_user}",
                "gists_url": "https://api.github.com/users/keean/gists{/gist_id}",
                "gravatar_id": "",
                "html_url": "https://github.com/keean",
                "id": 508384,
                "login": "keean",
                "node_id": "MDQ6VXNlcjUwODM4NA==",
                "organizations_url": "https://api.github.com/users/keean/orgs",
                "received_events_url": "https://api.github.com/users/keean/received_events",
                "repos_url": "https://api.github.com/users/keean/repos",
                "site_admin": false,
                "starred_url": "https://api.github.com/users/keean/starred{/owner}{/repo}",
                "subscriptions_url": "https://api.github.com/users/keean/subscriptions",
                "type": "User",
                "url": "https://api.github.com/users/keean"
            },
            "commit_id": null,
            "commit_url": null,
            "created_at": "2016-09-25T19:33:25Z",
            "event": "mentioned",
            "id": 801585384,
            "node_id": "MDE0Ok1lbnRpb25lZEV2ZW50ODAxNTg1Mzg0",
            "url": "https://api.github.com/repos/keean/zenscript/issues/events/801585384"
        },
        {
            "actor": {
                "avatar_url": "https://avatars2.githubusercontent.com/u/508384?v=4",
                "events_url": "https://api.github.com/users/keean/events{/privacy}",
                "followers_url": "https://api.github.com/users/keean/followers",
                "following_url": "https://api.github.com/users/keean/following{/other_user}",
                "gists_url": "https://api.github.com/users/keean/gists{/gist_id}",
                "gravatar_id": "",
                "html_url": "https://github.com/keean",
                "id": 508384,
                "login": "keean",
                "node_id": "MDQ6VXNlcjUwODM4NA==",
                "organizations_url": "https://api.github.com/users/keean/orgs",
                "received_events_url": "https://api.github.com/users/keean/received_events",
                "repos_url": "https://api.github.com/users/keean/repos",
                "site_admin": false,
                "starred_url": "https://api.github.com/users/keean/starred{/owner}{/repo}",
                "subscriptions_url": "https://api.github.com/users/keean/subscriptions",
                "type": "User",
                "url": "https://api.github.com/users/keean"
            },
            "commit_id": null,
            "commit_url": null,
            "created_at": "2016-09-25T19:33:25Z",
            "event": "subscribed",
            "id": 801585385,
            "node_id": "MDE1OlN1YnNjcmliZWRFdmVudDgwMTU4NTM4NQ==",
            "url": "https://api.github.com/repos/keean/zenscript/issues/events/801585385"
        },
        {
            "actor": {
                "avatar_url": "https://avatars2.githubusercontent.com/u/508384?v=4",
                "events_url": "https://api.github.com/users/keean/events{/privacy}",
                "followers_url": "https://api.github.com/users/keean/followers",
                "following_url": "https://api.github.com/users/keean/following{/other_user}",
                "gists_url": "https://api.github.com/users/keean/gists{/gist_id}",
                "gravatar_id": "",
                "html_url": "https://github.com/keean",
                "id": 508384,
                "login": "keean",
                "node_id": "MDQ6VXNlcjUwODM4NA==",
                "organizations_url": "https://api.github.com/users/keean/orgs",
                "received_events_url": "https://api.github.com/users/keean/received_events",
                "repos_url": "https://api.github.com/users/keean/repos",
                "site_admin": false,
                "starred_url": "https://api.github.com/users/keean/starred{/owner}{/repo}",
                "subscriptions_url": "https://api.github.com/users/keean/subscriptions",
                "type": "User",
                "url": "https://api.github.com/users/keean"
            },
            "commit_id": null,
            "commit_url": null,
            "created_at": "2016-09-25T19:40:24Z",
            "event": "mentioned",
            "id": 801587007,
            "node_id": "MDE0Ok1lbnRpb25lZEV2ZW50ODAxNTg3MDA3",
            "url": "https://api.github.com/repos/keean/zenscript/issues/events/801587007"
        },
        {
            "actor": {
                "avatar_url": "https://avatars2.githubusercontent.com/u/508384?v=4",
                "events_url": "https://api.github.com/users/keean/events{/privacy}",
                "followers_url": "https://api.github.com/users/keean/followers",
                "following_url": "https://api.github.com/users/keean/following{/other_user}",
                "gists_url": "https://api.github.com/users/keean/gists{/gist_id}",
                "gravatar_id": "",
                "html_url": "https://github.com/keean",
                "id": 508384,
                "login": "keean",
                "node_id": "MDQ6VXNlcjUwODM4NA==",
                "organizations_url": "https://api.github.com/users/keean/orgs",
                "received_events_url": "https://api.github.com/users/keean/received_events",
                "repos_url": "https://api.github.com/users/keean/repos",
                "site_admin": false,
                "starred_url": "https://api.github.com/users/keean/starred{/owner}{/repo}",
                "subscriptions_url": "https://api.github.com/users/keean/subscriptions",
                "type": "User",
                "url": "https://api.github.com/users/keean"
            },
            "commit_id": null,
            "commit_url": null,
            "created_at": "2016-09-25T19:40:24Z",
            "event": "subscribed",
            "id": 801587009,
            "node_id": "MDE1OlN1YnNjcmliZWRFdmVudDgwMTU4NzAwOQ==",
            "url": "https://api.github.com/repos/keean/zenscript/issues/events/801587009"
        },
        {
            "actor": {
                "avatar_url": "https://avatars3.githubusercontent.com/u/247731?v=4",
                "events_url": "https://api.github.com/users/shelby3/events{/privacy}",
                "followers_url": "https://api.github.com/users/shelby3/followers",
                "following_url": "https://api.github.com/users/shelby3/following{/other_user}",
                "gists_url": "https://api.github.com/users/shelby3/gists{/gist_id}",
                "gravatar_id": "",
                "html_url": "https://github.com/shelby3",
                "id": 247731,
                "login": "shelby3",
                "node_id": "MDQ6VXNlcjI0NzczMQ==",
                "organizations_url": "https://api.github.com/users/shelby3/orgs",
                "received_events_url": "https://api.github.com/users/shelby3/received_events",
                "repos_url": "https://api.github.com/users/shelby3/repos",
                "site_admin": false,
                "starred_url": "https://api.github.com/users/shelby3/starred{/owner}{/repo}",
                "subscriptions_url": "https://api.github.com/users/shelby3/subscriptions",
                "type": "User",
                "url": "https://api.github.com/users/shelby3"
            },
            "commit_id": null,
            "commit_url": null,
            "created_at": "2017-05-17T16:51:45Z",
            "event": "mentioned",
            "id": 1086364030,
            "node_id": "MDE0Ok1lbnRpb25lZEV2ZW50MTA4NjM2NDAzMA==",
            "url": "https://api.github.com/repos/keean/zenscript/issues/events/1086364030"
        },
        {
            "actor": {
                "avatar_url": "https://avatars3.githubusercontent.com/u/247731?v=4",
                "events_url": "https://api.github.com/users/shelby3/events{/privacy}",
                "followers_url": "https://api.github.com/users/shelby3/followers",
                "following_url": "https://api.github.com/users/shelby3/following{/other_user}",
                "gists_url": "https://api.github.com/users/shelby3/gists{/gist_id}",
                "gravatar_id": "",
                "html_url": "https://github.com/shelby3",
                "id": 247731,
                "login": "shelby3",
                "node_id": "MDQ6VXNlcjI0NzczMQ==",
                "organizations_url": "https://api.github.com/users/shelby3/orgs",
                "received_events_url": "https://api.github.com/users/shelby3/received_events",
                "repos_url": "https://api.github.com/users/shelby3/repos",
                "site_admin": false,
                "starred_url": "https://api.github.com/users/shelby3/starred{/owner}{/repo}",
                "subscriptions_url": "https://api.github.com/users/shelby3/subscriptions",
                "type": "User",
                "url": "https://api.github.com/users/shelby3"
            },
            "commit_id": null,
            "commit_url": null,
            "created_at": "2017-05-17T16:51:45Z",
            "event": "subscribed",
            "id": 1086364032,
            "node_id": "MDE1OlN1YnNjcmliZWRFdmVudDEwODYzNjQwMzI=",
            "url": "https://api.github.com/repos/keean/zenscript/issues/events/1086364032"
        },
        {
            "actor": {
                "avatar_url": "https://avatars2.githubusercontent.com/u/508384?v=4",
                "events_url": "https://api.github.com/users/keean/events{/privacy}",
                "followers_url": "https://api.github.com/users/keean/followers",
                "following_url": "https://api.github.com/users/keean/following{/other_user}",
                "gists_url": "https://api.github.com/users/keean/gists{/gist_id}",
                "gravatar_id": "",
                "html_url": "https://github.com/keean",
                "id": 508384,
                "login": "keean",
                "node_id": "MDQ6VXNlcjUwODM4NA==",
                "organizations_url": "https://api.github.com/users/keean/orgs",
                "received_events_url": "https://api.github.com/users/keean/received_events",
                "repos_url": "https://api.github.com/users/keean/repos",
                "site_admin": false,
                "starred_url": "https://api.github.com/users/keean/starred{/owner}{/repo}",
                "subscriptions_url": "https://api.github.com/users/keean/subscriptions",
                "type": "User",
                "url": "https://api.github.com/users/keean"
            },
            "commit_id": null,
            "commit_url": null,
            "created_at": "2018-01-08T07:11:05Z",
            "event": "mentioned",
            "id": 1413131336,
            "node_id": "MDE0Ok1lbnRpb25lZEV2ZW50MTQxMzEzMTMzNg==",
            "url": "https://api.github.com/repos/keean/zenscript/issues/events/1413131336"
        },
        {
            "actor": {
                "avatar_url": "https://avatars2.githubusercontent.com/u/508384?v=4",
                "events_url": "https://api.github.com/users/keean/events{/privacy}",
                "followers_url": "https://api.github.com/users/keean/followers",
                "following_url": "https://api.github.com/users/keean/following{/other_user}",
                "gists_url": "https://api.github.com/users/keean/gists{/gist_id}",
                "gravatar_id": "",
                "html_url": "https://github.com/keean",
                "id": 508384,
                "login": "keean",
                "node_id": "MDQ6VXNlcjUwODM4NA==",
                "organizations_url": "https://api.github.com/users/keean/orgs",
                "received_events_url": "https://api.github.com/users/keean/received_events",
                "repos_url": "https://api.github.com/users/keean/repos",
                "site_admin": false,
                "starred_url": "https://api.github.com/users/keean/starred{/owner}{/repo}",
                "subscriptions_url": "https://api.github.com/users/keean/subscriptions",
                "type": "User",
                "url": "https://api.github.com/users/keean"
            },
            "commit_id": null,
            "commit_url": null,
            "created_at": "2018-01-08T07:11:05Z",
            "event": "subscribed",
            "id": 1413131337,
            "node_id": "MDE1OlN1YnNjcmliZWRFdmVudDE0MTMxMzEzMzc=",
            "url": "https://api.github.com/repos/keean/zenscript/issues/events/1413131337"
        }
    ],
    "events_url": "https://api.github.com/repos/keean/zenscript/issues/10/events",
    "html_url": "https://github.com/keean/zenscript/issues/10",
    "id": 178750837,
    "labels": [],
    "labels_url": "https://api.github.com/repos/keean/zenscript/issues/10/labels{/name}",
    "locked": false,
    "milestone": null,
    "node_id": "MDU6SXNzdWUxNzg3NTA4Mzc=",
    "number": 10,
    "repository_url": "https://api.github.com/repos/keean/zenscript",
    "state": "open",
    "title": "Higher-kinds",
    "updated_at": "2018-07-05T12:00:14Z",
    "url": "https://api.github.com/repos/keean/zenscript/issues/10",
    "user": {
        "avatar_url": "https://avatars3.githubusercontent.com/u/247731?v=4",
        "events_url": "https://api.github.com/users/shelby3/events{/privacy}",
        "followers_url": "https://api.github.com/users/shelby3/followers",
        "following_url": "https://api.github.com/users/shelby3/following{/other_user}",
        "gists_url": "https://api.github.com/users/shelby3/gists{/gist_id}",
        "gravatar_id": "",
        "html_url": "https://github.com/shelby3",
        "id": 247731,
        "login": "shelby3",
        "node_id": "MDQ6VXNlcjI0NzczMQ==",
        "organizations_url": "https://api.github.com/users/shelby3/orgs",
        "received_events_url": "https://api.github.com/users/shelby3/received_events",
        "repos_url": "https://api.github.com/users/shelby3/repos",
        "site_admin": false,
        "starred_url": "https://api.github.com/users/shelby3/starred{/owner}{/repo}",
        "subscriptions_url": "https://api.github.com/users/shelby3/subscriptions",
        "type": "User",
        "url": "https://api.github.com/users/shelby3"
    }
}