{
    "assignee": null,
    "assignees": [],
    "author_association": "NONE",
    "body": "I need a working language pronto. As in last week I needed it. Not next week, not next month.\n\nIt will take us many months if not year or more before we can produce a stable language and compiler. Also we are [having some disagreement](https://github.com/keean/zenscript/issues/8) (lack of mutual understanding) about how to handle the type theory of the compiler.\n\nSo I suggest we first decide on the syntax, so we (I) can produce a transpiler to PureScript and then use PureScript as the compiler. This would fast track testing the design of our syntax in working programs.\n\nPureScript is lacking first-class, structural anonymous unions, so we won't be able to support that feature. Appears PureScript can support all our other features such `data`, typeclasses, and typeclass objects.\n\nI want something tangible for my effort pronto. I don't want to go off on some long-winded effort, before getting feedback on the utility of our new syntax and concept.\n\nI think an incremental approach to engineering is usually best. Design, implement, test, and repeat.\n\n@keean what do you think?\n",
    "closed_at": "2016-09-24T02:14:50Z",
    "comment_data": [
        {
            "author_association": "NONE",
            "body": "The problem is how to side-step the purity and lack of imperativity of PureScript while gaining its typechecker.\n\nI thought about employing [the FFI](https://leanpub.com/purescript/read#leanpub-auto-the-foreign-function-interface) in that for the body of every function we emit, we place it in a JavaScript function and call it from the body of the emitting PureScript function. But then we lose typechecking within the body of the function, which we need in order for PureScript to typecheck the call sites.\n\nPerhaps we could devise some transpiling (without type checking on our end?) from our syntax to [the do notation](https://leanpub.com/purescript/read#leanpub-auto-monads-and-do-notation)? Probably not. :disappointed: \n\nClosing this because it is not feasible to do without building a type checker, which defeats the point.\n",
            "created_at": "2016-09-24T02:14:50Z",
            "html_url": "https://github.com/keean/zenscript/issues/12#issuecomment-249339202",
            "id": 249339202,
            "issue_url": "https://api.github.com/repos/keean/zenscript/issues/12",
            "node_id": "MDEyOklzc3VlQ29tbWVudDI0OTMzOTIwMg==",
            "updated_at": "2016-09-24T14:22:57Z",
            "url": "https://api.github.com/repos/keean/zenscript/issues/comments/249339202",
            "user": {
                "avatar_url": "https://avatars3.githubusercontent.com/u/247731?v=4",
                "events_url": "https://api.github.com/users/shelby3/events{/privacy}",
                "followers_url": "https://api.github.com/users/shelby3/followers",
                "following_url": "https://api.github.com/users/shelby3/following{/other_user}",
                "gists_url": "https://api.github.com/users/shelby3/gists{/gist_id}",
                "gravatar_id": "",
                "html_url": "https://github.com/shelby3",
                "id": 247731,
                "login": "shelby3",
                "node_id": "MDQ6VXNlcjI0NzczMQ==",
                "organizations_url": "https://api.github.com/users/shelby3/orgs",
                "received_events_url": "https://api.github.com/users/shelby3/received_events",
                "repos_url": "https://api.github.com/users/shelby3/repos",
                "site_admin": false,
                "starred_url": "https://api.github.com/users/shelby3/starred{/owner}{/repo}",
                "subscriptions_url": "https://api.github.com/users/shelby3/subscriptions",
                "type": "User",
                "url": "https://api.github.com/users/shelby3"
            }
        },
        {
            "author_association": "NONE",
            "body": "@keean please assign label \"Rejected\".\n",
            "created_at": "2016-09-24T02:16:18Z",
            "html_url": "https://github.com/keean/zenscript/issues/12#issuecomment-249339273",
            "id": 249339273,
            "issue_url": "https://api.github.com/repos/keean/zenscript/issues/12",
            "node_id": "MDEyOklzc3VlQ29tbWVudDI0OTMzOTI3Mw==",
            "updated_at": "2016-09-24T02:16:18Z",
            "url": "https://api.github.com/repos/keean/zenscript/issues/comments/249339273",
            "user": {
                "avatar_url": "https://avatars3.githubusercontent.com/u/247731?v=4",
                "events_url": "https://api.github.com/users/shelby3/events{/privacy}",
                "followers_url": "https://api.github.com/users/shelby3/followers",
                "following_url": "https://api.github.com/users/shelby3/following{/other_user}",
                "gists_url": "https://api.github.com/users/shelby3/gists{/gist_id}",
                "gravatar_id": "",
                "html_url": "https://github.com/shelby3",
                "id": 247731,
                "login": "shelby3",
                "node_id": "MDQ6VXNlcjI0NzczMQ==",
                "organizations_url": "https://api.github.com/users/shelby3/orgs",
                "received_events_url": "https://api.github.com/users/shelby3/received_events",
                "repos_url": "https://api.github.com/users/shelby3/repos",
                "site_admin": false,
                "starred_url": "https://api.github.com/users/shelby3/starred{/owner}{/repo}",
                "subscriptions_url": "https://api.github.com/users/shelby3/subscriptions",
                "type": "User",
                "url": "https://api.github.com/users/shelby3"
            }
        }
    ],
    "comments": 2,
    "comments_url": "https://api.github.com/repos/keean/zenscript/issues/12/comments",
    "created_at": "2016-09-23T23:12:50Z",
    "event_data": [
        {
            "actor": {
                "avatar_url": "https://avatars2.githubusercontent.com/u/508384?v=4",
                "events_url": "https://api.github.com/users/keean/events{/privacy}",
                "followers_url": "https://api.github.com/users/keean/followers",
                "following_url": "https://api.github.com/users/keean/following{/other_user}",
                "gists_url": "https://api.github.com/users/keean/gists{/gist_id}",
                "gravatar_id": "",
                "html_url": "https://github.com/keean",
                "id": 508384,
                "login": "keean",
                "node_id": "MDQ6VXNlcjUwODM4NA==",
                "organizations_url": "https://api.github.com/users/keean/orgs",
                "received_events_url": "https://api.github.com/users/keean/received_events",
                "repos_url": "https://api.github.com/users/keean/repos",
                "site_admin": false,
                "starred_url": "https://api.github.com/users/keean/starred{/owner}{/repo}",
                "subscriptions_url": "https://api.github.com/users/keean/subscriptions",
                "type": "User",
                "url": "https://api.github.com/users/keean"
            },
            "commit_id": null,
            "commit_url": null,
            "created_at": "2016-09-23T23:12:50Z",
            "event": "mentioned",
            "id": 801070478,
            "node_id": "MDE0Ok1lbnRpb25lZEV2ZW50ODAxMDcwNDc4",
            "url": "https://api.github.com/repos/keean/zenscript/issues/events/801070478"
        },
        {
            "actor": {
                "avatar_url": "https://avatars2.githubusercontent.com/u/508384?v=4",
                "events_url": "https://api.github.com/users/keean/events{/privacy}",
                "followers_url": "https://api.github.com/users/keean/followers",
                "following_url": "https://api.github.com/users/keean/following{/other_user}",
                "gists_url": "https://api.github.com/users/keean/gists{/gist_id}",
                "gravatar_id": "",
                "html_url": "https://github.com/keean",
                "id": 508384,
                "login": "keean",
                "node_id": "MDQ6VXNlcjUwODM4NA==",
                "organizations_url": "https://api.github.com/users/keean/orgs",
                "received_events_url": "https://api.github.com/users/keean/received_events",
                "repos_url": "https://api.github.com/users/keean/repos",
                "site_admin": false,
                "starred_url": "https://api.github.com/users/keean/starred{/owner}{/repo}",
                "subscriptions_url": "https://api.github.com/users/keean/subscriptions",
                "type": "User",
                "url": "https://api.github.com/users/keean"
            },
            "commit_id": null,
            "commit_url": null,
            "created_at": "2016-09-23T23:12:50Z",
            "event": "subscribed",
            "id": 801070479,
            "node_id": "MDE1OlN1YnNjcmliZWRFdmVudDgwMTA3MDQ3OQ==",
            "url": "https://api.github.com/repos/keean/zenscript/issues/events/801070479"
        },
        {
            "actor": {
                "avatar_url": "https://avatars3.githubusercontent.com/u/247731?v=4",
                "events_url": "https://api.github.com/users/shelby3/events{/privacy}",
                "followers_url": "https://api.github.com/users/shelby3/followers",
                "following_url": "https://api.github.com/users/shelby3/following{/other_user}",
                "gists_url": "https://api.github.com/users/shelby3/gists{/gist_id}",
                "gravatar_id": "",
                "html_url": "https://github.com/shelby3",
                "id": 247731,
                "login": "shelby3",
                "node_id": "MDQ6VXNlcjI0NzczMQ==",
                "organizations_url": "https://api.github.com/users/shelby3/orgs",
                "received_events_url": "https://api.github.com/users/shelby3/received_events",
                "repos_url": "https://api.github.com/users/shelby3/repos",
                "site_admin": false,
                "starred_url": "https://api.github.com/users/shelby3/starred{/owner}{/repo}",
                "subscriptions_url": "https://api.github.com/users/shelby3/subscriptions",
                "type": "User",
                "url": "https://api.github.com/users/shelby3"
            },
            "commit_id": null,
            "commit_url": null,
            "created_at": "2016-09-24T02:14:50Z",
            "event": "closed",
            "id": 801142157,
            "node_id": "MDExOkNsb3NlZEV2ZW50ODAxMTQyMTU3",
            "url": "https://api.github.com/repos/keean/zenscript/issues/events/801142157"
        },
        {
            "actor": {
                "avatar_url": "https://avatars2.githubusercontent.com/u/508384?v=4",
                "events_url": "https://api.github.com/users/keean/events{/privacy}",
                "followers_url": "https://api.github.com/users/keean/followers",
                "following_url": "https://api.github.com/users/keean/following{/other_user}",
                "gists_url": "https://api.github.com/users/keean/gists{/gist_id}",
                "gravatar_id": "",
                "html_url": "https://github.com/keean",
                "id": 508384,
                "login": "keean",
                "node_id": "MDQ6VXNlcjUwODM4NA==",
                "organizations_url": "https://api.github.com/users/keean/orgs",
                "received_events_url": "https://api.github.com/users/keean/received_events",
                "repos_url": "https://api.github.com/users/keean/repos",
                "site_admin": false,
                "starred_url": "https://api.github.com/users/keean/starred{/owner}{/repo}",
                "subscriptions_url": "https://api.github.com/users/keean/subscriptions",
                "type": "User",
                "url": "https://api.github.com/users/keean"
            },
            "commit_id": null,
            "commit_url": null,
            "created_at": "2016-09-24T02:16:18Z",
            "event": "mentioned",
            "id": 801142443,
            "node_id": "MDE0Ok1lbnRpb25lZEV2ZW50ODAxMTQyNDQz",
            "url": "https://api.github.com/repos/keean/zenscript/issues/events/801142443"
        },
        {
            "actor": {
                "avatar_url": "https://avatars2.githubusercontent.com/u/508384?v=4",
                "events_url": "https://api.github.com/users/keean/events{/privacy}",
                "followers_url": "https://api.github.com/users/keean/followers",
                "following_url": "https://api.github.com/users/keean/following{/other_user}",
                "gists_url": "https://api.github.com/users/keean/gists{/gist_id}",
                "gravatar_id": "",
                "html_url": "https://github.com/keean",
                "id": 508384,
                "login": "keean",
                "node_id": "MDQ6VXNlcjUwODM4NA==",
                "organizations_url": "https://api.github.com/users/keean/orgs",
                "received_events_url": "https://api.github.com/users/keean/received_events",
                "repos_url": "https://api.github.com/users/keean/repos",
                "site_admin": false,
                "starred_url": "https://api.github.com/users/keean/starred{/owner}{/repo}",
                "subscriptions_url": "https://api.github.com/users/keean/subscriptions",
                "type": "User",
                "url": "https://api.github.com/users/keean"
            },
            "commit_id": null,
            "commit_url": null,
            "created_at": "2016-09-24T02:16:18Z",
            "event": "subscribed",
            "id": 801142444,
            "node_id": "MDE1OlN1YnNjcmliZWRFdmVudDgwMTE0MjQ0NA==",
            "url": "https://api.github.com/repos/keean/zenscript/issues/events/801142444"
        },
        {
            "actor": {
                "avatar_url": "https://avatars2.githubusercontent.com/u/508384?v=4",
                "events_url": "https://api.github.com/users/keean/events{/privacy}",
                "followers_url": "https://api.github.com/users/keean/followers",
                "following_url": "https://api.github.com/users/keean/following{/other_user}",
                "gists_url": "https://api.github.com/users/keean/gists{/gist_id}",
                "gravatar_id": "",
                "html_url": "https://github.com/keean",
                "id": 508384,
                "login": "keean",
                "node_id": "MDQ6VXNlcjUwODM4NA==",
                "organizations_url": "https://api.github.com/users/keean/orgs",
                "received_events_url": "https://api.github.com/users/keean/received_events",
                "repos_url": "https://api.github.com/users/keean/repos",
                "site_admin": false,
                "starred_url": "https://api.github.com/users/keean/starred{/owner}{/repo}",
                "subscriptions_url": "https://api.github.com/users/keean/subscriptions",
                "type": "User",
                "url": "https://api.github.com/users/keean"
            },
            "commit_id": null,
            "commit_url": null,
            "created_at": "2016-09-24T07:31:50Z",
            "event": "labeled",
            "id": 801196558,
            "label": {
                "color": "b60205",
                "name": "Rejected"
            },
            "node_id": "MDEyOkxhYmVsZWRFdmVudDgwMTE5NjU1OA==",
            "url": "https://api.github.com/repos/keean/zenscript/issues/events/801196558"
        }
    ],
    "events_url": "https://api.github.com/repos/keean/zenscript/issues/12/events",
    "html_url": "https://github.com/keean/zenscript/issues/12",
    "id": 178992104,
    "labels": [
        {
            "color": "b60205",
            "default": false,
            "id": 448718814,
            "name": "Rejected",
            "node_id": "MDU6TGFiZWw0NDg3MTg4MTQ=",
            "url": "https://api.github.com/repos/keean/zenscript/labels/Rejected"
        }
    ],
    "labels_url": "https://api.github.com/repos/keean/zenscript/issues/12/labels{/name}",
    "locked": false,
    "milestone": null,
    "node_id": "MDU6SXNzdWUxNzg5OTIxMDQ=",
    "number": 12,
    "repository_url": "https://api.github.com/repos/keean/zenscript",
    "state": "closed",
    "title": "Fast track transpiling to PureScript?",
    "updated_at": "2016-09-24T14:22:57Z",
    "url": "https://api.github.com/repos/keean/zenscript/issues/12",
    "user": {
        "avatar_url": "https://avatars3.githubusercontent.com/u/247731?v=4",
        "events_url": "https://api.github.com/users/shelby3/events{/privacy}",
        "followers_url": "https://api.github.com/users/shelby3/followers",
        "following_url": "https://api.github.com/users/shelby3/following{/other_user}",
        "gists_url": "https://api.github.com/users/shelby3/gists{/gist_id}",
        "gravatar_id": "",
        "html_url": "https://github.com/shelby3",
        "id": 247731,
        "login": "shelby3",
        "node_id": "MDQ6VXNlcjI0NzczMQ==",
        "organizations_url": "https://api.github.com/users/shelby3/orgs",
        "received_events_url": "https://api.github.com/users/shelby3/received_events",
        "repos_url": "https://api.github.com/users/shelby3/repos",
        "site_admin": false,
        "starred_url": "https://api.github.com/users/shelby3/starred{/owner}{/repo}",
        "subscriptions_url": "https://api.github.com/users/shelby3/subscriptions",
        "type": "User",
        "url": "https://api.github.com/users/shelby3"
    }
}