{
    "assignee": null,
    "assignees": [],
    "author_association": "NONE",
    "body": "I've been waffling about the expressive power of delegation for a while, so I wonder if we can express delegation as part of type classes (ordinarily, they sorta work like subclassing, or maybe reverse subclassing).\n\nI'll start vague and let you guys correct me to get to a more formal solution. Basically, what I want to do is make it so you can change the traits implemented for a type.\n\nSomething like this (sorry for the pseudo-syntax, I haven't quite come to grips yet with proposed syntax):\n\n``` C#\n// We have type A\ntype A\n\n// And a trait B, which defines a method X\ntrait B {\n  x()\n}\n\n// We implement X for A\nimplement B for A {\n  x() { return \"hello\" }\n}\n\n// Type B delegates to generic T\ntype B<T> delegatesTo T\n\n// We construct a variable b of type B<A>\nlet b = new B<A>();\n\n// This works, because delegation means any traits defined for A can be used for B\nx(b)\n\n// We define a new type C, which has no traits implemented\ntype C\n\n// We mutate variable b, so that it becomes type B<C>\nb: B<C> = setDelegationTo(b, typeof C)\n\n// This will now produce a compiler error, because method X is no longer defined for b\nx(b) // won't compile\n```\n\nThe reason why such a delegation scheme would be interesting is outlined in this paper: http://www.cs.cmu.edu/~aldrich/papers/rdl04.pdf\n",
    "closed_at": null,
    "comment_data": [
        {
            "author_association": "NONE",
            "body": "Comment removed, I realized it's unnecessary, code above edited.\n",
            "created_at": "2016-09-27T20:39:56Z",
            "html_url": "https://github.com/keean/zenscript/issues/19#issuecomment-249991451",
            "id": 249991451,
            "issue_url": "https://api.github.com/repos/keean/zenscript/issues/19",
            "node_id": "MDEyOklzc3VlQ29tbWVudDI0OTk5MTQ1MQ==",
            "updated_at": "2016-09-27T20:41:40Z",
            "url": "https://api.github.com/repos/keean/zenscript/issues/comments/249991451",
            "user": {
                "avatar_url": "https://avatars2.githubusercontent.com/u/4284735?v=4",
                "events_url": "https://api.github.com/users/SimonMeskens/events{/privacy}",
                "followers_url": "https://api.github.com/users/SimonMeskens/followers",
                "following_url": "https://api.github.com/users/SimonMeskens/following{/other_user}",
                "gists_url": "https://api.github.com/users/SimonMeskens/gists{/gist_id}",
                "gravatar_id": "",
                "html_url": "https://github.com/SimonMeskens",
                "id": 4284735,
                "login": "SimonMeskens",
                "node_id": "MDQ6VXNlcjQyODQ3MzU=",
                "organizations_url": "https://api.github.com/users/SimonMeskens/orgs",
                "received_events_url": "https://api.github.com/users/SimonMeskens/received_events",
                "repos_url": "https://api.github.com/users/SimonMeskens/repos",
                "site_admin": false,
                "starred_url": "https://api.github.com/users/SimonMeskens/starred{/owner}{/repo}",
                "subscriptions_url": "https://api.github.com/users/SimonMeskens/subscriptions",
                "type": "User",
                "url": "https://api.github.com/users/SimonMeskens"
            }
        },
        {
            "author_association": "NONE",
            "body": "Also, note that to delegate to a type, you need to reference a record of that type. Variable `b` would store a reference to a variable of type `a`. This is commonly called a `prototype`. How to specifically set this up, I didn't address yet in my example, assume for now that the constructor of B takes care of that and that `setDelegationTo` changes this reference to a different record. The focus is, for now, on the delegation typing part.\n",
            "created_at": "2016-09-27T20:45:58Z",
            "html_url": "https://github.com/keean/zenscript/issues/19#issuecomment-249993103",
            "id": 249993103,
            "issue_url": "https://api.github.com/repos/keean/zenscript/issues/19",
            "node_id": "MDEyOklzc3VlQ29tbWVudDI0OTk5MzEwMw==",
            "updated_at": "2016-09-27T20:45:58Z",
            "url": "https://api.github.com/repos/keean/zenscript/issues/comments/249993103",
            "user": {
                "avatar_url": "https://avatars2.githubusercontent.com/u/4284735?v=4",
                "events_url": "https://api.github.com/users/SimonMeskens/events{/privacy}",
                "followers_url": "https://api.github.com/users/SimonMeskens/followers",
                "following_url": "https://api.github.com/users/SimonMeskens/following{/other_user}",
                "gists_url": "https://api.github.com/users/SimonMeskens/gists{/gist_id}",
                "gravatar_id": "",
                "html_url": "https://github.com/SimonMeskens",
                "id": 4284735,
                "login": "SimonMeskens",
                "node_id": "MDQ6VXNlcjQyODQ3MzU=",
                "organizations_url": "https://api.github.com/users/SimonMeskens/orgs",
                "received_events_url": "https://api.github.com/users/SimonMeskens/received_events",
                "repos_url": "https://api.github.com/users/SimonMeskens/repos",
                "site_admin": false,
                "starred_url": "https://api.github.com/users/SimonMeskens/starred{/owner}{/repo}",
                "subscriptions_url": "https://api.github.com/users/SimonMeskens/subscriptions",
                "type": "User",
                "url": "https://api.github.com/users/SimonMeskens"
            }
        }
    ],
    "comments": 2,
    "comments_url": "https://api.github.com/repos/keean/zenscript/issues/19/comments",
    "created_at": "2016-09-27T20:37:05Z",
    "event_data": [],
    "events_url": "https://api.github.com/repos/keean/zenscript/issues/19/events",
    "html_url": "https://github.com/keean/zenscript/issues/19",
    "id": 179606579,
    "labels": [],
    "labels_url": "https://api.github.com/repos/keean/zenscript/issues/19/labels{/name}",
    "locked": false,
    "milestone": null,
    "node_id": "MDU6SXNzdWUxNzk2MDY1Nzk=",
    "number": 19,
    "repository_url": "https://api.github.com/repos/keean/zenscript",
    "state": "open",
    "title": "Delegation through type classes",
    "updated_at": "2016-09-27T20:47:12Z",
    "url": "https://api.github.com/repos/keean/zenscript/issues/19",
    "user": {
        "avatar_url": "https://avatars2.githubusercontent.com/u/4284735?v=4",
        "events_url": "https://api.github.com/users/SimonMeskens/events{/privacy}",
        "followers_url": "https://api.github.com/users/SimonMeskens/followers",
        "following_url": "https://api.github.com/users/SimonMeskens/following{/other_user}",
        "gists_url": "https://api.github.com/users/SimonMeskens/gists{/gist_id}",
        "gravatar_id": "",
        "html_url": "https://github.com/SimonMeskens",
        "id": 4284735,
        "login": "SimonMeskens",
        "node_id": "MDQ6VXNlcjQyODQ3MzU=",
        "organizations_url": "https://api.github.com/users/SimonMeskens/orgs",
        "received_events_url": "https://api.github.com/users/SimonMeskens/received_events",
        "repos_url": "https://api.github.com/users/SimonMeskens/repos",
        "site_admin": false,
        "starred_url": "https://api.github.com/users/SimonMeskens/starred{/owner}{/repo}",
        "subscriptions_url": "https://api.github.com/users/SimonMeskens/subscriptions",
        "type": "User",
        "url": "https://api.github.com/users/SimonMeskens"
    }
}