{
    "assignee": null,
    "assignees": [],
    "author_association": "OWNER",
    "body": "I will keep this top-post up to date. Starting with a program in a file ending '.zs':\n\n``` js\nlet id2 = (x) =>\n    let id = (x) => x\n    let y = id(x)\n    return y\nid2(42)\n```\n\nCompile using:\n\n```\nnode src/compiler.js t1.zs\n```\n\nThis will output a JavaScript file called t1.js\n\n``` js\nvar id2=function (x){var id=function (x){return x;};var y=id(x);return y;};id2(42);\n```\n\nand dump the AST into t1.ast.\n\n```\n{\n  \"status\": true,\n  \"value\": {\n    \"blk\": [\n      {\n        \"decl\": \"id2\",\n        \"exp\": {\n          \"fn\": \"\",\n          \"args\": [\n            \"x\"\n          ],\n          \"body\": {\n            \"blk\": [\n              {\n                \"decl\": \"id\",\n                \"exp\": {\n                  \"fn\": \"\",\n                  \"args\": [\n                    \"x\"\n                  ],\n                  \"body\": {\n                    \"rtn\": {\n                      \"var\": \"x\"\n                    }\n                  }\n                }\n              },\n              {\n                \"decl\": \"y\",\n                \"exp\": {\n                  \"app\": \"id\",\n                  \"args\": [\n                    {\n                      \"var\": \"x\"\n                    }\n                  ]\n                }\n              },\n              {\n                \"rtn\": {\n                  \"var\": \"y\"\n                }\n              }\n            ]\n          }\n        }\n      },\n      {\n        \"app\": \"id2\",\n        \"args\": [\n          {\n            \"lit\": 42\n          }\n        ]\n      }\n    ]\n  }\n}\n```\n\nYou can then evaluate the program using:\n\n```\nnode src/eval.js t1.js\n```\n\nThis program should return:\n\n```\n42\n```\n",
    "closed_at": null,
    "comment_data": [
        {
            "author_association": "NONE",
            "body": "@keean wrote:\n\n> ```\n>  let id2 = (x) =>\n>     let id = (x) => x\n>     let y = id(x)\n>     return y\n> ```\n\nYou don't need to use `return` there in our grammar, because the body of the function is an expression that has the value and type its last expression. The `return` should never be used except where it is short-circuiting, and our parser should give an error when it is used where it shouldn't be.\n\nAlso we changed the grammar to remove the `let` on function definitions. And I current have the grammar such that you can't assign an inline (anonymous or not) function. I should probably change that to only disallowing assignment on `let` references, not on `var` references.\n\nThere is no way we can design a grammar between one or more people with parser combinators in code as to the record of what is decided.\n",
            "created_at": "2016-09-29T12:57:10Z",
            "html_url": "https://github.com/keean/zenscript/issues/20#issuecomment-250458197",
            "id": 250458197,
            "issue_url": "https://api.github.com/repos/keean/zenscript/issues/20",
            "node_id": "MDEyOklzc3VlQ29tbWVudDI1MDQ1ODE5Nw==",
            "updated_at": "2016-09-29T13:03:32Z",
            "url": "https://api.github.com/repos/keean/zenscript/issues/comments/250458197",
            "user": {
                "avatar_url": "https://avatars3.githubusercontent.com/u/247731?v=4",
                "events_url": "https://api.github.com/users/shelby3/events{/privacy}",
                "followers_url": "https://api.github.com/users/shelby3/followers",
                "following_url": "https://api.github.com/users/shelby3/following{/other_user}",
                "gists_url": "https://api.github.com/users/shelby3/gists{/gist_id}",
                "gravatar_id": "",
                "html_url": "https://github.com/shelby3",
                "id": 247731,
                "login": "shelby3",
                "node_id": "MDQ6VXNlcjI0NzczMQ==",
                "organizations_url": "https://api.github.com/users/shelby3/orgs",
                "received_events_url": "https://api.github.com/users/shelby3/received_events",
                "repos_url": "https://api.github.com/users/shelby3/repos",
                "site_admin": false,
                "starred_url": "https://api.github.com/users/shelby3/starred{/owner}{/repo}",
                "subscriptions_url": "https://api.github.com/users/shelby3/subscriptions",
                "type": "User",
                "url": "https://api.github.com/users/shelby3"
            }
        },
        {
            "author_association": "NONE",
            "body": "@keean wrote:\n\n> and dump the AST into t1.ast.\n> \n> ```\n> {\n>   \"status\": true,\n>   \"value\": {\n>     \"blk\": [\n>       {\n>         \"decl\": \"id2\",\n>         \"exp\": {\n>           \"fn\": \"\",\n>           \"args\": [\n>             \"x\"\n>           ],\n>           \"body\": {\n>             \"blk\": [\n>               {\n>                 \"decl\": \"id\",\n>                 \"exp\": {\n>                   \"fn\": \"\",\n>                   \"args\": [\n>                     \"x\"\n>                   ],\n>                   \"body\": {\n>                     \"rtn\": {\n>                       \"var\": \"x\"\n>                     }\n>                   }\n>                 }\n>               },\n>               {\n>                 \"decl\": \"y\",\n>                 \"exp\": {\n>                   \"app\": \"id\",\n>                   \"args\": [\n>                     {\n>                       \"var\": \"x\"\n>                     }\n>                   ]\n>                 }\n>               },\n>               {\n>                 \"rtn\": {\n>                   \"var\": \"y\"\n>                 }\n>               }\n>             ]\n>           }\n>         }\n>       },\n>       {\n>         \"app\": \"id2\",\n>         \"args\": [\n>           {\n>             \"lit\": 42\n>           }\n>         ]\n>       }\n>     ]\n>   }\n> }\n> ```\n\nI'd much rather that displayed as the `data` type constructor function, than as \"string\" named record objects. Wouldn't be much easier to read and correspond with code, if we write code with data types instead of parser combinators.\n",
            "created_at": "2016-09-29T13:09:27Z",
            "html_url": "https://github.com/keean/zenscript/issues/20#issuecomment-250461081",
            "id": 250461081,
            "issue_url": "https://api.github.com/repos/keean/zenscript/issues/20",
            "node_id": "MDEyOklzc3VlQ29tbWVudDI1MDQ2MTA4MQ==",
            "updated_at": "2016-09-29T13:09:27Z",
            "url": "https://api.github.com/repos/keean/zenscript/issues/comments/250461081",
            "user": {
                "avatar_url": "https://avatars3.githubusercontent.com/u/247731?v=4",
                "events_url": "https://api.github.com/users/shelby3/events{/privacy}",
                "followers_url": "https://api.github.com/users/shelby3/followers",
                "following_url": "https://api.github.com/users/shelby3/following{/other_user}",
                "gists_url": "https://api.github.com/users/shelby3/gists{/gist_id}",
                "gravatar_id": "",
                "html_url": "https://github.com/shelby3",
                "id": 247731,
                "login": "shelby3",
                "node_id": "MDQ6VXNlcjI0NzczMQ==",
                "organizations_url": "https://api.github.com/users/shelby3/orgs",
                "received_events_url": "https://api.github.com/users/shelby3/received_events",
                "repos_url": "https://api.github.com/users/shelby3/repos",
                "site_admin": false,
                "starred_url": "https://api.github.com/users/shelby3/starred{/owner}{/repo}",
                "subscriptions_url": "https://api.github.com/users/shelby3/subscriptions",
                "type": "User",
                "url": "https://api.github.com/users/shelby3"
            }
        },
        {
            "author_association": "OWNER",
            "body": "Whether you the AST is constructed with anonymous objects, or objects with a prototype has nothing to do with whether we use parser combinators or not.\n\nI am experimenting with restructuring the code around AST prototypes at the moment, but I know from experience the Object Oriented approach to compiler building results in massive amounts of boilerplate.\n",
            "created_at": "2016-09-29T13:28:10Z",
            "html_url": "https://github.com/keean/zenscript/issues/20#issuecomment-250465639",
            "id": 250465639,
            "issue_url": "https://api.github.com/repos/keean/zenscript/issues/20",
            "node_id": "MDEyOklzc3VlQ29tbWVudDI1MDQ2NTYzOQ==",
            "updated_at": "2016-09-29T13:28:10Z",
            "url": "https://api.github.com/repos/keean/zenscript/issues/comments/250465639",
            "user": {
                "avatar_url": "https://avatars2.githubusercontent.com/u/508384?v=4",
                "events_url": "https://api.github.com/users/keean/events{/privacy}",
                "followers_url": "https://api.github.com/users/keean/followers",
                "following_url": "https://api.github.com/users/keean/following{/other_user}",
                "gists_url": "https://api.github.com/users/keean/gists{/gist_id}",
                "gravatar_id": "",
                "html_url": "https://github.com/keean",
                "id": 508384,
                "login": "keean",
                "node_id": "MDQ6VXNlcjUwODM4NA==",
                "organizations_url": "https://api.github.com/users/keean/orgs",
                "received_events_url": "https://api.github.com/users/keean/received_events",
                "repos_url": "https://api.github.com/users/keean/repos",
                "site_admin": false,
                "starred_url": "https://api.github.com/users/keean/starred{/owner}{/repo}",
                "subscriptions_url": "https://api.github.com/users/keean/subscriptions",
                "type": "User",
                "url": "https://api.github.com/users/keean"
            }
        },
        {
            "author_association": "NONE",
            "body": "@keean wrote:\n\n> I know from experience the Object Oriented approach to compiler building results in massive amounts of boilerplate.\n\nI wish you could provide an example to help me see why.\n\nAnd I thought I was suggesting `data` types, not OOP subclassing.\n",
            "created_at": "2016-09-29T22:10:24Z",
            "html_url": "https://github.com/keean/zenscript/issues/20#issuecomment-250605701",
            "id": 250605701,
            "issue_url": "https://api.github.com/repos/keean/zenscript/issues/20",
            "node_id": "MDEyOklzc3VlQ29tbWVudDI1MDYwNTcwMQ==",
            "updated_at": "2016-09-29T22:10:42Z",
            "url": "https://api.github.com/repos/keean/zenscript/issues/comments/250605701",
            "user": {
                "avatar_url": "https://avatars3.githubusercontent.com/u/247731?v=4",
                "events_url": "https://api.github.com/users/shelby3/events{/privacy}",
                "followers_url": "https://api.github.com/users/shelby3/followers",
                "following_url": "https://api.github.com/users/shelby3/following{/other_user}",
                "gists_url": "https://api.github.com/users/shelby3/gists{/gist_id}",
                "gravatar_id": "",
                "html_url": "https://github.com/shelby3",
                "id": 247731,
                "login": "shelby3",
                "node_id": "MDQ6VXNlcjI0NzczMQ==",
                "organizations_url": "https://api.github.com/users/shelby3/orgs",
                "received_events_url": "https://api.github.com/users/shelby3/received_events",
                "repos_url": "https://api.github.com/users/shelby3/repos",
                "site_admin": false,
                "starred_url": "https://api.github.com/users/shelby3/starred{/owner}{/repo}",
                "subscriptions_url": "https://api.github.com/users/shelby3/subscriptions",
                "type": "User",
                "url": "https://api.github.com/users/shelby3"
            }
        },
        {
            "author_association": "OWNER",
            "body": "> And I thought I was suggesting data types, not OOP subclassing.\n\nSorry my mistake I misinterpreted what you were saying. I think that can work, it would just have to use `instanceof` in for matching nodes, and I think it would be better, although it would add some extra code. \n",
            "created_at": "2016-09-29T22:23:32Z",
            "html_url": "https://github.com/keean/zenscript/issues/20#issuecomment-250609075",
            "id": 250609075,
            "issue_url": "https://api.github.com/repos/keean/zenscript/issues/20",
            "node_id": "MDEyOklzc3VlQ29tbWVudDI1MDYwOTA3NQ==",
            "updated_at": "2016-09-29T22:23:32Z",
            "url": "https://api.github.com/repos/keean/zenscript/issues/comments/250609075",
            "user": {
                "avatar_url": "https://avatars2.githubusercontent.com/u/508384?v=4",
                "events_url": "https://api.github.com/users/keean/events{/privacy}",
                "followers_url": "https://api.github.com/users/keean/followers",
                "following_url": "https://api.github.com/users/keean/following{/other_user}",
                "gists_url": "https://api.github.com/users/keean/gists{/gist_id}",
                "gravatar_id": "",
                "html_url": "https://github.com/keean",
                "id": 508384,
                "login": "keean",
                "node_id": "MDQ6VXNlcjUwODM4NA==",
                "organizations_url": "https://api.github.com/users/keean/orgs",
                "received_events_url": "https://api.github.com/users/keean/received_events",
                "repos_url": "https://api.github.com/users/keean/repos",
                "site_admin": false,
                "starred_url": "https://api.github.com/users/keean/starred{/owner}{/repo}",
                "subscriptions_url": "https://api.github.com/users/keean/subscriptions",
                "type": "User",
                "url": "https://api.github.com/users/keean"
            }
        }
    ],
    "comments": 5,
    "comments_url": "https://api.github.com/repos/keean/zenscript/issues/20/comments",
    "created_at": "2016-09-28T17:35:59Z",
    "event_data": [
        {
            "actor": {
                "avatar_url": "https://avatars2.githubusercontent.com/u/508384?v=4",
                "events_url": "https://api.github.com/users/keean/events{/privacy}",
                "followers_url": "https://api.github.com/users/keean/followers",
                "following_url": "https://api.github.com/users/keean/following{/other_user}",
                "gists_url": "https://api.github.com/users/keean/gists{/gist_id}",
                "gravatar_id": "",
                "html_url": "https://github.com/keean",
                "id": 508384,
                "login": "keean",
                "node_id": "MDQ6VXNlcjUwODM4NA==",
                "organizations_url": "https://api.github.com/users/keean/orgs",
                "received_events_url": "https://api.github.com/users/keean/received_events",
                "repos_url": "https://api.github.com/users/keean/repos",
                "site_admin": false,
                "starred_url": "https://api.github.com/users/keean/starred{/owner}{/repo}",
                "subscriptions_url": "https://api.github.com/users/keean/subscriptions",
                "type": "User",
                "url": "https://api.github.com/users/keean"
            },
            "commit_id": null,
            "commit_url": null,
            "created_at": "2016-09-29T12:57:10Z",
            "event": "mentioned",
            "id": 806951754,
            "node_id": "MDE0Ok1lbnRpb25lZEV2ZW50ODA2OTUxNzU0",
            "url": "https://api.github.com/repos/keean/zenscript/issues/events/806951754"
        },
        {
            "actor": {
                "avatar_url": "https://avatars2.githubusercontent.com/u/508384?v=4",
                "events_url": "https://api.github.com/users/keean/events{/privacy}",
                "followers_url": "https://api.github.com/users/keean/followers",
                "following_url": "https://api.github.com/users/keean/following{/other_user}",
                "gists_url": "https://api.github.com/users/keean/gists{/gist_id}",
                "gravatar_id": "",
                "html_url": "https://github.com/keean",
                "id": 508384,
                "login": "keean",
                "node_id": "MDQ6VXNlcjUwODM4NA==",
                "organizations_url": "https://api.github.com/users/keean/orgs",
                "received_events_url": "https://api.github.com/users/keean/received_events",
                "repos_url": "https://api.github.com/users/keean/repos",
                "site_admin": false,
                "starred_url": "https://api.github.com/users/keean/starred{/owner}{/repo}",
                "subscriptions_url": "https://api.github.com/users/keean/subscriptions",
                "type": "User",
                "url": "https://api.github.com/users/keean"
            },
            "commit_id": null,
            "commit_url": null,
            "created_at": "2016-09-29T12:57:10Z",
            "event": "subscribed",
            "id": 806951755,
            "node_id": "MDE1OlN1YnNjcmliZWRFdmVudDgwNjk1MTc1NQ==",
            "url": "https://api.github.com/repos/keean/zenscript/issues/events/806951755"
        },
        {
            "actor": {
                "avatar_url": "https://avatars2.githubusercontent.com/u/508384?v=4",
                "events_url": "https://api.github.com/users/keean/events{/privacy}",
                "followers_url": "https://api.github.com/users/keean/followers",
                "following_url": "https://api.github.com/users/keean/following{/other_user}",
                "gists_url": "https://api.github.com/users/keean/gists{/gist_id}",
                "gravatar_id": "",
                "html_url": "https://github.com/keean",
                "id": 508384,
                "login": "keean",
                "node_id": "MDQ6VXNlcjUwODM4NA==",
                "organizations_url": "https://api.github.com/users/keean/orgs",
                "received_events_url": "https://api.github.com/users/keean/received_events",
                "repos_url": "https://api.github.com/users/keean/repos",
                "site_admin": false,
                "starred_url": "https://api.github.com/users/keean/starred{/owner}{/repo}",
                "subscriptions_url": "https://api.github.com/users/keean/subscriptions",
                "type": "User",
                "url": "https://api.github.com/users/keean"
            },
            "commit_id": null,
            "commit_url": null,
            "created_at": "2016-09-29T13:09:27Z",
            "event": "mentioned",
            "id": 806968386,
            "node_id": "MDE0Ok1lbnRpb25lZEV2ZW50ODA2OTY4Mzg2",
            "url": "https://api.github.com/repos/keean/zenscript/issues/events/806968386"
        },
        {
            "actor": {
                "avatar_url": "https://avatars2.githubusercontent.com/u/508384?v=4",
                "events_url": "https://api.github.com/users/keean/events{/privacy}",
                "followers_url": "https://api.github.com/users/keean/followers",
                "following_url": "https://api.github.com/users/keean/following{/other_user}",
                "gists_url": "https://api.github.com/users/keean/gists{/gist_id}",
                "gravatar_id": "",
                "html_url": "https://github.com/keean",
                "id": 508384,
                "login": "keean",
                "node_id": "MDQ6VXNlcjUwODM4NA==",
                "organizations_url": "https://api.github.com/users/keean/orgs",
                "received_events_url": "https://api.github.com/users/keean/received_events",
                "repos_url": "https://api.github.com/users/keean/repos",
                "site_admin": false,
                "starred_url": "https://api.github.com/users/keean/starred{/owner}{/repo}",
                "subscriptions_url": "https://api.github.com/users/keean/subscriptions",
                "type": "User",
                "url": "https://api.github.com/users/keean"
            },
            "commit_id": null,
            "commit_url": null,
            "created_at": "2016-09-29T13:09:27Z",
            "event": "subscribed",
            "id": 806968387,
            "node_id": "MDE1OlN1YnNjcmliZWRFdmVudDgwNjk2ODM4Nw==",
            "url": "https://api.github.com/repos/keean/zenscript/issues/events/806968387"
        },
        {
            "actor": {
                "avatar_url": "https://avatars2.githubusercontent.com/u/508384?v=4",
                "events_url": "https://api.github.com/users/keean/events{/privacy}",
                "followers_url": "https://api.github.com/users/keean/followers",
                "following_url": "https://api.github.com/users/keean/following{/other_user}",
                "gists_url": "https://api.github.com/users/keean/gists{/gist_id}",
                "gravatar_id": "",
                "html_url": "https://github.com/keean",
                "id": 508384,
                "login": "keean",
                "node_id": "MDQ6VXNlcjUwODM4NA==",
                "organizations_url": "https://api.github.com/users/keean/orgs",
                "received_events_url": "https://api.github.com/users/keean/received_events",
                "repos_url": "https://api.github.com/users/keean/repos",
                "site_admin": false,
                "starred_url": "https://api.github.com/users/keean/starred{/owner}{/repo}",
                "subscriptions_url": "https://api.github.com/users/keean/subscriptions",
                "type": "User",
                "url": "https://api.github.com/users/keean"
            },
            "commit_id": null,
            "commit_url": null,
            "created_at": "2016-09-29T22:10:24Z",
            "event": "mentioned",
            "id": 807725441,
            "node_id": "MDE0Ok1lbnRpb25lZEV2ZW50ODA3NzI1NDQx",
            "url": "https://api.github.com/repos/keean/zenscript/issues/events/807725441"
        },
        {
            "actor": {
                "avatar_url": "https://avatars2.githubusercontent.com/u/508384?v=4",
                "events_url": "https://api.github.com/users/keean/events{/privacy}",
                "followers_url": "https://api.github.com/users/keean/followers",
                "following_url": "https://api.github.com/users/keean/following{/other_user}",
                "gists_url": "https://api.github.com/users/keean/gists{/gist_id}",
                "gravatar_id": "",
                "html_url": "https://github.com/keean",
                "id": 508384,
                "login": "keean",
                "node_id": "MDQ6VXNlcjUwODM4NA==",
                "organizations_url": "https://api.github.com/users/keean/orgs",
                "received_events_url": "https://api.github.com/users/keean/received_events",
                "repos_url": "https://api.github.com/users/keean/repos",
                "site_admin": false,
                "starred_url": "https://api.github.com/users/keean/starred{/owner}{/repo}",
                "subscriptions_url": "https://api.github.com/users/keean/subscriptions",
                "type": "User",
                "url": "https://api.github.com/users/keean"
            },
            "commit_id": null,
            "commit_url": null,
            "created_at": "2016-09-29T22:10:24Z",
            "event": "subscribed",
            "id": 807725442,
            "node_id": "MDE1OlN1YnNjcmliZWRFdmVudDgwNzcyNTQ0Mg==",
            "url": "https://api.github.com/repos/keean/zenscript/issues/events/807725442"
        }
    ],
    "events_url": "https://api.github.com/repos/keean/zenscript/issues/20/events",
    "html_url": "https://github.com/keean/zenscript/issues/20",
    "id": 179837327,
    "labels": [],
    "labels_url": "https://api.github.com/repos/keean/zenscript/issues/20/labels{/name}",
    "locked": false,
    "milestone": null,
    "node_id": "MDU6SXNzdWUxNzk4MzczMjc=",
    "number": 20,
    "repository_url": "https://api.github.com/repos/keean/zenscript",
    "state": "open",
    "title": "Usage Instructions",
    "updated_at": "2016-09-29T22:23:32Z",
    "url": "https://api.github.com/repos/keean/zenscript/issues/20",
    "user": {
        "avatar_url": "https://avatars2.githubusercontent.com/u/508384?v=4",
        "events_url": "https://api.github.com/users/keean/events{/privacy}",
        "followers_url": "https://api.github.com/users/keean/followers",
        "following_url": "https://api.github.com/users/keean/following{/other_user}",
        "gists_url": "https://api.github.com/users/keean/gists{/gist_id}",
        "gravatar_id": "",
        "html_url": "https://github.com/keean",
        "id": 508384,
        "login": "keean",
        "node_id": "MDQ6VXNlcjUwODM4NA==",
        "organizations_url": "https://api.github.com/users/keean/orgs",
        "received_events_url": "https://api.github.com/users/keean/received_events",
        "repos_url": "https://api.github.com/users/keean/repos",
        "site_admin": false,
        "starred_url": "https://api.github.com/users/keean/starred{/owner}{/repo}",
        "subscriptions_url": "https://api.github.com/users/keean/subscriptions",
        "type": "User",
        "url": "https://api.github.com/users/keean"
    }
}