{
    "assignee": null,
    "assignees": [],
    "author_association": "NONE",
    "body": "I hope ppl don't mind but I'm starting a new thread about lookup rules, since the \"import discussion\" is too long and isn't just about syntax. The right syntax to implement is the simplest most brain dead least capable one to start with, IMHO, then go on from there.\n\nSo will someone explain, if I say\n\n```\nimport X\n```\n\nwhat does that do? Does it put X in scope? And nothing else?\n\nWhat if I say \n\n```\nimport X.Y\n```\n\nWhat symbols are no in scope? Note that in Python, X is in scope, as well as Y. Which is inconsistent.\n",
    "closed_at": null,
    "comment_data": [
        {
            "author_association": "NONE",
            "body": "My thinking as of now is that only the last (rightmost) item gets imported into scope.\n",
            "created_at": "2016-10-04T08:42:32Z",
            "html_url": "https://github.com/keean/zenscript/issues/23#issuecomment-251329209",
            "id": 251329209,
            "issue_url": "https://api.github.com/repos/keean/zenscript/issues/23",
            "node_id": "MDEyOklzc3VlQ29tbWVudDI1MTMyOTIwOQ==",
            "updated_at": "2016-10-04T08:43:21Z",
            "url": "https://api.github.com/repos/keean/zenscript/issues/comments/251329209",
            "user": {
                "avatar_url": "https://avatars3.githubusercontent.com/u/247731?v=4",
                "events_url": "https://api.github.com/users/shelby3/events{/privacy}",
                "followers_url": "https://api.github.com/users/shelby3/followers",
                "following_url": "https://api.github.com/users/shelby3/following{/other_user}",
                "gists_url": "https://api.github.com/users/shelby3/gists{/gist_id}",
                "gravatar_id": "",
                "html_url": "https://github.com/shelby3",
                "id": 247731,
                "login": "shelby3",
                "node_id": "MDQ6VXNlcjI0NzczMQ==",
                "organizations_url": "https://api.github.com/users/shelby3/orgs",
                "received_events_url": "https://api.github.com/users/shelby3/received_events",
                "repos_url": "https://api.github.com/users/shelby3/repos",
                "site_admin": false,
                "starred_url": "https://api.github.com/users/shelby3/starred{/owner}{/repo}",
                "subscriptions_url": "https://api.github.com/users/shelby3/subscriptions",
                "type": "User",
                "url": "https://api.github.com/users/shelby3"
            }
        },
        {
            "author_association": "NONE",
            "body": "@skaller wrote:\r\n\r\n>`import X`\r\n>what does that do? Does it put X in scope? And nothing else?\r\n\r\nI'm thinking that import is the wrong way to introduce a package or library, this should be done with a separate command like addLibrary() or library() otherwise you couldn't permit to name a module with the same name in your current project.\r\n\r\n@shelby3 \r\n\r\nWhat is if a library requires you to provide to implement some functions, you will need some builtin support for that in repls.\r\n\r\nImport statement should only provide aliasing functionality, therefore `import X` is without meaning, if you want to import ingredients then wildcards might be appropriate or a `open X`",
            "created_at": "2018-08-13T12:57:28Z",
            "html_url": "https://github.com/keean/zenscript/issues/23#issuecomment-412508705",
            "id": 412508705,
            "issue_url": "https://api.github.com/repos/keean/zenscript/issues/23",
            "node_id": "MDEyOklzc3VlQ29tbWVudDQxMjUwODcwNQ==",
            "updated_at": "2018-08-13T12:57:28Z",
            "url": "https://api.github.com/repos/keean/zenscript/issues/comments/412508705",
            "user": {
                "avatar_url": "https://avatars0.githubusercontent.com/u/9272972?v=4",
                "events_url": "https://api.github.com/users/sighoya/events{/privacy}",
                "followers_url": "https://api.github.com/users/sighoya/followers",
                "following_url": "https://api.github.com/users/sighoya/following{/other_user}",
                "gists_url": "https://api.github.com/users/sighoya/gists{/gist_id}",
                "gravatar_id": "",
                "html_url": "https://github.com/sighoya",
                "id": 9272972,
                "login": "sighoya",
                "node_id": "MDQ6VXNlcjkyNzI5NzI=",
                "organizations_url": "https://api.github.com/users/sighoya/orgs",
                "received_events_url": "https://api.github.com/users/sighoya/received_events",
                "repos_url": "https://api.github.com/users/sighoya/repos",
                "site_admin": false,
                "starred_url": "https://api.github.com/users/sighoya/starred{/owner}{/repo}",
                "subscriptions_url": "https://api.github.com/users/sighoya/subscriptions",
                "type": "User",
                "url": "https://api.github.com/users/sighoya"
            }
        },
        {
            "author_association": "NONE",
            "body": "@sighoya wrote:\r\n\r\n> otherwise you couldn't permit to name a module with the same name in your current project.\r\n\r\nAs long as your module has a different directory prefix (or repository id), then it can be uniquely qualified by the prefix.\r\n\r\n> What is if a library requires you to provide to implement some functions, you will need some builtin support for that in repls.\r\n\r\nI don’t understand this comment.",
            "created_at": "2018-08-13T13:33:06Z",
            "html_url": "https://github.com/keean/zenscript/issues/23#issuecomment-412519230",
            "id": 412519230,
            "issue_url": "https://api.github.com/repos/keean/zenscript/issues/23",
            "node_id": "MDEyOklzc3VlQ29tbWVudDQxMjUxOTIzMA==",
            "updated_at": "2018-08-13T13:33:06Z",
            "url": "https://api.github.com/repos/keean/zenscript/issues/comments/412519230",
            "user": {
                "avatar_url": "https://avatars3.githubusercontent.com/u/247731?v=4",
                "events_url": "https://api.github.com/users/shelby3/events{/privacy}",
                "followers_url": "https://api.github.com/users/shelby3/followers",
                "following_url": "https://api.github.com/users/shelby3/following{/other_user}",
                "gists_url": "https://api.github.com/users/shelby3/gists{/gist_id}",
                "gravatar_id": "",
                "html_url": "https://github.com/shelby3",
                "id": 247731,
                "login": "shelby3",
                "node_id": "MDQ6VXNlcjI0NzczMQ==",
                "organizations_url": "https://api.github.com/users/shelby3/orgs",
                "received_events_url": "https://api.github.com/users/shelby3/received_events",
                "repos_url": "https://api.github.com/users/shelby3/repos",
                "site_admin": false,
                "starred_url": "https://api.github.com/users/shelby3/starred{/owner}{/repo}",
                "subscriptions_url": "https://api.github.com/users/shelby3/subscriptions",
                "type": "User",
                "url": "https://api.github.com/users/shelby3"
            }
        },
        {
            "author_association": "NONE",
            "body": ">I don’t understand this comment.\r\n\r\nYou said that importing modules can require the importer to provide some implementations of imported signatures.\r\n\r\nYou said you will handle this in interface files, but how you will handle this in the REPL?",
            "created_at": "2018-08-13T14:10:04Z",
            "html_url": "https://github.com/keean/zenscript/issues/23#issuecomment-412531329",
            "id": 412531329,
            "issue_url": "https://api.github.com/repos/keean/zenscript/issues/23",
            "node_id": "MDEyOklzc3VlQ29tbWVudDQxMjUzMTMyOQ==",
            "updated_at": "2018-08-13T14:10:04Z",
            "url": "https://api.github.com/repos/keean/zenscript/issues/comments/412531329",
            "user": {
                "avatar_url": "https://avatars0.githubusercontent.com/u/9272972?v=4",
                "events_url": "https://api.github.com/users/sighoya/events{/privacy}",
                "followers_url": "https://api.github.com/users/sighoya/followers",
                "following_url": "https://api.github.com/users/sighoya/following{/other_user}",
                "gists_url": "https://api.github.com/users/sighoya/gists{/gist_id}",
                "gravatar_id": "",
                "html_url": "https://github.com/sighoya",
                "id": 9272972,
                "login": "sighoya",
                "node_id": "MDQ6VXNlcjkyNzI5NzI=",
                "organizations_url": "https://api.github.com/users/sighoya/orgs",
                "received_events_url": "https://api.github.com/users/sighoya/received_events",
                "repos_url": "https://api.github.com/users/sighoya/repos",
                "site_admin": false,
                "starred_url": "https://api.github.com/users/sighoya/starred{/owner}{/repo}",
                "subscriptions_url": "https://api.github.com/users/sighoya/subscriptions",
                "type": "User",
                "url": "https://api.github.com/users/sighoya"
            }
        },
        {
            "author_association": "NONE",
            "body": "@sighoya wrote:\r\n\r\n> You said that importing modules can require the importer to provide some implementations of imported signatures.\r\n\r\nWhere did write that?",
            "created_at": "2018-08-13T16:13:42Z",
            "html_url": "https://github.com/keean/zenscript/issues/23#issuecomment-412574465",
            "id": 412574465,
            "issue_url": "https://api.github.com/repos/keean/zenscript/issues/23",
            "node_id": "MDEyOklzc3VlQ29tbWVudDQxMjU3NDQ2NQ==",
            "updated_at": "2018-08-13T16:13:42Z",
            "url": "https://api.github.com/repos/keean/zenscript/issues/comments/412574465",
            "user": {
                "avatar_url": "https://avatars3.githubusercontent.com/u/247731?v=4",
                "events_url": "https://api.github.com/users/shelby3/events{/privacy}",
                "followers_url": "https://api.github.com/users/shelby3/followers",
                "following_url": "https://api.github.com/users/shelby3/following{/other_user}",
                "gists_url": "https://api.github.com/users/shelby3/gists{/gist_id}",
                "gravatar_id": "",
                "html_url": "https://github.com/shelby3",
                "id": 247731,
                "login": "shelby3",
                "node_id": "MDQ6VXNlcjI0NzczMQ==",
                "organizations_url": "https://api.github.com/users/shelby3/orgs",
                "received_events_url": "https://api.github.com/users/shelby3/received_events",
                "repos_url": "https://api.github.com/users/shelby3/repos",
                "site_admin": false,
                "starred_url": "https://api.github.com/users/shelby3/starred{/owner}{/repo}",
                "subscriptions_url": "https://api.github.com/users/shelby3/subscriptions",
                "type": "User",
                "url": "https://api.github.com/users/shelby3"
            }
        },
        {
            "author_association": "NONE",
            "body": ">Where did write that?\r\n\r\nMaybe I misunderstood it, but you said something like that in connection with strong versus weak modularity.",
            "created_at": "2018-08-13T16:15:24Z",
            "html_url": "https://github.com/keean/zenscript/issues/23#issuecomment-412575040",
            "id": 412575040,
            "issue_url": "https://api.github.com/repos/keean/zenscript/issues/23",
            "node_id": "MDEyOklzc3VlQ29tbWVudDQxMjU3NTA0MA==",
            "updated_at": "2018-08-13T16:15:24Z",
            "url": "https://api.github.com/repos/keean/zenscript/issues/comments/412575040",
            "user": {
                "avatar_url": "https://avatars0.githubusercontent.com/u/9272972?v=4",
                "events_url": "https://api.github.com/users/sighoya/events{/privacy}",
                "followers_url": "https://api.github.com/users/sighoya/followers",
                "following_url": "https://api.github.com/users/sighoya/following{/other_user}",
                "gists_url": "https://api.github.com/users/sighoya/gists{/gist_id}",
                "gravatar_id": "",
                "html_url": "https://github.com/sighoya",
                "id": 9272972,
                "login": "sighoya",
                "node_id": "MDQ6VXNlcjkyNzI5NzI=",
                "organizations_url": "https://api.github.com/users/sighoya/orgs",
                "received_events_url": "https://api.github.com/users/sighoya/received_events",
                "repos_url": "https://api.github.com/users/sighoya/repos",
                "site_admin": false,
                "starred_url": "https://api.github.com/users/sighoya/starred{/owner}{/repo}",
                "subscriptions_url": "https://api.github.com/users/sighoya/subscriptions",
                "type": "User",
                "url": "https://api.github.com/users/sighoya"
            }
        },
        {
            "author_association": "NONE",
            "body": "@sighoya wrote:\r\n\r\n> > Where did write that?\r\n> \r\n> Maybe I misunderstood it, but you said something like that in connection with strong versus weak modularity.\r\n\r\nI found the discussion in the Modularity issues thread #39, that you’re referring to and added [a new post](https://github.com/keean/zenscript/issues/39#issuecomment-412850869) on that subject.\r\n\r\nI have never coded a REPL so probably @keean is the one who should comment on your question.",
            "created_at": "2018-08-14T12:32:33Z",
            "html_url": "https://github.com/keean/zenscript/issues/23#issuecomment-412855698",
            "id": 412855698,
            "issue_url": "https://api.github.com/repos/keean/zenscript/issues/23",
            "node_id": "MDEyOklzc3VlQ29tbWVudDQxMjg1NTY5OA==",
            "updated_at": "2018-08-14T12:32:33Z",
            "url": "https://api.github.com/repos/keean/zenscript/issues/comments/412855698",
            "user": {
                "avatar_url": "https://avatars3.githubusercontent.com/u/247731?v=4",
                "events_url": "https://api.github.com/users/shelby3/events{/privacy}",
                "followers_url": "https://api.github.com/users/shelby3/followers",
                "following_url": "https://api.github.com/users/shelby3/following{/other_user}",
                "gists_url": "https://api.github.com/users/shelby3/gists{/gist_id}",
                "gravatar_id": "",
                "html_url": "https://github.com/shelby3",
                "id": 247731,
                "login": "shelby3",
                "node_id": "MDQ6VXNlcjI0NzczMQ==",
                "organizations_url": "https://api.github.com/users/shelby3/orgs",
                "received_events_url": "https://api.github.com/users/shelby3/received_events",
                "repos_url": "https://api.github.com/users/shelby3/repos",
                "site_admin": false,
                "starred_url": "https://api.github.com/users/shelby3/starred{/owner}{/repo}",
                "subscriptions_url": "https://api.github.com/users/shelby3/subscriptions",
                "type": "User",
                "url": "https://api.github.com/users/shelby3"
            }
        }
    ],
    "comments": 7,
    "comments_url": "https://api.github.com/repos/keean/zenscript/issues/23/comments",
    "created_at": "2016-10-04T08:13:50Z",
    "event_data": [
        {
            "actor": {
                "avatar_url": "https://avatars3.githubusercontent.com/u/247731?v=4",
                "events_url": "https://api.github.com/users/shelby3/events{/privacy}",
                "followers_url": "https://api.github.com/users/shelby3/followers",
                "following_url": "https://api.github.com/users/shelby3/following{/other_user}",
                "gists_url": "https://api.github.com/users/shelby3/gists{/gist_id}",
                "gravatar_id": "",
                "html_url": "https://github.com/shelby3",
                "id": 247731,
                "login": "shelby3",
                "node_id": "MDQ6VXNlcjI0NzczMQ==",
                "organizations_url": "https://api.github.com/users/shelby3/orgs",
                "received_events_url": "https://api.github.com/users/shelby3/received_events",
                "repos_url": "https://api.github.com/users/shelby3/repos",
                "site_admin": false,
                "starred_url": "https://api.github.com/users/shelby3/starred{/owner}{/repo}",
                "subscriptions_url": "https://api.github.com/users/shelby3/subscriptions",
                "type": "User",
                "url": "https://api.github.com/users/shelby3"
            },
            "commit_id": null,
            "commit_url": null,
            "created_at": "2018-08-13T12:57:28Z",
            "event": "mentioned",
            "id": 1785285352,
            "node_id": "MDE0Ok1lbnRpb25lZEV2ZW50MTc4NTI4NTM1Mg==",
            "url": "https://api.github.com/repos/keean/zenscript/issues/events/1785285352"
        },
        {
            "actor": {
                "avatar_url": "https://avatars3.githubusercontent.com/u/247731?v=4",
                "events_url": "https://api.github.com/users/shelby3/events{/privacy}",
                "followers_url": "https://api.github.com/users/shelby3/followers",
                "following_url": "https://api.github.com/users/shelby3/following{/other_user}",
                "gists_url": "https://api.github.com/users/shelby3/gists{/gist_id}",
                "gravatar_id": "",
                "html_url": "https://github.com/shelby3",
                "id": 247731,
                "login": "shelby3",
                "node_id": "MDQ6VXNlcjI0NzczMQ==",
                "organizations_url": "https://api.github.com/users/shelby3/orgs",
                "received_events_url": "https://api.github.com/users/shelby3/received_events",
                "repos_url": "https://api.github.com/users/shelby3/repos",
                "site_admin": false,
                "starred_url": "https://api.github.com/users/shelby3/starred{/owner}{/repo}",
                "subscriptions_url": "https://api.github.com/users/shelby3/subscriptions",
                "type": "User",
                "url": "https://api.github.com/users/shelby3"
            },
            "commit_id": null,
            "commit_url": null,
            "created_at": "2018-08-13T12:57:28Z",
            "event": "subscribed",
            "id": 1785285353,
            "node_id": "MDE1OlN1YnNjcmliZWRFdmVudDE3ODUyODUzNTM=",
            "url": "https://api.github.com/repos/keean/zenscript/issues/events/1785285353"
        },
        {
            "actor": {
                "avatar_url": "https://avatars2.githubusercontent.com/u/431744?v=4",
                "events_url": "https://api.github.com/users/skaller/events{/privacy}",
                "followers_url": "https://api.github.com/users/skaller/followers",
                "following_url": "https://api.github.com/users/skaller/following{/other_user}",
                "gists_url": "https://api.github.com/users/skaller/gists{/gist_id}",
                "gravatar_id": "",
                "html_url": "https://github.com/skaller",
                "id": 431744,
                "login": "skaller",
                "node_id": "MDQ6VXNlcjQzMTc0NA==",
                "organizations_url": "https://api.github.com/users/skaller/orgs",
                "received_events_url": "https://api.github.com/users/skaller/received_events",
                "repos_url": "https://api.github.com/users/skaller/repos",
                "site_admin": false,
                "starred_url": "https://api.github.com/users/skaller/starred{/owner}{/repo}",
                "subscriptions_url": "https://api.github.com/users/skaller/subscriptions",
                "type": "User",
                "url": "https://api.github.com/users/skaller"
            },
            "commit_id": null,
            "commit_url": null,
            "created_at": "2018-08-13T12:57:28Z",
            "event": "mentioned",
            "id": 1785285359,
            "node_id": "MDE0Ok1lbnRpb25lZEV2ZW50MTc4NTI4NTM1OQ==",
            "url": "https://api.github.com/repos/keean/zenscript/issues/events/1785285359"
        },
        {
            "actor": {
                "avatar_url": "https://avatars2.githubusercontent.com/u/431744?v=4",
                "events_url": "https://api.github.com/users/skaller/events{/privacy}",
                "followers_url": "https://api.github.com/users/skaller/followers",
                "following_url": "https://api.github.com/users/skaller/following{/other_user}",
                "gists_url": "https://api.github.com/users/skaller/gists{/gist_id}",
                "gravatar_id": "",
                "html_url": "https://github.com/skaller",
                "id": 431744,
                "login": "skaller",
                "node_id": "MDQ6VXNlcjQzMTc0NA==",
                "organizations_url": "https://api.github.com/users/skaller/orgs",
                "received_events_url": "https://api.github.com/users/skaller/received_events",
                "repos_url": "https://api.github.com/users/skaller/repos",
                "site_admin": false,
                "starred_url": "https://api.github.com/users/skaller/starred{/owner}{/repo}",
                "subscriptions_url": "https://api.github.com/users/skaller/subscriptions",
                "type": "User",
                "url": "https://api.github.com/users/skaller"
            },
            "commit_id": null,
            "commit_url": null,
            "created_at": "2018-08-13T12:57:28Z",
            "event": "subscribed",
            "id": 1785285360,
            "node_id": "MDE1OlN1YnNjcmliZWRFdmVudDE3ODUyODUzNjA=",
            "url": "https://api.github.com/repos/keean/zenscript/issues/events/1785285360"
        },
        {
            "actor": {
                "avatar_url": "https://avatars0.githubusercontent.com/u/9272972?v=4",
                "events_url": "https://api.github.com/users/sighoya/events{/privacy}",
                "followers_url": "https://api.github.com/users/sighoya/followers",
                "following_url": "https://api.github.com/users/sighoya/following{/other_user}",
                "gists_url": "https://api.github.com/users/sighoya/gists{/gist_id}",
                "gravatar_id": "",
                "html_url": "https://github.com/sighoya",
                "id": 9272972,
                "login": "sighoya",
                "node_id": "MDQ6VXNlcjkyNzI5NzI=",
                "organizations_url": "https://api.github.com/users/sighoya/orgs",
                "received_events_url": "https://api.github.com/users/sighoya/received_events",
                "repos_url": "https://api.github.com/users/sighoya/repos",
                "site_admin": false,
                "starred_url": "https://api.github.com/users/sighoya/starred{/owner}{/repo}",
                "subscriptions_url": "https://api.github.com/users/sighoya/subscriptions",
                "type": "User",
                "url": "https://api.github.com/users/sighoya"
            },
            "commit_id": null,
            "commit_url": null,
            "created_at": "2018-08-13T13:33:06Z",
            "event": "mentioned",
            "id": 1785367214,
            "node_id": "MDE0Ok1lbnRpb25lZEV2ZW50MTc4NTM2NzIxNA==",
            "url": "https://api.github.com/repos/keean/zenscript/issues/events/1785367214"
        },
        {
            "actor": {
                "avatar_url": "https://avatars0.githubusercontent.com/u/9272972?v=4",
                "events_url": "https://api.github.com/users/sighoya/events{/privacy}",
                "followers_url": "https://api.github.com/users/sighoya/followers",
                "following_url": "https://api.github.com/users/sighoya/following{/other_user}",
                "gists_url": "https://api.github.com/users/sighoya/gists{/gist_id}",
                "gravatar_id": "",
                "html_url": "https://github.com/sighoya",
                "id": 9272972,
                "login": "sighoya",
                "node_id": "MDQ6VXNlcjkyNzI5NzI=",
                "organizations_url": "https://api.github.com/users/sighoya/orgs",
                "received_events_url": "https://api.github.com/users/sighoya/received_events",
                "repos_url": "https://api.github.com/users/sighoya/repos",
                "site_admin": false,
                "starred_url": "https://api.github.com/users/sighoya/starred{/owner}{/repo}",
                "subscriptions_url": "https://api.github.com/users/sighoya/subscriptions",
                "type": "User",
                "url": "https://api.github.com/users/sighoya"
            },
            "commit_id": null,
            "commit_url": null,
            "created_at": "2018-08-13T13:33:06Z",
            "event": "subscribed",
            "id": 1785367215,
            "node_id": "MDE1OlN1YnNjcmliZWRFdmVudDE3ODUzNjcyMTU=",
            "url": "https://api.github.com/repos/keean/zenscript/issues/events/1785367215"
        },
        {
            "actor": {
                "avatar_url": "https://avatars0.githubusercontent.com/u/9272972?v=4",
                "events_url": "https://api.github.com/users/sighoya/events{/privacy}",
                "followers_url": "https://api.github.com/users/sighoya/followers",
                "following_url": "https://api.github.com/users/sighoya/following{/other_user}",
                "gists_url": "https://api.github.com/users/sighoya/gists{/gist_id}",
                "gravatar_id": "",
                "html_url": "https://github.com/sighoya",
                "id": 9272972,
                "login": "sighoya",
                "node_id": "MDQ6VXNlcjkyNzI5NzI=",
                "organizations_url": "https://api.github.com/users/sighoya/orgs",
                "received_events_url": "https://api.github.com/users/sighoya/received_events",
                "repos_url": "https://api.github.com/users/sighoya/repos",
                "site_admin": false,
                "starred_url": "https://api.github.com/users/sighoya/starred{/owner}{/repo}",
                "subscriptions_url": "https://api.github.com/users/sighoya/subscriptions",
                "type": "User",
                "url": "https://api.github.com/users/sighoya"
            },
            "commit_id": null,
            "commit_url": null,
            "created_at": "2018-08-13T16:13:42Z",
            "event": "mentioned",
            "id": 1785783952,
            "node_id": "MDE0Ok1lbnRpb25lZEV2ZW50MTc4NTc4Mzk1Mg==",
            "url": "https://api.github.com/repos/keean/zenscript/issues/events/1785783952"
        },
        {
            "actor": {
                "avatar_url": "https://avatars0.githubusercontent.com/u/9272972?v=4",
                "events_url": "https://api.github.com/users/sighoya/events{/privacy}",
                "followers_url": "https://api.github.com/users/sighoya/followers",
                "following_url": "https://api.github.com/users/sighoya/following{/other_user}",
                "gists_url": "https://api.github.com/users/sighoya/gists{/gist_id}",
                "gravatar_id": "",
                "html_url": "https://github.com/sighoya",
                "id": 9272972,
                "login": "sighoya",
                "node_id": "MDQ6VXNlcjkyNzI5NzI=",
                "organizations_url": "https://api.github.com/users/sighoya/orgs",
                "received_events_url": "https://api.github.com/users/sighoya/received_events",
                "repos_url": "https://api.github.com/users/sighoya/repos",
                "site_admin": false,
                "starred_url": "https://api.github.com/users/sighoya/starred{/owner}{/repo}",
                "subscriptions_url": "https://api.github.com/users/sighoya/subscriptions",
                "type": "User",
                "url": "https://api.github.com/users/sighoya"
            },
            "commit_id": null,
            "commit_url": null,
            "created_at": "2018-08-13T16:13:42Z",
            "event": "subscribed",
            "id": 1785783953,
            "node_id": "MDE1OlN1YnNjcmliZWRFdmVudDE3ODU3ODM5NTM=",
            "url": "https://api.github.com/repos/keean/zenscript/issues/events/1785783953"
        },
        {
            "actor": {
                "avatar_url": "https://avatars2.githubusercontent.com/u/508384?v=4",
                "events_url": "https://api.github.com/users/keean/events{/privacy}",
                "followers_url": "https://api.github.com/users/keean/followers",
                "following_url": "https://api.github.com/users/keean/following{/other_user}",
                "gists_url": "https://api.github.com/users/keean/gists{/gist_id}",
                "gravatar_id": "",
                "html_url": "https://github.com/keean",
                "id": 508384,
                "login": "keean",
                "node_id": "MDQ6VXNlcjUwODM4NA==",
                "organizations_url": "https://api.github.com/users/keean/orgs",
                "received_events_url": "https://api.github.com/users/keean/received_events",
                "repos_url": "https://api.github.com/users/keean/repos",
                "site_admin": false,
                "starred_url": "https://api.github.com/users/keean/starred{/owner}{/repo}",
                "subscriptions_url": "https://api.github.com/users/keean/subscriptions",
                "type": "User",
                "url": "https://api.github.com/users/keean"
            },
            "commit_id": null,
            "commit_url": null,
            "created_at": "2018-08-14T12:32:33Z",
            "event": "mentioned",
            "id": 1787653554,
            "node_id": "MDE0Ok1lbnRpb25lZEV2ZW50MTc4NzY1MzU1NA==",
            "url": "https://api.github.com/repos/keean/zenscript/issues/events/1787653554"
        },
        {
            "actor": {
                "avatar_url": "https://avatars2.githubusercontent.com/u/508384?v=4",
                "events_url": "https://api.github.com/users/keean/events{/privacy}",
                "followers_url": "https://api.github.com/users/keean/followers",
                "following_url": "https://api.github.com/users/keean/following{/other_user}",
                "gists_url": "https://api.github.com/users/keean/gists{/gist_id}",
                "gravatar_id": "",
                "html_url": "https://github.com/keean",
                "id": 508384,
                "login": "keean",
                "node_id": "MDQ6VXNlcjUwODM4NA==",
                "organizations_url": "https://api.github.com/users/keean/orgs",
                "received_events_url": "https://api.github.com/users/keean/received_events",
                "repos_url": "https://api.github.com/users/keean/repos",
                "site_admin": false,
                "starred_url": "https://api.github.com/users/keean/starred{/owner}{/repo}",
                "subscriptions_url": "https://api.github.com/users/keean/subscriptions",
                "type": "User",
                "url": "https://api.github.com/users/keean"
            },
            "commit_id": null,
            "commit_url": null,
            "created_at": "2018-08-14T12:32:33Z",
            "event": "subscribed",
            "id": 1787653555,
            "node_id": "MDE1OlN1YnNjcmliZWRFdmVudDE3ODc2NTM1NTU=",
            "url": "https://api.github.com/repos/keean/zenscript/issues/events/1787653555"
        },
        {
            "actor": {
                "avatar_url": "https://avatars0.githubusercontent.com/u/9272972?v=4",
                "events_url": "https://api.github.com/users/sighoya/events{/privacy}",
                "followers_url": "https://api.github.com/users/sighoya/followers",
                "following_url": "https://api.github.com/users/sighoya/following{/other_user}",
                "gists_url": "https://api.github.com/users/sighoya/gists{/gist_id}",
                "gravatar_id": "",
                "html_url": "https://github.com/sighoya",
                "id": 9272972,
                "login": "sighoya",
                "node_id": "MDQ6VXNlcjkyNzI5NzI=",
                "organizations_url": "https://api.github.com/users/sighoya/orgs",
                "received_events_url": "https://api.github.com/users/sighoya/received_events",
                "repos_url": "https://api.github.com/users/sighoya/repos",
                "site_admin": false,
                "starred_url": "https://api.github.com/users/sighoya/starred{/owner}{/repo}",
                "subscriptions_url": "https://api.github.com/users/sighoya/subscriptions",
                "type": "User",
                "url": "https://api.github.com/users/sighoya"
            },
            "commit_id": null,
            "commit_url": null,
            "created_at": "2018-08-14T12:32:33Z",
            "event": "mentioned",
            "id": 1787653556,
            "node_id": "MDE0Ok1lbnRpb25lZEV2ZW50MTc4NzY1MzU1Ng==",
            "url": "https://api.github.com/repos/keean/zenscript/issues/events/1787653556"
        },
        {
            "actor": {
                "avatar_url": "https://avatars0.githubusercontent.com/u/9272972?v=4",
                "events_url": "https://api.github.com/users/sighoya/events{/privacy}",
                "followers_url": "https://api.github.com/users/sighoya/followers",
                "following_url": "https://api.github.com/users/sighoya/following{/other_user}",
                "gists_url": "https://api.github.com/users/sighoya/gists{/gist_id}",
                "gravatar_id": "",
                "html_url": "https://github.com/sighoya",
                "id": 9272972,
                "login": "sighoya",
                "node_id": "MDQ6VXNlcjkyNzI5NzI=",
                "organizations_url": "https://api.github.com/users/sighoya/orgs",
                "received_events_url": "https://api.github.com/users/sighoya/received_events",
                "repos_url": "https://api.github.com/users/sighoya/repos",
                "site_admin": false,
                "starred_url": "https://api.github.com/users/sighoya/starred{/owner}{/repo}",
                "subscriptions_url": "https://api.github.com/users/sighoya/subscriptions",
                "type": "User",
                "url": "https://api.github.com/users/sighoya"
            },
            "commit_id": null,
            "commit_url": null,
            "created_at": "2018-08-14T12:32:33Z",
            "event": "subscribed",
            "id": 1787653557,
            "node_id": "MDE1OlN1YnNjcmliZWRFdmVudDE3ODc2NTM1NTc=",
            "url": "https://api.github.com/repos/keean/zenscript/issues/events/1787653557"
        }
    ],
    "events_url": "https://api.github.com/repos/keean/zenscript/issues/23/events",
    "html_url": "https://github.com/keean/zenscript/issues/23",
    "id": 180830400,
    "labels": [],
    "labels_url": "https://api.github.com/repos/keean/zenscript/issues/23/labels{/name}",
    "locked": false,
    "milestone": null,
    "node_id": "MDU6SXNzdWUxODA4MzA0MDA=",
    "number": 23,
    "repository_url": "https://api.github.com/repos/keean/zenscript",
    "state": "open",
    "title": "Lookup Rules",
    "updated_at": "2018-08-14T12:32:33Z",
    "url": "https://api.github.com/repos/keean/zenscript/issues/23",
    "user": {
        "avatar_url": "https://avatars2.githubusercontent.com/u/431744?v=4",
        "events_url": "https://api.github.com/users/skaller/events{/privacy}",
        "followers_url": "https://api.github.com/users/skaller/followers",
        "following_url": "https://api.github.com/users/skaller/following{/other_user}",
        "gists_url": "https://api.github.com/users/skaller/gists{/gist_id}",
        "gravatar_id": "",
        "html_url": "https://github.com/skaller",
        "id": 431744,
        "login": "skaller",
        "node_id": "MDQ6VXNlcjQzMTc0NA==",
        "organizations_url": "https://api.github.com/users/skaller/orgs",
        "received_events_url": "https://api.github.com/users/skaller/received_events",
        "repos_url": "https://api.github.com/users/skaller/repos",
        "site_admin": false,
        "starred_url": "https://api.github.com/users/skaller/starred{/owner}{/repo}",
        "subscriptions_url": "https://api.github.com/users/skaller/subscriptions",
        "type": "User",
        "url": "https://api.github.com/users/skaller"
    }
}