{
    "assignee": null,
    "assignees": [],
    "author_association": "NONE",
    "body": "@shelby3 [wrote](https://github.com/keean/zenscript/issues/18#issuecomment-251325614):\n\n> @skaller some where you wrote that you don't know why anyone would run JavaScript on the server instead of something more performant or better designed (presumably with static checking). Some reasons that come to mind (@keean may have others?):\n> - Node.JS and npm are an ecosystem\n> - Reuse of the same code on the server and the browser\n> - C++ is a pita (1500 page manual), Haskell is too obtuse, Python is slower, Scala too many corner issues, Java too verbose no damn unsigned int any way. Some of them don't have GC by default nor typeclasses.\n> - JavaScript's asynchronous concurrency model is a better first step than multi-threading\n> - Compiling to JavaScript from most other languages carries of load of other crap with it. Bucklescript and Purescript maybe exceptions, but we didn't feel those languages give us what we or the mainstream want.\n> \n> In short, there really isn't a great general purpose language for modern programming. That is probably why we are doing this, even though both of us probably didn't want to take time away from other important work we also need to do.\n",
    "closed_at": null,
    "comment_data": [
        {
            "author_association": "NONE",
            "body": "Before y'all get too attached to the name ZenScript, please note I[ want to change it](https://github.com/keean/zenscript/issues/3#issuecomment-250894289) to Type-fu.\n\nSeems I better do something about this soon, before this ZenScript name gets adopted into everyone's consciousness by default.\n",
            "created_at": "2016-10-04T08:40:17Z",
            "html_url": "https://github.com/keean/zenscript/issues/24#issuecomment-251328716",
            "id": 251328716,
            "issue_url": "https://api.github.com/repos/keean/zenscript/issues/24",
            "node_id": "MDEyOklzc3VlQ29tbWVudDI1MTMyODcxNg==",
            "updated_at": "2016-10-04T11:48:24Z",
            "url": "https://api.github.com/repos/keean/zenscript/issues/comments/251328716",
            "user": {
                "avatar_url": "https://avatars3.githubusercontent.com/u/247731?v=4",
                "events_url": "https://api.github.com/users/shelby3/events{/privacy}",
                "followers_url": "https://api.github.com/users/shelby3/followers",
                "following_url": "https://api.github.com/users/shelby3/following{/other_user}",
                "gists_url": "https://api.github.com/users/shelby3/gists{/gist_id}",
                "gravatar_id": "",
                "html_url": "https://github.com/shelby3",
                "id": 247731,
                "login": "shelby3",
                "node_id": "MDQ6VXNlcjI0NzczMQ==",
                "organizations_url": "https://api.github.com/users/shelby3/orgs",
                "received_events_url": "https://api.github.com/users/shelby3/received_events",
                "repos_url": "https://api.github.com/users/shelby3/repos",
                "site_admin": false,
                "starred_url": "https://api.github.com/users/shelby3/starred{/owner}{/repo}",
                "subscriptions_url": "https://api.github.com/users/shelby3/subscriptions",
                "type": "User",
                "url": "https://api.github.com/users/shelby3"
            }
        },
        {
            "author_association": "NONE",
            "body": "@skaller [replied](https://github.com/keean/zenscript/issues/18#issuecomment-251337053):\n\n> There is a great language for modern programming: Felix. Of course it won't run in a browser which is a big negative.\n\nAnd frankly I would expect even otherwise Felix would still get very low adoption by the JavaScript/Java/Python mainstream because of Felix's [syntax choices](https://github.com/keean/zenscript/issues/6#issuecomment-251359827) and making the language [too powerful](https://github.com/keean/zenscript/issues/18#issuecomment-250950800). I don't know about competing with C++, as I last coded in C++ in 2002.\n\nI could be wrong about that though. I am getting old (51) so I may be out-of-touch.\n\nFelix may be a great powerful language though. I don't know it well yet.\n\n> But JS is useless for anything serious. I don't know node.js but I know people that have used it to do servers and they say it is utter crap once you go past a really simple \"canned\" application. Google agrees, that's why they invented Go, to write servers. Go is crap too of course :)\n> \n> The best language I've seen recently that is popular is actually Apple's Swift.\n\nSwift doesn't have typeclasses. I read it facilitates a design pattern which can sort of give some of the benefits of typeclasses, but afaik the compiler isn't doing the heavy lifting.\n\nAlso I remember something about Swift using the upper bits of a 64-bit value for something on Android (something about memory addressing afair). I forgot the details. Seemed really hokey when I was reading about it.\n\nAny way, we should expect Swift to be pretty good since its primary designer is apparently the creator of LLVM.\n\nI think we need to move reasonably quickly on something like ZenScript, because Swift is for example gaining momentum and it doesn't have typeclasses in earnest.\n\nI should probably expend some more time studying Swift and relay my findings.\n\n> Given that it has to wrap Objective C, it is pretty cool: variants, pattern matching, HOFs, closures, etc. They say it will be open sourced eventually.\n> \n> In any case, I have no problem with a language that targets javascript. Zen is certain to be useful. I'm all in favour!\n\nPlease continue that discussion here. It doesn't apply to Compiler Implementation. That is why I made this thread.\n",
            "created_at": "2016-10-04T11:41:40Z",
            "html_url": "https://github.com/keean/zenscript/issues/24#issuecomment-251365057",
            "id": 251365057,
            "issue_url": "https://api.github.com/repos/keean/zenscript/issues/24",
            "node_id": "MDEyOklzc3VlQ29tbWVudDI1MTM2NTA1Nw==",
            "updated_at": "2016-10-04T11:47:17Z",
            "url": "https://api.github.com/repos/keean/zenscript/issues/comments/251365057",
            "user": {
                "avatar_url": "https://avatars3.githubusercontent.com/u/247731?v=4",
                "events_url": "https://api.github.com/users/shelby3/events{/privacy}",
                "followers_url": "https://api.github.com/users/shelby3/followers",
                "following_url": "https://api.github.com/users/shelby3/following{/other_user}",
                "gists_url": "https://api.github.com/users/shelby3/gists{/gist_id}",
                "gravatar_id": "",
                "html_url": "https://github.com/shelby3",
                "id": 247731,
                "login": "shelby3",
                "node_id": "MDQ6VXNlcjI0NzczMQ==",
                "organizations_url": "https://api.github.com/users/shelby3/orgs",
                "received_events_url": "https://api.github.com/users/shelby3/received_events",
                "repos_url": "https://api.github.com/users/shelby3/repos",
                "site_admin": false,
                "starred_url": "https://api.github.com/users/shelby3/starred{/owner}{/repo}",
                "subscriptions_url": "https://api.github.com/users/shelby3/subscriptions",
                "type": "User",
                "url": "https://api.github.com/users/shelby3"
            }
        },
        {
            "author_association": "NONE",
            "body": "Haha .. you're a spring chicken. I'm 61 :)\n\nActually, Swift DOES have type classes. It doesn't call them that but it does have them.\nI don't know quite how powerful they are but Swift is not static, they're upgrading it.\nIt's not perfect by any means, but at least the developers knew some dang computer science!\n",
            "created_at": "2016-10-04T13:36:20Z",
            "html_url": "https://github.com/keean/zenscript/issues/24#issuecomment-251389409",
            "id": 251389409,
            "issue_url": "https://api.github.com/repos/keean/zenscript/issues/24",
            "node_id": "MDEyOklzc3VlQ29tbWVudDI1MTM4OTQwOQ==",
            "updated_at": "2016-10-04T13:36:20Z",
            "url": "https://api.github.com/repos/keean/zenscript/issues/comments/251389409",
            "user": {
                "avatar_url": "https://avatars2.githubusercontent.com/u/431744?v=4",
                "events_url": "https://api.github.com/users/skaller/events{/privacy}",
                "followers_url": "https://api.github.com/users/skaller/followers",
                "following_url": "https://api.github.com/users/skaller/following{/other_user}",
                "gists_url": "https://api.github.com/users/skaller/gists{/gist_id}",
                "gravatar_id": "",
                "html_url": "https://github.com/skaller",
                "id": 431744,
                "login": "skaller",
                "node_id": "MDQ6VXNlcjQzMTc0NA==",
                "organizations_url": "https://api.github.com/users/skaller/orgs",
                "received_events_url": "https://api.github.com/users/skaller/received_events",
                "repos_url": "https://api.github.com/users/skaller/repos",
                "site_admin": false,
                "starred_url": "https://api.github.com/users/skaller/starred{/owner}{/repo}",
                "subscriptions_url": "https://api.github.com/users/skaller/subscriptions",
                "type": "User",
                "url": "https://api.github.com/users/skaller"
            }
        },
        {
            "author_association": "NONE",
            "body": "> JS is useless for anything serious\n\nI would seriously fight you on that. Unless you can show me a useful language (as in, not some esoteric language no one uses) that has prototypal inheritance, JavaScript is actually one of the most useful languages out there. Also, it's the most used language in the world and it used by massive servers all the time. \n\nOptional typing through TypeScript massively improves the language of course (which is why Google is probably going to make a superset of JavaScript that is somewhat compatible with TypeScript, called SoundScript).\n\nJavaScript is based on Scheme and Self, two of my favorite languages. I wish it had some more features of Scheme of course, but overall, JavaScript is fast, powerful, available on all platforms (there's embedded systems running JS for christ's sake) and it has the best ecosystem by a long shot.\n",
            "created_at": "2016-10-04T14:03:46Z",
            "html_url": "https://github.com/keean/zenscript/issues/24#issuecomment-251397069",
            "id": 251397069,
            "issue_url": "https://api.github.com/repos/keean/zenscript/issues/24",
            "node_id": "MDEyOklzc3VlQ29tbWVudDI1MTM5NzA2OQ==",
            "updated_at": "2016-10-04T14:03:56Z",
            "url": "https://api.github.com/repos/keean/zenscript/issues/comments/251397069",
            "user": {
                "avatar_url": "https://avatars2.githubusercontent.com/u/4284735?v=4",
                "events_url": "https://api.github.com/users/SimonMeskens/events{/privacy}",
                "followers_url": "https://api.github.com/users/SimonMeskens/followers",
                "following_url": "https://api.github.com/users/SimonMeskens/following{/other_user}",
                "gists_url": "https://api.github.com/users/SimonMeskens/gists{/gist_id}",
                "gravatar_id": "",
                "html_url": "https://github.com/SimonMeskens",
                "id": 4284735,
                "login": "SimonMeskens",
                "node_id": "MDQ6VXNlcjQyODQ3MzU=",
                "organizations_url": "https://api.github.com/users/SimonMeskens/orgs",
                "received_events_url": "https://api.github.com/users/SimonMeskens/received_events",
                "repos_url": "https://api.github.com/users/SimonMeskens/repos",
                "site_admin": false,
                "starred_url": "https://api.github.com/users/SimonMeskens/starred{/owner}{/repo}",
                "subscriptions_url": "https://api.github.com/users/SimonMeskens/subscriptions",
                "type": "User",
                "url": "https://api.github.com/users/SimonMeskens"
            }
        },
        {
            "author_association": "NONE",
            "body": "> JavaScript's asynchronous concurrency model is a better first step than multi-threading\n\nI think this is important too, I talked about it before, but JavaScript's setTimeout model is pure genius. I'm not even sure which other language even has it? It's a very good concurrency model. It's simple, powerful and as you said @shelby3, a really good first step to build more useful abstractions on top of.\n\nIt's basically a simple even queuing system. Most infinite loops in JS are written by: running the loop once, queuing it to run again. You yield priority to other processes by requeuing it (timeout of 0 works really well here).\n",
            "created_at": "2016-10-04T14:07:24Z",
            "html_url": "https://github.com/keean/zenscript/issues/24#issuecomment-251398093",
            "id": 251398093,
            "issue_url": "https://api.github.com/repos/keean/zenscript/issues/24",
            "node_id": "MDEyOklzc3VlQ29tbWVudDI1MTM5ODA5Mw==",
            "updated_at": "2016-10-04T14:09:27Z",
            "url": "https://api.github.com/repos/keean/zenscript/issues/comments/251398093",
            "user": {
                "avatar_url": "https://avatars2.githubusercontent.com/u/4284735?v=4",
                "events_url": "https://api.github.com/users/SimonMeskens/events{/privacy}",
                "followers_url": "https://api.github.com/users/SimonMeskens/followers",
                "following_url": "https://api.github.com/users/SimonMeskens/following{/other_user}",
                "gists_url": "https://api.github.com/users/SimonMeskens/gists{/gist_id}",
                "gravatar_id": "",
                "html_url": "https://github.com/SimonMeskens",
                "id": 4284735,
                "login": "SimonMeskens",
                "node_id": "MDQ6VXNlcjQyODQ3MzU=",
                "organizations_url": "https://api.github.com/users/SimonMeskens/orgs",
                "received_events_url": "https://api.github.com/users/SimonMeskens/received_events",
                "repos_url": "https://api.github.com/users/SimonMeskens/repos",
                "site_admin": false,
                "starred_url": "https://api.github.com/users/SimonMeskens/starred{/owner}{/repo}",
                "subscriptions_url": "https://api.github.com/users/SimonMeskens/subscriptions",
                "type": "User",
                "url": "https://api.github.com/users/SimonMeskens"
            }
        },
        {
            "author_association": "NONE",
            "body": "So Swift can do typeclasses. The part I missed before when I linked [to this](https://touk.pl/blog/2015/09/14/typeclasses-in-swift/):\n\n> There is also another way of expressing the same idea: see this [article on how to do it using Swift 1.2](http://slashmesays.tumblr.com/post/87833542239/type-classes-in-swift) (spoiler alert: `<C: Ceasarable where C.T == C>`)\n\nSo you could do multiple associated type parameter typeclasses with the linked method.\n\nSo I would say let's transpile to Swift (or just use Swift!), except:\n- there is no JS compiler, and if there ever is, it will [likely be](https://www.quora.com/Is-there-a-Swift-to-JS-compiler/answer/Geordie-Jay) some bloated LLVM -> asm.js loss of correspondence.\n- ARC instead of GC (and I remember the ARC count is what they are storing in the upper bits of the memory address)\n- no inferred anonymous unions\n- uses brackets instead of block indenting\n- no everything-is-an-expression\n\nOther reasons to create ZenScript instead of hoping to advance with Swift over time, is that syntax of Swift isn't ideal from my (and probably @keean's) perspective such as lacking a `data` type syntax.\n",
            "created_at": "2016-10-04T18:44:58Z",
            "html_url": "https://github.com/keean/zenscript/issues/24#issuecomment-251476896",
            "id": 251476896,
            "issue_url": "https://api.github.com/repos/keean/zenscript/issues/24",
            "node_id": "MDEyOklzc3VlQ29tbWVudDI1MTQ3Njg5Ng==",
            "updated_at": "2016-10-05T00:31:51Z",
            "url": "https://api.github.com/repos/keean/zenscript/issues/comments/251476896",
            "user": {
                "avatar_url": "https://avatars3.githubusercontent.com/u/247731?v=4",
                "events_url": "https://api.github.com/users/shelby3/events{/privacy}",
                "followers_url": "https://api.github.com/users/shelby3/followers",
                "following_url": "https://api.github.com/users/shelby3/following{/other_user}",
                "gists_url": "https://api.github.com/users/shelby3/gists{/gist_id}",
                "gravatar_id": "",
                "html_url": "https://github.com/shelby3",
                "id": 247731,
                "login": "shelby3",
                "node_id": "MDQ6VXNlcjI0NzczMQ==",
                "organizations_url": "https://api.github.com/users/shelby3/orgs",
                "received_events_url": "https://api.github.com/users/shelby3/received_events",
                "repos_url": "https://api.github.com/users/shelby3/repos",
                "site_admin": false,
                "starred_url": "https://api.github.com/users/shelby3/starred{/owner}{/repo}",
                "subscriptions_url": "https://api.github.com/users/shelby3/subscriptions",
                "type": "User",
                "url": "https://api.github.com/users/shelby3"
            }
        },
        {
            "author_association": "OWNER",
            "body": "@shelby3 I can't see any evidence Swift can do multi-parameter type classes from following the link.\n",
            "created_at": "2016-10-04T19:40:05Z",
            "html_url": "https://github.com/keean/zenscript/issues/24#issuecomment-251490759",
            "id": 251490759,
            "issue_url": "https://api.github.com/repos/keean/zenscript/issues/24",
            "node_id": "MDEyOklzc3VlQ29tbWVudDI1MTQ5MDc1OQ==",
            "updated_at": "2016-10-04T19:40:05Z",
            "url": "https://api.github.com/repos/keean/zenscript/issues/comments/251490759",
            "user": {
                "avatar_url": "https://avatars2.githubusercontent.com/u/508384?v=4",
                "events_url": "https://api.github.com/users/keean/events{/privacy}",
                "followers_url": "https://api.github.com/users/keean/followers",
                "following_url": "https://api.github.com/users/keean/following{/other_user}",
                "gists_url": "https://api.github.com/users/keean/gists{/gist_id}",
                "gravatar_id": "",
                "html_url": "https://github.com/keean",
                "id": 508384,
                "login": "keean",
                "node_id": "MDQ6VXNlcjUwODM4NA==",
                "organizations_url": "https://api.github.com/users/keean/orgs",
                "received_events_url": "https://api.github.com/users/keean/received_events",
                "repos_url": "https://api.github.com/users/keean/repos",
                "site_admin": false,
                "starred_url": "https://api.github.com/users/keean/starred{/owner}{/repo}",
                "subscriptions_url": "https://api.github.com/users/keean/subscriptions",
                "type": "User",
                "url": "https://api.github.com/users/keean"
            }
        },
        {
            "author_association": "NONE",
            "body": "@keean I think we'd write that instead `<A, B, C: Ceasarable where C.A == A, C.B == B>` assuming Swift supports that intersection syntax on a `where` clause.\n",
            "created_at": "2016-10-05T00:33:29Z",
            "html_url": "https://github.com/keean/zenscript/issues/24#issuecomment-251552436",
            "id": 251552436,
            "issue_url": "https://api.github.com/repos/keean/zenscript/issues/24",
            "node_id": "MDEyOklzc3VlQ29tbWVudDI1MTU1MjQzNg==",
            "updated_at": "2016-10-05T00:33:59Z",
            "url": "https://api.github.com/repos/keean/zenscript/issues/comments/251552436",
            "user": {
                "avatar_url": "https://avatars3.githubusercontent.com/u/247731?v=4",
                "events_url": "https://api.github.com/users/shelby3/events{/privacy}",
                "followers_url": "https://api.github.com/users/shelby3/followers",
                "following_url": "https://api.github.com/users/shelby3/following{/other_user}",
                "gists_url": "https://api.github.com/users/shelby3/gists{/gist_id}",
                "gravatar_id": "",
                "html_url": "https://github.com/shelby3",
                "id": 247731,
                "login": "shelby3",
                "node_id": "MDQ6VXNlcjI0NzczMQ==",
                "organizations_url": "https://api.github.com/users/shelby3/orgs",
                "received_events_url": "https://api.github.com/users/shelby3/received_events",
                "repos_url": "https://api.github.com/users/shelby3/repos",
                "site_admin": false,
                "starred_url": "https://api.github.com/users/shelby3/starred{/owner}{/repo}",
                "subscriptions_url": "https://api.github.com/users/shelby3/subscriptions",
                "type": "User",
                "url": "https://api.github.com/users/shelby3"
            }
        },
        {
            "author_association": "NONE",
            "body": "Re: Why Zenscript?\r\n\r\nI [wrote](https://github.com/keean/zenscript/issues/17#issuecomment-368366762):\r\n> And @evancz the creator of Elm [realizes](https://github.com/elm-lang/projects/blob/master/roadmap.md#can-i-use-elm-on-servers) that it’s not designed for all those use cases. I agree with his point that [“alternatives make each community stronger”](https://youtu.be/DSjbTC-hvqQ?t=177).\r\n\r\nThe [Organizational Structure of Programming Languages](https://youtu.be/DSjbTC-hvqQ?t=508).",
            "created_at": "2018-02-26T04:33:32Z",
            "html_url": "https://github.com/keean/zenscript/issues/24#issuecomment-368387627",
            "id": 368387627,
            "issue_url": "https://api.github.com/repos/keean/zenscript/issues/24",
            "node_id": "MDEyOklzc3VlQ29tbWVudDM2ODM4NzYyNw==",
            "updated_at": "2018-02-27T09:12:14Z",
            "url": "https://api.github.com/repos/keean/zenscript/issues/comments/368387627",
            "user": {
                "avatar_url": "https://avatars3.githubusercontent.com/u/247731?v=4",
                "events_url": "https://api.github.com/users/shelby3/events{/privacy}",
                "followers_url": "https://api.github.com/users/shelby3/followers",
                "following_url": "https://api.github.com/users/shelby3/following{/other_user}",
                "gists_url": "https://api.github.com/users/shelby3/gists{/gist_id}",
                "gravatar_id": "",
                "html_url": "https://github.com/shelby3",
                "id": 247731,
                "login": "shelby3",
                "node_id": "MDQ6VXNlcjI0NzczMQ==",
                "organizations_url": "https://api.github.com/users/shelby3/orgs",
                "received_events_url": "https://api.github.com/users/shelby3/received_events",
                "repos_url": "https://api.github.com/users/shelby3/repos",
                "site_admin": false,
                "starred_url": "https://api.github.com/users/shelby3/starred{/owner}{/repo}",
                "subscriptions_url": "https://api.github.com/users/shelby3/subscriptions",
                "type": "User",
                "url": "https://api.github.com/users/shelby3"
            }
        }
    ],
    "comments": 9,
    "comments_url": "https://api.github.com/repos/keean/zenscript/issues/24/comments",
    "created_at": "2016-10-04T08:29:19Z",
    "event_data": [
        {
            "actor": {
                "avatar_url": "https://avatars3.githubusercontent.com/u/247731?v=4",
                "events_url": "https://api.github.com/users/shelby3/events{/privacy}",
                "followers_url": "https://api.github.com/users/shelby3/followers",
                "following_url": "https://api.github.com/users/shelby3/following{/other_user}",
                "gists_url": "https://api.github.com/users/shelby3/gists{/gist_id}",
                "gravatar_id": "",
                "html_url": "https://github.com/shelby3",
                "id": 247731,
                "login": "shelby3",
                "node_id": "MDQ6VXNlcjI0NzczMQ==",
                "organizations_url": "https://api.github.com/users/shelby3/orgs",
                "received_events_url": "https://api.github.com/users/shelby3/received_events",
                "repos_url": "https://api.github.com/users/shelby3/repos",
                "site_admin": false,
                "starred_url": "https://api.github.com/users/shelby3/starred{/owner}{/repo}",
                "subscriptions_url": "https://api.github.com/users/shelby3/subscriptions",
                "type": "User",
                "url": "https://api.github.com/users/shelby3"
            },
            "commit_id": null,
            "commit_url": null,
            "created_at": "2016-10-04T08:29:19Z",
            "event": "mentioned",
            "id": 811400799,
            "node_id": "MDE0Ok1lbnRpb25lZEV2ZW50ODExNDAwNzk5",
            "url": "https://api.github.com/repos/keean/zenscript/issues/events/811400799"
        },
        {
            "actor": {
                "avatar_url": "https://avatars3.githubusercontent.com/u/247731?v=4",
                "events_url": "https://api.github.com/users/shelby3/events{/privacy}",
                "followers_url": "https://api.github.com/users/shelby3/followers",
                "following_url": "https://api.github.com/users/shelby3/following{/other_user}",
                "gists_url": "https://api.github.com/users/shelby3/gists{/gist_id}",
                "gravatar_id": "",
                "html_url": "https://github.com/shelby3",
                "id": 247731,
                "login": "shelby3",
                "node_id": "MDQ6VXNlcjI0NzczMQ==",
                "organizations_url": "https://api.github.com/users/shelby3/orgs",
                "received_events_url": "https://api.github.com/users/shelby3/received_events",
                "repos_url": "https://api.github.com/users/shelby3/repos",
                "site_admin": false,
                "starred_url": "https://api.github.com/users/shelby3/starred{/owner}{/repo}",
                "subscriptions_url": "https://api.github.com/users/shelby3/subscriptions",
                "type": "User",
                "url": "https://api.github.com/users/shelby3"
            },
            "commit_id": null,
            "commit_url": null,
            "created_at": "2016-10-04T08:29:19Z",
            "event": "subscribed",
            "id": 811400800,
            "node_id": "MDE1OlN1YnNjcmliZWRFdmVudDgxMTQwMDgwMA==",
            "url": "https://api.github.com/repos/keean/zenscript/issues/events/811400800"
        },
        {
            "actor": {
                "avatar_url": "https://avatars2.githubusercontent.com/u/431744?v=4",
                "events_url": "https://api.github.com/users/skaller/events{/privacy}",
                "followers_url": "https://api.github.com/users/skaller/followers",
                "following_url": "https://api.github.com/users/skaller/following{/other_user}",
                "gists_url": "https://api.github.com/users/skaller/gists{/gist_id}",
                "gravatar_id": "",
                "html_url": "https://github.com/skaller",
                "id": 431744,
                "login": "skaller",
                "node_id": "MDQ6VXNlcjQzMTc0NA==",
                "organizations_url": "https://api.github.com/users/skaller/orgs",
                "received_events_url": "https://api.github.com/users/skaller/received_events",
                "repos_url": "https://api.github.com/users/skaller/repos",
                "site_admin": false,
                "starred_url": "https://api.github.com/users/skaller/starred{/owner}{/repo}",
                "subscriptions_url": "https://api.github.com/users/skaller/subscriptions",
                "type": "User",
                "url": "https://api.github.com/users/skaller"
            },
            "commit_id": null,
            "commit_url": null,
            "created_at": "2016-10-04T08:29:19Z",
            "event": "mentioned",
            "id": 811400801,
            "node_id": "MDE0Ok1lbnRpb25lZEV2ZW50ODExNDAwODAx",
            "url": "https://api.github.com/repos/keean/zenscript/issues/events/811400801"
        },
        {
            "actor": {
                "avatar_url": "https://avatars2.githubusercontent.com/u/431744?v=4",
                "events_url": "https://api.github.com/users/skaller/events{/privacy}",
                "followers_url": "https://api.github.com/users/skaller/followers",
                "following_url": "https://api.github.com/users/skaller/following{/other_user}",
                "gists_url": "https://api.github.com/users/skaller/gists{/gist_id}",
                "gravatar_id": "",
                "html_url": "https://github.com/skaller",
                "id": 431744,
                "login": "skaller",
                "node_id": "MDQ6VXNlcjQzMTc0NA==",
                "organizations_url": "https://api.github.com/users/skaller/orgs",
                "received_events_url": "https://api.github.com/users/skaller/received_events",
                "repos_url": "https://api.github.com/users/skaller/repos",
                "site_admin": false,
                "starred_url": "https://api.github.com/users/skaller/starred{/owner}{/repo}",
                "subscriptions_url": "https://api.github.com/users/skaller/subscriptions",
                "type": "User",
                "url": "https://api.github.com/users/skaller"
            },
            "commit_id": null,
            "commit_url": null,
            "created_at": "2016-10-04T08:29:19Z",
            "event": "subscribed",
            "id": 811400802,
            "node_id": "MDE1OlN1YnNjcmliZWRFdmVudDgxMTQwMDgwMg==",
            "url": "https://api.github.com/repos/keean/zenscript/issues/events/811400802"
        },
        {
            "actor": {
                "avatar_url": "https://avatars2.githubusercontent.com/u/508384?v=4",
                "events_url": "https://api.github.com/users/keean/events{/privacy}",
                "followers_url": "https://api.github.com/users/keean/followers",
                "following_url": "https://api.github.com/users/keean/following{/other_user}",
                "gists_url": "https://api.github.com/users/keean/gists{/gist_id}",
                "gravatar_id": "",
                "html_url": "https://github.com/keean",
                "id": 508384,
                "login": "keean",
                "node_id": "MDQ6VXNlcjUwODM4NA==",
                "organizations_url": "https://api.github.com/users/keean/orgs",
                "received_events_url": "https://api.github.com/users/keean/received_events",
                "repos_url": "https://api.github.com/users/keean/repos",
                "site_admin": false,
                "starred_url": "https://api.github.com/users/keean/starred{/owner}{/repo}",
                "subscriptions_url": "https://api.github.com/users/keean/subscriptions",
                "type": "User",
                "url": "https://api.github.com/users/keean"
            },
            "commit_id": null,
            "commit_url": null,
            "created_at": "2016-10-04T08:29:19Z",
            "event": "mentioned",
            "id": 811400804,
            "node_id": "MDE0Ok1lbnRpb25lZEV2ZW50ODExNDAwODA0",
            "url": "https://api.github.com/repos/keean/zenscript/issues/events/811400804"
        },
        {
            "actor": {
                "avatar_url": "https://avatars2.githubusercontent.com/u/508384?v=4",
                "events_url": "https://api.github.com/users/keean/events{/privacy}",
                "followers_url": "https://api.github.com/users/keean/followers",
                "following_url": "https://api.github.com/users/keean/following{/other_user}",
                "gists_url": "https://api.github.com/users/keean/gists{/gist_id}",
                "gravatar_id": "",
                "html_url": "https://github.com/keean",
                "id": 508384,
                "login": "keean",
                "node_id": "MDQ6VXNlcjUwODM4NA==",
                "organizations_url": "https://api.github.com/users/keean/orgs",
                "received_events_url": "https://api.github.com/users/keean/received_events",
                "repos_url": "https://api.github.com/users/keean/repos",
                "site_admin": false,
                "starred_url": "https://api.github.com/users/keean/starred{/owner}{/repo}",
                "subscriptions_url": "https://api.github.com/users/keean/subscriptions",
                "type": "User",
                "url": "https://api.github.com/users/keean"
            },
            "commit_id": null,
            "commit_url": null,
            "created_at": "2016-10-04T08:29:19Z",
            "event": "subscribed",
            "id": 811400805,
            "node_id": "MDE1OlN1YnNjcmliZWRFdmVudDgxMTQwMDgwNQ==",
            "url": "https://api.github.com/repos/keean/zenscript/issues/events/811400805"
        },
        {
            "actor": {
                "avatar_url": "https://avatars2.githubusercontent.com/u/431744?v=4",
                "events_url": "https://api.github.com/users/skaller/events{/privacy}",
                "followers_url": "https://api.github.com/users/skaller/followers",
                "following_url": "https://api.github.com/users/skaller/following{/other_user}",
                "gists_url": "https://api.github.com/users/skaller/gists{/gist_id}",
                "gravatar_id": "",
                "html_url": "https://github.com/skaller",
                "id": 431744,
                "login": "skaller",
                "node_id": "MDQ6VXNlcjQzMTc0NA==",
                "organizations_url": "https://api.github.com/users/skaller/orgs",
                "received_events_url": "https://api.github.com/users/skaller/received_events",
                "repos_url": "https://api.github.com/users/skaller/repos",
                "site_admin": false,
                "starred_url": "https://api.github.com/users/skaller/starred{/owner}{/repo}",
                "subscriptions_url": "https://api.github.com/users/skaller/subscriptions",
                "type": "User",
                "url": "https://api.github.com/users/skaller"
            },
            "commit_id": null,
            "commit_url": null,
            "created_at": "2016-10-04T11:41:40Z",
            "event": "mentioned",
            "id": 811609658,
            "node_id": "MDE0Ok1lbnRpb25lZEV2ZW50ODExNjA5NjU4",
            "url": "https://api.github.com/repos/keean/zenscript/issues/events/811609658"
        },
        {
            "actor": {
                "avatar_url": "https://avatars2.githubusercontent.com/u/431744?v=4",
                "events_url": "https://api.github.com/users/skaller/events{/privacy}",
                "followers_url": "https://api.github.com/users/skaller/followers",
                "following_url": "https://api.github.com/users/skaller/following{/other_user}",
                "gists_url": "https://api.github.com/users/skaller/gists{/gist_id}",
                "gravatar_id": "",
                "html_url": "https://github.com/skaller",
                "id": 431744,
                "login": "skaller",
                "node_id": "MDQ6VXNlcjQzMTc0NA==",
                "organizations_url": "https://api.github.com/users/skaller/orgs",
                "received_events_url": "https://api.github.com/users/skaller/received_events",
                "repos_url": "https://api.github.com/users/skaller/repos",
                "site_admin": false,
                "starred_url": "https://api.github.com/users/skaller/starred{/owner}{/repo}",
                "subscriptions_url": "https://api.github.com/users/skaller/subscriptions",
                "type": "User",
                "url": "https://api.github.com/users/skaller"
            },
            "commit_id": null,
            "commit_url": null,
            "created_at": "2016-10-04T11:41:40Z",
            "event": "subscribed",
            "id": 811609659,
            "node_id": "MDE1OlN1YnNjcmliZWRFdmVudDgxMTYwOTY1OQ==",
            "url": "https://api.github.com/repos/keean/zenscript/issues/events/811609659"
        },
        {
            "actor": {
                "avatar_url": "https://avatars3.githubusercontent.com/u/247731?v=4",
                "events_url": "https://api.github.com/users/shelby3/events{/privacy}",
                "followers_url": "https://api.github.com/users/shelby3/followers",
                "following_url": "https://api.github.com/users/shelby3/following{/other_user}",
                "gists_url": "https://api.github.com/users/shelby3/gists{/gist_id}",
                "gravatar_id": "",
                "html_url": "https://github.com/shelby3",
                "id": 247731,
                "login": "shelby3",
                "node_id": "MDQ6VXNlcjI0NzczMQ==",
                "organizations_url": "https://api.github.com/users/shelby3/orgs",
                "received_events_url": "https://api.github.com/users/shelby3/received_events",
                "repos_url": "https://api.github.com/users/shelby3/repos",
                "site_admin": false,
                "starred_url": "https://api.github.com/users/shelby3/starred{/owner}{/repo}",
                "subscriptions_url": "https://api.github.com/users/shelby3/subscriptions",
                "type": "User",
                "url": "https://api.github.com/users/shelby3"
            },
            "commit_id": null,
            "commit_url": null,
            "created_at": "2016-10-04T14:07:24Z",
            "event": "mentioned",
            "id": 811797389,
            "node_id": "MDE0Ok1lbnRpb25lZEV2ZW50ODExNzk3Mzg5",
            "url": "https://api.github.com/repos/keean/zenscript/issues/events/811797389"
        },
        {
            "actor": {
                "avatar_url": "https://avatars3.githubusercontent.com/u/247731?v=4",
                "events_url": "https://api.github.com/users/shelby3/events{/privacy}",
                "followers_url": "https://api.github.com/users/shelby3/followers",
                "following_url": "https://api.github.com/users/shelby3/following{/other_user}",
                "gists_url": "https://api.github.com/users/shelby3/gists{/gist_id}",
                "gravatar_id": "",
                "html_url": "https://github.com/shelby3",
                "id": 247731,
                "login": "shelby3",
                "node_id": "MDQ6VXNlcjI0NzczMQ==",
                "organizations_url": "https://api.github.com/users/shelby3/orgs",
                "received_events_url": "https://api.github.com/users/shelby3/received_events",
                "repos_url": "https://api.github.com/users/shelby3/repos",
                "site_admin": false,
                "starred_url": "https://api.github.com/users/shelby3/starred{/owner}{/repo}",
                "subscriptions_url": "https://api.github.com/users/shelby3/subscriptions",
                "type": "User",
                "url": "https://api.github.com/users/shelby3"
            },
            "commit_id": null,
            "commit_url": null,
            "created_at": "2016-10-04T14:07:24Z",
            "event": "subscribed",
            "id": 811797390,
            "node_id": "MDE1OlN1YnNjcmliZWRFdmVudDgxMTc5NzM5MA==",
            "url": "https://api.github.com/repos/keean/zenscript/issues/events/811797390"
        },
        {
            "actor": {
                "avatar_url": "https://avatars2.githubusercontent.com/u/508384?v=4",
                "events_url": "https://api.github.com/users/keean/events{/privacy}",
                "followers_url": "https://api.github.com/users/keean/followers",
                "following_url": "https://api.github.com/users/keean/following{/other_user}",
                "gists_url": "https://api.github.com/users/keean/gists{/gist_id}",
                "gravatar_id": "",
                "html_url": "https://github.com/keean",
                "id": 508384,
                "login": "keean",
                "node_id": "MDQ6VXNlcjUwODM4NA==",
                "organizations_url": "https://api.github.com/users/keean/orgs",
                "received_events_url": "https://api.github.com/users/keean/received_events",
                "repos_url": "https://api.github.com/users/keean/repos",
                "site_admin": false,
                "starred_url": "https://api.github.com/users/keean/starred{/owner}{/repo}",
                "subscriptions_url": "https://api.github.com/users/keean/subscriptions",
                "type": "User",
                "url": "https://api.github.com/users/keean"
            },
            "commit_id": null,
            "commit_url": null,
            "created_at": "2016-10-04T18:44:58Z",
            "event": "mentioned",
            "id": 812218252,
            "node_id": "MDE0Ok1lbnRpb25lZEV2ZW50ODEyMjE4MjUy",
            "url": "https://api.github.com/repos/keean/zenscript/issues/events/812218252"
        },
        {
            "actor": {
                "avatar_url": "https://avatars2.githubusercontent.com/u/508384?v=4",
                "events_url": "https://api.github.com/users/keean/events{/privacy}",
                "followers_url": "https://api.github.com/users/keean/followers",
                "following_url": "https://api.github.com/users/keean/following{/other_user}",
                "gists_url": "https://api.github.com/users/keean/gists{/gist_id}",
                "gravatar_id": "",
                "html_url": "https://github.com/keean",
                "id": 508384,
                "login": "keean",
                "node_id": "MDQ6VXNlcjUwODM4NA==",
                "organizations_url": "https://api.github.com/users/keean/orgs",
                "received_events_url": "https://api.github.com/users/keean/received_events",
                "repos_url": "https://api.github.com/users/keean/repos",
                "site_admin": false,
                "starred_url": "https://api.github.com/users/keean/starred{/owner}{/repo}",
                "subscriptions_url": "https://api.github.com/users/keean/subscriptions",
                "type": "User",
                "url": "https://api.github.com/users/keean"
            },
            "commit_id": null,
            "commit_url": null,
            "created_at": "2016-10-04T18:44:58Z",
            "event": "subscribed",
            "id": 812218254,
            "node_id": "MDE1OlN1YnNjcmliZWRFdmVudDgxMjIxODI1NA==",
            "url": "https://api.github.com/repos/keean/zenscript/issues/events/812218254"
        },
        {
            "actor": {
                "avatar_url": "https://avatars3.githubusercontent.com/u/247731?v=4",
                "events_url": "https://api.github.com/users/shelby3/events{/privacy}",
                "followers_url": "https://api.github.com/users/shelby3/followers",
                "following_url": "https://api.github.com/users/shelby3/following{/other_user}",
                "gists_url": "https://api.github.com/users/shelby3/gists{/gist_id}",
                "gravatar_id": "",
                "html_url": "https://github.com/shelby3",
                "id": 247731,
                "login": "shelby3",
                "node_id": "MDQ6VXNlcjI0NzczMQ==",
                "organizations_url": "https://api.github.com/users/shelby3/orgs",
                "received_events_url": "https://api.github.com/users/shelby3/received_events",
                "repos_url": "https://api.github.com/users/shelby3/repos",
                "site_admin": false,
                "starred_url": "https://api.github.com/users/shelby3/starred{/owner}{/repo}",
                "subscriptions_url": "https://api.github.com/users/shelby3/subscriptions",
                "type": "User",
                "url": "https://api.github.com/users/shelby3"
            },
            "commit_id": null,
            "commit_url": null,
            "created_at": "2016-10-04T19:40:05Z",
            "event": "mentioned",
            "id": 812295749,
            "node_id": "MDE0Ok1lbnRpb25lZEV2ZW50ODEyMjk1NzQ5",
            "url": "https://api.github.com/repos/keean/zenscript/issues/events/812295749"
        },
        {
            "actor": {
                "avatar_url": "https://avatars3.githubusercontent.com/u/247731?v=4",
                "events_url": "https://api.github.com/users/shelby3/events{/privacy}",
                "followers_url": "https://api.github.com/users/shelby3/followers",
                "following_url": "https://api.github.com/users/shelby3/following{/other_user}",
                "gists_url": "https://api.github.com/users/shelby3/gists{/gist_id}",
                "gravatar_id": "",
                "html_url": "https://github.com/shelby3",
                "id": 247731,
                "login": "shelby3",
                "node_id": "MDQ6VXNlcjI0NzczMQ==",
                "organizations_url": "https://api.github.com/users/shelby3/orgs",
                "received_events_url": "https://api.github.com/users/shelby3/received_events",
                "repos_url": "https://api.github.com/users/shelby3/repos",
                "site_admin": false,
                "starred_url": "https://api.github.com/users/shelby3/starred{/owner}{/repo}",
                "subscriptions_url": "https://api.github.com/users/shelby3/subscriptions",
                "type": "User",
                "url": "https://api.github.com/users/shelby3"
            },
            "commit_id": null,
            "commit_url": null,
            "created_at": "2016-10-04T19:40:05Z",
            "event": "subscribed",
            "id": 812295750,
            "node_id": "MDE1OlN1YnNjcmliZWRFdmVudDgxMjI5NTc1MA==",
            "url": "https://api.github.com/repos/keean/zenscript/issues/events/812295750"
        },
        {
            "actor": {
                "avatar_url": "https://avatars2.githubusercontent.com/u/508384?v=4",
                "events_url": "https://api.github.com/users/keean/events{/privacy}",
                "followers_url": "https://api.github.com/users/keean/followers",
                "following_url": "https://api.github.com/users/keean/following{/other_user}",
                "gists_url": "https://api.github.com/users/keean/gists{/gist_id}",
                "gravatar_id": "",
                "html_url": "https://github.com/keean",
                "id": 508384,
                "login": "keean",
                "node_id": "MDQ6VXNlcjUwODM4NA==",
                "organizations_url": "https://api.github.com/users/keean/orgs",
                "received_events_url": "https://api.github.com/users/keean/received_events",
                "repos_url": "https://api.github.com/users/keean/repos",
                "site_admin": false,
                "starred_url": "https://api.github.com/users/keean/starred{/owner}{/repo}",
                "subscriptions_url": "https://api.github.com/users/keean/subscriptions",
                "type": "User",
                "url": "https://api.github.com/users/keean"
            },
            "commit_id": null,
            "commit_url": null,
            "created_at": "2016-10-05T00:33:29Z",
            "event": "mentioned",
            "id": 812607200,
            "node_id": "MDE0Ok1lbnRpb25lZEV2ZW50ODEyNjA3MjAw",
            "url": "https://api.github.com/repos/keean/zenscript/issues/events/812607200"
        },
        {
            "actor": {
                "avatar_url": "https://avatars2.githubusercontent.com/u/508384?v=4",
                "events_url": "https://api.github.com/users/keean/events{/privacy}",
                "followers_url": "https://api.github.com/users/keean/followers",
                "following_url": "https://api.github.com/users/keean/following{/other_user}",
                "gists_url": "https://api.github.com/users/keean/gists{/gist_id}",
                "gravatar_id": "",
                "html_url": "https://github.com/keean",
                "id": 508384,
                "login": "keean",
                "node_id": "MDQ6VXNlcjUwODM4NA==",
                "organizations_url": "https://api.github.com/users/keean/orgs",
                "received_events_url": "https://api.github.com/users/keean/received_events",
                "repos_url": "https://api.github.com/users/keean/repos",
                "site_admin": false,
                "starred_url": "https://api.github.com/users/keean/starred{/owner}{/repo}",
                "subscriptions_url": "https://api.github.com/users/keean/subscriptions",
                "type": "User",
                "url": "https://api.github.com/users/keean"
            },
            "commit_id": null,
            "commit_url": null,
            "created_at": "2016-10-05T00:33:29Z",
            "event": "subscribed",
            "id": 812607201,
            "node_id": "MDE1OlN1YnNjcmliZWRFdmVudDgxMjYwNzIwMQ==",
            "url": "https://api.github.com/repos/keean/zenscript/issues/events/812607201"
        },
        {
            "actor": {
                "avatar_url": "https://avatars0.githubusercontent.com/u/1658058?v=4",
                "events_url": "https://api.github.com/users/evancz/events{/privacy}",
                "followers_url": "https://api.github.com/users/evancz/followers",
                "following_url": "https://api.github.com/users/evancz/following{/other_user}",
                "gists_url": "https://api.github.com/users/evancz/gists{/gist_id}",
                "gravatar_id": "",
                "html_url": "https://github.com/evancz",
                "id": 1658058,
                "login": "evancz",
                "node_id": "MDQ6VXNlcjE2NTgwNTg=",
                "organizations_url": "https://api.github.com/users/evancz/orgs",
                "received_events_url": "https://api.github.com/users/evancz/received_events",
                "repos_url": "https://api.github.com/users/evancz/repos",
                "site_admin": false,
                "starred_url": "https://api.github.com/users/evancz/starred{/owner}{/repo}",
                "subscriptions_url": "https://api.github.com/users/evancz/subscriptions",
                "type": "User",
                "url": "https://api.github.com/users/evancz"
            },
            "commit_id": null,
            "commit_url": null,
            "created_at": "2018-02-26T04:33:32Z",
            "event": "mentioned",
            "id": 1491230465,
            "node_id": "MDE0Ok1lbnRpb25lZEV2ZW50MTQ5MTIzMDQ2NQ==",
            "url": "https://api.github.com/repos/keean/zenscript/issues/events/1491230465"
        },
        {
            "actor": {
                "avatar_url": "https://avatars0.githubusercontent.com/u/1658058?v=4",
                "events_url": "https://api.github.com/users/evancz/events{/privacy}",
                "followers_url": "https://api.github.com/users/evancz/followers",
                "following_url": "https://api.github.com/users/evancz/following{/other_user}",
                "gists_url": "https://api.github.com/users/evancz/gists{/gist_id}",
                "gravatar_id": "",
                "html_url": "https://github.com/evancz",
                "id": 1658058,
                "login": "evancz",
                "node_id": "MDQ6VXNlcjE2NTgwNTg=",
                "organizations_url": "https://api.github.com/users/evancz/orgs",
                "received_events_url": "https://api.github.com/users/evancz/received_events",
                "repos_url": "https://api.github.com/users/evancz/repos",
                "site_admin": false,
                "starred_url": "https://api.github.com/users/evancz/starred{/owner}{/repo}",
                "subscriptions_url": "https://api.github.com/users/evancz/subscriptions",
                "type": "User",
                "url": "https://api.github.com/users/evancz"
            },
            "commit_id": null,
            "commit_url": null,
            "created_at": "2018-02-26T04:33:32Z",
            "event": "subscribed",
            "id": 1491230466,
            "node_id": "MDE1OlN1YnNjcmliZWRFdmVudDE0OTEyMzA0NjY=",
            "url": "https://api.github.com/repos/keean/zenscript/issues/events/1491230466"
        }
    ],
    "events_url": "https://api.github.com/repos/keean/zenscript/issues/24/events",
    "html_url": "https://github.com/keean/zenscript/issues/24",
    "id": 180833072,
    "labels": [],
    "labels_url": "https://api.github.com/repos/keean/zenscript/issues/24/labels{/name}",
    "locked": false,
    "milestone": null,
    "node_id": "MDU6SXNzdWUxODA4MzMwNzI=",
    "number": 24,
    "repository_url": "https://api.github.com/repos/keean/zenscript",
    "state": "open",
    "title": "Why ZenScript?",
    "updated_at": "2018-02-27T09:12:14Z",
    "url": "https://api.github.com/repos/keean/zenscript/issues/24",
    "user": {
        "avatar_url": "https://avatars3.githubusercontent.com/u/247731?v=4",
        "events_url": "https://api.github.com/users/shelby3/events{/privacy}",
        "followers_url": "https://api.github.com/users/shelby3/followers",
        "following_url": "https://api.github.com/users/shelby3/following{/other_user}",
        "gists_url": "https://api.github.com/users/shelby3/gists{/gist_id}",
        "gravatar_id": "",
        "html_url": "https://github.com/shelby3",
        "id": 247731,
        "login": "shelby3",
        "node_id": "MDQ6VXNlcjI0NzczMQ==",
        "organizations_url": "https://api.github.com/users/shelby3/orgs",
        "received_events_url": "https://api.github.com/users/shelby3/received_events",
        "repos_url": "https://api.github.com/users/shelby3/repos",
        "site_admin": false,
        "starred_url": "https://api.github.com/users/shelby3/starred{/owner}{/repo}",
        "subscriptions_url": "https://api.github.com/users/shelby3/subscriptions",
        "type": "User",
        "url": "https://api.github.com/users/shelby3"
    }
}