{
    "assignee": null,
    "assignees": [],
    "author_association": "OWNER",
    "body": "This issue is for discussing the mechanism that will be used for interfacing and importing foreign functions.\n",
    "closed_at": null,
    "comment_data": [
        {
            "author_association": "OWNER",
            "body": "> I don't understand. You have to have a way to lift types and functions out of Javascript into Zenscript. There are only two realistic options:\n> \n> Provide binding syntax. I explained above it is useful to hand craft bindings. This does not preclude auto generation of the bindings. For Felix I autogenerated bindings for some huge libraries. And then spent weeks fixing them.\n> The binding constructions have to part of the language.\n> \n> Allow naked JS. I don't think this is what you want.\n> If there's another option, I don't know what it is.\n\nThe other option is to have the type system span both languages. So we can directly give types to some JavaScript functions. Then we just import them and give a type signature.\n",
            "created_at": "2016-10-04T14:57:46Z",
            "html_url": "https://github.com/keean/zenscript/issues/25#issuecomment-251413407",
            "id": 251413407,
            "issue_url": "https://api.github.com/repos/keean/zenscript/issues/25",
            "node_id": "MDEyOklzc3VlQ29tbWVudDI1MTQxMzQwNw==",
            "updated_at": "2016-10-04T14:57:46Z",
            "url": "https://api.github.com/repos/keean/zenscript/issues/comments/251413407",
            "user": {
                "avatar_url": "https://avatars2.githubusercontent.com/u/508384?v=4",
                "events_url": "https://api.github.com/users/keean/events{/privacy}",
                "followers_url": "https://api.github.com/users/keean/followers",
                "following_url": "https://api.github.com/users/keean/following{/other_user}",
                "gists_url": "https://api.github.com/users/keean/gists{/gist_id}",
                "gravatar_id": "",
                "html_url": "https://github.com/keean",
                "id": 508384,
                "login": "keean",
                "node_id": "MDQ6VXNlcjUwODM4NA==",
                "organizations_url": "https://api.github.com/users/keean/orgs",
                "received_events_url": "https://api.github.com/users/keean/received_events",
                "repos_url": "https://api.github.com/users/keean/repos",
                "site_admin": false,
                "starred_url": "https://api.github.com/users/keean/starred{/owner}{/repo}",
                "subscriptions_url": "https://api.github.com/users/keean/subscriptions",
                "type": "User",
                "url": "https://api.github.com/users/keean"
            }
        },
        {
            "author_association": "OWNER",
            "body": "I an going to start with this simple syntax:\n\n```\nforeign console.log(String) : ()\n```\n\nTo bring the foreign function into scope with the specified type.\n",
            "created_at": "2016-10-04T17:33:31Z",
            "html_url": "https://github.com/keean/zenscript/issues/25#issuecomment-251457035",
            "id": 251457035,
            "issue_url": "https://api.github.com/repos/keean/zenscript/issues/25",
            "node_id": "MDEyOklzc3VlQ29tbWVudDI1MTQ1NzAzNQ==",
            "updated_at": "2016-10-04T17:33:31Z",
            "url": "https://api.github.com/repos/keean/zenscript/issues/comments/251457035",
            "user": {
                "avatar_url": "https://avatars2.githubusercontent.com/u/508384?v=4",
                "events_url": "https://api.github.com/users/keean/events{/privacy}",
                "followers_url": "https://api.github.com/users/keean/followers",
                "following_url": "https://api.github.com/users/keean/following{/other_user}",
                "gists_url": "https://api.github.com/users/keean/gists{/gist_id}",
                "gravatar_id": "",
                "html_url": "https://github.com/keean",
                "id": 508384,
                "login": "keean",
                "node_id": "MDQ6VXNlcjUwODM4NA==",
                "organizations_url": "https://api.github.com/users/keean/orgs",
                "received_events_url": "https://api.github.com/users/keean/received_events",
                "repos_url": "https://api.github.com/users/keean/repos",
                "site_admin": false,
                "starred_url": "https://api.github.com/users/keean/starred{/owner}{/repo}",
                "subscriptions_url": "https://api.github.com/users/keean/subscriptions",
                "type": "User",
                "url": "https://api.github.com/users/keean"
            }
        },
        {
            "author_association": "NONE",
            "body": "@keean wrote:\n\n> So we can directly give types to some JavaScript functions.\n\nThe type of JavaScript stuff is always `any` and thus we can't do anything with it in our type system unless we are just writing and not reading. For reading in values, we must have wrappers that actually check values at runtime and enforce the types it assigns to them.\n\nAlso on writing we may need to do conversion for example to `Number`, unless we have a `Number` type in our language which models the JavaScript type.\n",
            "created_at": "2016-10-04T17:54:18Z",
            "html_url": "https://github.com/keean/zenscript/issues/25#issuecomment-251462831",
            "id": 251462831,
            "issue_url": "https://api.github.com/repos/keean/zenscript/issues/25",
            "node_id": "MDEyOklzc3VlQ29tbWVudDI1MTQ2MjgzMQ==",
            "updated_at": "2016-10-04T17:57:12Z",
            "url": "https://api.github.com/repos/keean/zenscript/issues/comments/251462831",
            "user": {
                "avatar_url": "https://avatars3.githubusercontent.com/u/247731?v=4",
                "events_url": "https://api.github.com/users/shelby3/events{/privacy}",
                "followers_url": "https://api.github.com/users/shelby3/followers",
                "following_url": "https://api.github.com/users/shelby3/following{/other_user}",
                "gists_url": "https://api.github.com/users/shelby3/gists{/gist_id}",
                "gravatar_id": "",
                "html_url": "https://github.com/shelby3",
                "id": 247731,
                "login": "shelby3",
                "node_id": "MDQ6VXNlcjI0NzczMQ==",
                "organizations_url": "https://api.github.com/users/shelby3/orgs",
                "received_events_url": "https://api.github.com/users/shelby3/received_events",
                "repos_url": "https://api.github.com/users/shelby3/repos",
                "site_admin": false,
                "starred_url": "https://api.github.com/users/shelby3/starred{/owner}{/repo}",
                "subscriptions_url": "https://api.github.com/users/shelby3/subscriptions",
                "type": "User",
                "url": "https://api.github.com/users/shelby3"
            }
        },
        {
            "author_association": "OWNER",
            "body": "> The type of JavaScript stuff is always any and thus we can't do anything with it in our type system. We have to have wrappers that actually check values at runtime and enforce the types it assigns to them.\n\nNot when you are calling out. Calling JS from Zen we control the types that are given to the function, so if you declare colsole.log takes a String, you will only be able to pass a string to it.\n\nFor return values we would give them a datatype with runtime tags, so they would get assigned into a disjoint union and you can match on the type in Zen.\n\nI would have a builtin datatype like this:\n\n```\ndata JSType = Undefined | Null | Boolean(Boolean) | Number(Float) | String(String) | Symbol(String)\n```\n\nFunction types and object types will need a bit more thought.\n",
            "created_at": "2016-10-04T18:48:10Z",
            "html_url": "https://github.com/keean/zenscript/issues/25#issuecomment-251477713",
            "id": 251477713,
            "issue_url": "https://api.github.com/repos/keean/zenscript/issues/25",
            "node_id": "MDEyOklzc3VlQ29tbWVudDI1MTQ3NzcxMw==",
            "updated_at": "2016-10-04T18:48:10Z",
            "url": "https://api.github.com/repos/keean/zenscript/issues/comments/251477713",
            "user": {
                "avatar_url": "https://avatars2.githubusercontent.com/u/508384?v=4",
                "events_url": "https://api.github.com/users/keean/events{/privacy}",
                "followers_url": "https://api.github.com/users/keean/followers",
                "following_url": "https://api.github.com/users/keean/following{/other_user}",
                "gists_url": "https://api.github.com/users/keean/gists{/gist_id}",
                "gravatar_id": "",
                "html_url": "https://github.com/keean",
                "id": 508384,
                "login": "keean",
                "node_id": "MDQ6VXNlcjUwODM4NA==",
                "organizations_url": "https://api.github.com/users/keean/orgs",
                "received_events_url": "https://api.github.com/users/keean/received_events",
                "repos_url": "https://api.github.com/users/keean/repos",
                "site_admin": false,
                "starred_url": "https://api.github.com/users/keean/starred{/owner}{/repo}",
                "subscriptions_url": "https://api.github.com/users/keean/subscriptions",
                "type": "User",
                "url": "https://api.github.com/users/keean"
            }
        },
        {
            "author_association": "NONE",
            "body": "Are we sure a JavaScript `Number` is equivalent to the native `Float` type on CPUs? I assume we want to use a native type?\n",
            "created_at": "2016-10-05T02:42:22Z",
            "html_url": "https://github.com/keean/zenscript/issues/25#issuecomment-251568196",
            "id": 251568196,
            "issue_url": "https://api.github.com/repos/keean/zenscript/issues/25",
            "node_id": "MDEyOklzc3VlQ29tbWVudDI1MTU2ODE5Ng==",
            "updated_at": "2016-10-05T02:42:22Z",
            "url": "https://api.github.com/repos/keean/zenscript/issues/comments/251568196",
            "user": {
                "avatar_url": "https://avatars3.githubusercontent.com/u/247731?v=4",
                "events_url": "https://api.github.com/users/shelby3/events{/privacy}",
                "followers_url": "https://api.github.com/users/shelby3/followers",
                "following_url": "https://api.github.com/users/shelby3/following{/other_user}",
                "gists_url": "https://api.github.com/users/shelby3/gists{/gist_id}",
                "gravatar_id": "",
                "html_url": "https://github.com/shelby3",
                "id": 247731,
                "login": "shelby3",
                "node_id": "MDQ6VXNlcjI0NzczMQ==",
                "organizations_url": "https://api.github.com/users/shelby3/orgs",
                "received_events_url": "https://api.github.com/users/shelby3/received_events",
                "repos_url": "https://api.github.com/users/shelby3/repos",
                "site_admin": false,
                "starred_url": "https://api.github.com/users/shelby3/starred{/owner}{/repo}",
                "subscriptions_url": "https://api.github.com/users/shelby3/subscriptions",
                "type": "User",
                "url": "https://api.github.com/users/shelby3"
            }
        },
        {
            "author_association": "OWNER",
            "body": "@shelby3 it might be a double, I will check, but the principle is this will let us write any wrapper code for native inside our language where things are type safe.\n",
            "created_at": "2016-10-05T05:53:44Z",
            "html_url": "https://github.com/keean/zenscript/issues/25#issuecomment-251588245",
            "id": 251588245,
            "issue_url": "https://api.github.com/repos/keean/zenscript/issues/25",
            "node_id": "MDEyOklzc3VlQ29tbWVudDI1MTU4ODI0NQ==",
            "updated_at": "2016-10-05T05:53:44Z",
            "url": "https://api.github.com/repos/keean/zenscript/issues/comments/251588245",
            "user": {
                "avatar_url": "https://avatars2.githubusercontent.com/u/508384?v=4",
                "events_url": "https://api.github.com/users/keean/events{/privacy}",
                "followers_url": "https://api.github.com/users/keean/followers",
                "following_url": "https://api.github.com/users/keean/following{/other_user}",
                "gists_url": "https://api.github.com/users/keean/gists{/gist_id}",
                "gravatar_id": "",
                "html_url": "https://github.com/keean",
                "id": 508384,
                "login": "keean",
                "node_id": "MDQ6VXNlcjUwODM4NA==",
                "organizations_url": "https://api.github.com/users/keean/orgs",
                "received_events_url": "https://api.github.com/users/keean/received_events",
                "repos_url": "https://api.github.com/users/keean/repos",
                "site_admin": false,
                "starred_url": "https://api.github.com/users/keean/starred{/owner}{/repo}",
                "subscriptions_url": "https://api.github.com/users/keean/subscriptions",
                "type": "User",
                "url": "https://api.github.com/users/keean"
            }
        }
    ],
    "comments": 6,
    "comments_url": "https://api.github.com/repos/keean/zenscript/issues/25/comments",
    "created_at": "2016-10-04T14:52:53Z",
    "event_data": [
        {
            "actor": {
                "avatar_url": "https://avatars2.githubusercontent.com/u/508384?v=4",
                "events_url": "https://api.github.com/users/keean/events{/privacy}",
                "followers_url": "https://api.github.com/users/keean/followers",
                "following_url": "https://api.github.com/users/keean/following{/other_user}",
                "gists_url": "https://api.github.com/users/keean/gists{/gist_id}",
                "gravatar_id": "",
                "html_url": "https://github.com/keean",
                "id": 508384,
                "login": "keean",
                "node_id": "MDQ6VXNlcjUwODM4NA==",
                "organizations_url": "https://api.github.com/users/keean/orgs",
                "received_events_url": "https://api.github.com/users/keean/received_events",
                "repos_url": "https://api.github.com/users/keean/repos",
                "site_admin": false,
                "starred_url": "https://api.github.com/users/keean/starred{/owner}{/repo}",
                "subscriptions_url": "https://api.github.com/users/keean/subscriptions",
                "type": "User",
                "url": "https://api.github.com/users/keean"
            },
            "commit_id": null,
            "commit_url": null,
            "created_at": "2016-10-04T17:54:18Z",
            "event": "mentioned",
            "id": 812146914,
            "node_id": "MDE0Ok1lbnRpb25lZEV2ZW50ODEyMTQ2OTE0",
            "url": "https://api.github.com/repos/keean/zenscript/issues/events/812146914"
        },
        {
            "actor": {
                "avatar_url": "https://avatars2.githubusercontent.com/u/508384?v=4",
                "events_url": "https://api.github.com/users/keean/events{/privacy}",
                "followers_url": "https://api.github.com/users/keean/followers",
                "following_url": "https://api.github.com/users/keean/following{/other_user}",
                "gists_url": "https://api.github.com/users/keean/gists{/gist_id}",
                "gravatar_id": "",
                "html_url": "https://github.com/keean",
                "id": 508384,
                "login": "keean",
                "node_id": "MDQ6VXNlcjUwODM4NA==",
                "organizations_url": "https://api.github.com/users/keean/orgs",
                "received_events_url": "https://api.github.com/users/keean/received_events",
                "repos_url": "https://api.github.com/users/keean/repos",
                "site_admin": false,
                "starred_url": "https://api.github.com/users/keean/starred{/owner}{/repo}",
                "subscriptions_url": "https://api.github.com/users/keean/subscriptions",
                "type": "User",
                "url": "https://api.github.com/users/keean"
            },
            "commit_id": null,
            "commit_url": null,
            "created_at": "2016-10-04T17:54:18Z",
            "event": "subscribed",
            "id": 812146915,
            "node_id": "MDE1OlN1YnNjcmliZWRFdmVudDgxMjE0NjkxNQ==",
            "url": "https://api.github.com/repos/keean/zenscript/issues/events/812146915"
        },
        {
            "actor": {
                "avatar_url": "https://avatars3.githubusercontent.com/u/247731?v=4",
                "events_url": "https://api.github.com/users/shelby3/events{/privacy}",
                "followers_url": "https://api.github.com/users/shelby3/followers",
                "following_url": "https://api.github.com/users/shelby3/following{/other_user}",
                "gists_url": "https://api.github.com/users/shelby3/gists{/gist_id}",
                "gravatar_id": "",
                "html_url": "https://github.com/shelby3",
                "id": 247731,
                "login": "shelby3",
                "node_id": "MDQ6VXNlcjI0NzczMQ==",
                "organizations_url": "https://api.github.com/users/shelby3/orgs",
                "received_events_url": "https://api.github.com/users/shelby3/received_events",
                "repos_url": "https://api.github.com/users/shelby3/repos",
                "site_admin": false,
                "starred_url": "https://api.github.com/users/shelby3/starred{/owner}{/repo}",
                "subscriptions_url": "https://api.github.com/users/shelby3/subscriptions",
                "type": "User",
                "url": "https://api.github.com/users/shelby3"
            },
            "commit_id": null,
            "commit_url": null,
            "created_at": "2016-10-05T05:53:44Z",
            "event": "mentioned",
            "id": 812778563,
            "node_id": "MDE0Ok1lbnRpb25lZEV2ZW50ODEyNzc4NTYz",
            "url": "https://api.github.com/repos/keean/zenscript/issues/events/812778563"
        },
        {
            "actor": {
                "avatar_url": "https://avatars3.githubusercontent.com/u/247731?v=4",
                "events_url": "https://api.github.com/users/shelby3/events{/privacy}",
                "followers_url": "https://api.github.com/users/shelby3/followers",
                "following_url": "https://api.github.com/users/shelby3/following{/other_user}",
                "gists_url": "https://api.github.com/users/shelby3/gists{/gist_id}",
                "gravatar_id": "",
                "html_url": "https://github.com/shelby3",
                "id": 247731,
                "login": "shelby3",
                "node_id": "MDQ6VXNlcjI0NzczMQ==",
                "organizations_url": "https://api.github.com/users/shelby3/orgs",
                "received_events_url": "https://api.github.com/users/shelby3/received_events",
                "repos_url": "https://api.github.com/users/shelby3/repos",
                "site_admin": false,
                "starred_url": "https://api.github.com/users/shelby3/starred{/owner}{/repo}",
                "subscriptions_url": "https://api.github.com/users/shelby3/subscriptions",
                "type": "User",
                "url": "https://api.github.com/users/shelby3"
            },
            "commit_id": null,
            "commit_url": null,
            "created_at": "2016-10-05T05:53:44Z",
            "event": "subscribed",
            "id": 812778564,
            "node_id": "MDE1OlN1YnNjcmliZWRFdmVudDgxMjc3ODU2NA==",
            "url": "https://api.github.com/repos/keean/zenscript/issues/events/812778564"
        }
    ],
    "events_url": "https://api.github.com/repos/keean/zenscript/issues/25/events",
    "html_url": "https://github.com/keean/zenscript/issues/25",
    "id": 180915782,
    "labels": [],
    "labels_url": "https://api.github.com/repos/keean/zenscript/issues/25/labels{/name}",
    "locked": false,
    "milestone": null,
    "node_id": "MDU6SXNzdWUxODA5MTU3ODI=",
    "number": 25,
    "repository_url": "https://api.github.com/repos/keean/zenscript",
    "state": "open",
    "title": "Foreign Function Import",
    "updated_at": "2016-10-05T05:53:44Z",
    "url": "https://api.github.com/repos/keean/zenscript/issues/25",
    "user": {
        "avatar_url": "https://avatars2.githubusercontent.com/u/508384?v=4",
        "events_url": "https://api.github.com/users/keean/events{/privacy}",
        "followers_url": "https://api.github.com/users/keean/followers",
        "following_url": "https://api.github.com/users/keean/following{/other_user}",
        "gists_url": "https://api.github.com/users/keean/gists{/gist_id}",
        "gravatar_id": "",
        "html_url": "https://github.com/keean",
        "id": 508384,
        "login": "keean",
        "node_id": "MDQ6VXNlcjUwODM4NA==",
        "organizations_url": "https://api.github.com/users/keean/orgs",
        "received_events_url": "https://api.github.com/users/keean/received_events",
        "repos_url": "https://api.github.com/users/keean/repos",
        "site_admin": false,
        "starred_url": "https://api.github.com/users/keean/starred{/owner}{/repo}",
        "subscriptions_url": "https://api.github.com/users/keean/subscriptions",
        "type": "User",
        "url": "https://api.github.com/users/keean"
    }
}