{
    "assignee": null,
    "assignees": [],
    "author_association": "NONE",
    "body": "Any chance of setting up a mailing list for commits, and using the GitHub hooks to send it commit messages?\n",
    "closed_at": "2017-01-05T22:20:09Z",
    "comment_data": [
        {
            "author_association": "OWNER",
            "body": "I thought you get notifications if you watch the repository.\n",
            "created_at": "2016-10-07T09:05:39Z",
            "html_url": "https://github.com/keean/zenscript/issues/26#issuecomment-252189412",
            "id": 252189412,
            "issue_url": "https://api.github.com/repos/keean/zenscript/issues/26",
            "node_id": "MDEyOklzc3VlQ29tbWVudDI1MjE4OTQxMg==",
            "updated_at": "2016-10-07T09:05:39Z",
            "url": "https://api.github.com/repos/keean/zenscript/issues/comments/252189412",
            "user": {
                "avatar_url": "https://avatars2.githubusercontent.com/u/508384?v=4",
                "events_url": "https://api.github.com/users/keean/events{/privacy}",
                "followers_url": "https://api.github.com/users/keean/followers",
                "following_url": "https://api.github.com/users/keean/following{/other_user}",
                "gists_url": "https://api.github.com/users/keean/gists{/gist_id}",
                "gravatar_id": "",
                "html_url": "https://github.com/keean",
                "id": 508384,
                "login": "keean",
                "node_id": "MDQ6VXNlcjUwODM4NA==",
                "organizations_url": "https://api.github.com/users/keean/orgs",
                "received_events_url": "https://api.github.com/users/keean/received_events",
                "repos_url": "https://api.github.com/users/keean/repos",
                "site_admin": false,
                "starred_url": "https://api.github.com/users/keean/starred{/owner}{/repo}",
                "subscriptions_url": "https://api.github.com/users/keean/subscriptions",
                "type": "User",
                "url": "https://api.github.com/users/keean"
            }
        },
        {
            "author_association": "NONE",
            "body": "I sure hope this can be handled by Github and we don't have to maintain external applications in order for Github users to interopt with Github optimally.\n",
            "created_at": "2016-10-07T10:34:18Z",
            "html_url": "https://github.com/keean/zenscript/issues/26#issuecomment-252211041",
            "id": 252211041,
            "issue_url": "https://api.github.com/repos/keean/zenscript/issues/26",
            "node_id": "MDEyOklzc3VlQ29tbWVudDI1MjIxMTA0MQ==",
            "updated_at": "2016-10-07T11:42:39Z",
            "url": "https://api.github.com/repos/keean/zenscript/issues/comments/252211041",
            "user": {
                "avatar_url": "https://avatars3.githubusercontent.com/u/247731?v=4",
                "events_url": "https://api.github.com/users/shelby3/events{/privacy}",
                "followers_url": "https://api.github.com/users/shelby3/followers",
                "following_url": "https://api.github.com/users/shelby3/following{/other_user}",
                "gists_url": "https://api.github.com/users/shelby3/gists{/gist_id}",
                "gravatar_id": "",
                "html_url": "https://github.com/shelby3",
                "id": 247731,
                "login": "shelby3",
                "node_id": "MDQ6VXNlcjI0NzczMQ==",
                "organizations_url": "https://api.github.com/users/shelby3/orgs",
                "received_events_url": "https://api.github.com/users/shelby3/received_events",
                "repos_url": "https://api.github.com/users/shelby3/repos",
                "site_admin": false,
                "starred_url": "https://api.github.com/users/shelby3/starred{/owner}{/repo}",
                "subscriptions_url": "https://api.github.com/users/shelby3/subscriptions",
                "type": "User",
                "url": "https://api.github.com/users/shelby3"
            }
        },
        {
            "author_association": "NONE",
            "body": "> On 7 Oct 2016, at 20:05, Keean Schupke notifications@github.com wrote:\n> \n> I thought you get notifications if you watch the repository.\n\nHow do you do that?\n\n—\njohn skaller\nskaller@users.sourceforge.net\nhttp://felix-lang.org\n",
            "created_at": "2016-10-07T11:33:25Z",
            "html_url": "https://github.com/keean/zenscript/issues/26#issuecomment-252227845",
            "id": 252227845,
            "issue_url": "https://api.github.com/repos/keean/zenscript/issues/26",
            "node_id": "MDEyOklzc3VlQ29tbWVudDI1MjIyNzg0NQ==",
            "updated_at": "2016-10-07T11:33:25Z",
            "url": "https://api.github.com/repos/keean/zenscript/issues/comments/252227845",
            "user": {
                "avatar_url": "https://avatars2.githubusercontent.com/u/431744?v=4",
                "events_url": "https://api.github.com/users/skaller/events{/privacy}",
                "followers_url": "https://api.github.com/users/skaller/followers",
                "following_url": "https://api.github.com/users/skaller/following{/other_user}",
                "gists_url": "https://api.github.com/users/skaller/gists{/gist_id}",
                "gravatar_id": "",
                "html_url": "https://github.com/skaller",
                "id": 431744,
                "login": "skaller",
                "node_id": "MDQ6VXNlcjQzMTc0NA==",
                "organizations_url": "https://api.github.com/users/skaller/orgs",
                "received_events_url": "https://api.github.com/users/skaller/received_events",
                "repos_url": "https://api.github.com/users/skaller/repos",
                "site_admin": false,
                "starred_url": "https://api.github.com/users/skaller/starred{/owner}{/repo}",
                "subscriptions_url": "https://api.github.com/users/skaller/subscriptions",
                "type": "User",
                "url": "https://api.github.com/users/skaller"
            }
        },
        {
            "author_association": "NONE",
            "body": "Go to https://github.com/keean/zenscript/subscription @skaller (or click on the \"Watch\" eye on the top right of this very page)\n",
            "created_at": "2016-10-09T01:48:00Z",
            "html_url": "https://github.com/keean/zenscript/issues/26#issuecomment-252458808",
            "id": 252458808,
            "issue_url": "https://api.github.com/repos/keean/zenscript/issues/26",
            "node_id": "MDEyOklzc3VlQ29tbWVudDI1MjQ1ODgwOA==",
            "updated_at": "2016-10-09T01:48:00Z",
            "url": "https://api.github.com/repos/keean/zenscript/issues/comments/252458808",
            "user": {
                "avatar_url": "https://avatars3.githubusercontent.com/u/143435?v=4",
                "events_url": "https://api.github.com/users/svieira/events{/privacy}",
                "followers_url": "https://api.github.com/users/svieira/followers",
                "following_url": "https://api.github.com/users/svieira/following{/other_user}",
                "gists_url": "https://api.github.com/users/svieira/gists{/gist_id}",
                "gravatar_id": "",
                "html_url": "https://github.com/svieira",
                "id": 143435,
                "login": "svieira",
                "node_id": "MDQ6VXNlcjE0MzQzNQ==",
                "organizations_url": "https://api.github.com/users/svieira/orgs",
                "received_events_url": "https://api.github.com/users/svieira/received_events",
                "repos_url": "https://api.github.com/users/svieira/repos",
                "site_admin": false,
                "starred_url": "https://api.github.com/users/svieira/starred{/owner}{/repo}",
                "subscriptions_url": "https://api.github.com/users/svieira/subscriptions",
                "type": "User",
                "url": "https://api.github.com/users/svieira"
            }
        },
        {
            "author_association": "NONE",
            "body": "As far as I can tell, please correct me if I am wrong, this does not achieve my desired result. I wish to receive emails on each commit, and no others. A watch option which does this also sends email of other activity including any activity on these issue lists.\n",
            "created_at": "2016-10-09T11:32:11Z",
            "html_url": "https://github.com/keean/zenscript/issues/26#issuecomment-252481225",
            "id": 252481225,
            "issue_url": "https://api.github.com/repos/keean/zenscript/issues/26",
            "node_id": "MDEyOklzc3VlQ29tbWVudDI1MjQ4MTIyNQ==",
            "updated_at": "2016-10-09T11:32:11Z",
            "url": "https://api.github.com/repos/keean/zenscript/issues/comments/252481225",
            "user": {
                "avatar_url": "https://avatars2.githubusercontent.com/u/431744?v=4",
                "events_url": "https://api.github.com/users/skaller/events{/privacy}",
                "followers_url": "https://api.github.com/users/skaller/followers",
                "following_url": "https://api.github.com/users/skaller/following{/other_user}",
                "gists_url": "https://api.github.com/users/skaller/gists{/gist_id}",
                "gravatar_id": "",
                "html_url": "https://github.com/skaller",
                "id": 431744,
                "login": "skaller",
                "node_id": "MDQ6VXNlcjQzMTc0NA==",
                "organizations_url": "https://api.github.com/users/skaller/orgs",
                "received_events_url": "https://api.github.com/users/skaller/received_events",
                "repos_url": "https://api.github.com/users/skaller/repos",
                "site_admin": false,
                "starred_url": "https://api.github.com/users/skaller/starred{/owner}{/repo}",
                "subscriptions_url": "https://api.github.com/users/skaller/subscriptions",
                "type": "User",
                "url": "https://api.github.com/users/skaller"
            }
        },
        {
            "author_association": "OWNER",
            "body": "@skaller I think this will work. I am going to try setting it up: https://help.github.com/enterprise/11.10.340/user/articles/receiving-email-notifications-for-pushes-to-a-repository/\n",
            "created_at": "2016-10-09T11:39:28Z",
            "html_url": "https://github.com/keean/zenscript/issues/26#issuecomment-252481599",
            "id": 252481599,
            "issue_url": "https://api.github.com/repos/keean/zenscript/issues/26",
            "node_id": "MDEyOklzc3VlQ29tbWVudDI1MjQ4MTU5OQ==",
            "updated_at": "2016-10-09T11:39:28Z",
            "url": "https://api.github.com/repos/keean/zenscript/issues/comments/252481599",
            "user": {
                "avatar_url": "https://avatars2.githubusercontent.com/u/508384?v=4",
                "events_url": "https://api.github.com/users/keean/events{/privacy}",
                "followers_url": "https://api.github.com/users/keean/followers",
                "following_url": "https://api.github.com/users/keean/following{/other_user}",
                "gists_url": "https://api.github.com/users/keean/gists{/gist_id}",
                "gravatar_id": "",
                "html_url": "https://github.com/keean",
                "id": 508384,
                "login": "keean",
                "node_id": "MDQ6VXNlcjUwODM4NA==",
                "organizations_url": "https://api.github.com/users/keean/orgs",
                "received_events_url": "https://api.github.com/users/keean/received_events",
                "repos_url": "https://api.github.com/users/keean/repos",
                "site_admin": false,
                "starred_url": "https://api.github.com/users/keean/starred{/owner}{/repo}",
                "subscriptions_url": "https://api.github.com/users/keean/subscriptions",
                "type": "User",
                "url": "https://api.github.com/users/keean"
            }
        },
        {
            "author_association": "NONE",
            "body": "You mean: https://help.github.com/articles/managing-notifications-for-pushes-to-a-repository/\n\nThis machinery works. However you only get 2 email addresses. The best way to do this is send it to an email list which people can subscribe to such as zenscript-builds@googlegroups.com. Clearly you will have to make that email account on gmail for that to work. I use this mechanism with the webhooks.\n\nMy project also uses the Travis and Appveyor continuous integration servers and these are also configured to send the build results to that list.\n\nIf using gmail be prepared for a little bit of pain. Gmail accounts do not accept email from everywhere, only from subscribers. To subscribe you have to verify your email address. Github obviously cannot do that. There is a work around, which I think goes like this: you tell GitHub to send the email with the email address of the committer as the sender, and then you make sure all committers are subscribed to the list. I think there is another way, where the admin of the list can accept emails from a given email address. Sorry, I can't remember exactly what I had to do to get mine to work.\n",
            "created_at": "2016-10-09T11:59:36Z",
            "html_url": "https://github.com/keean/zenscript/issues/26#issuecomment-252482465",
            "id": 252482465,
            "issue_url": "https://api.github.com/repos/keean/zenscript/issues/26",
            "node_id": "MDEyOklzc3VlQ29tbWVudDI1MjQ4MjQ2NQ==",
            "updated_at": "2016-10-09T11:59:36Z",
            "url": "https://api.github.com/repos/keean/zenscript/issues/comments/252482465",
            "user": {
                "avatar_url": "https://avatars2.githubusercontent.com/u/431744?v=4",
                "events_url": "https://api.github.com/users/skaller/events{/privacy}",
                "followers_url": "https://api.github.com/users/skaller/followers",
                "following_url": "https://api.github.com/users/skaller/following{/other_user}",
                "gists_url": "https://api.github.com/users/skaller/gists{/gist_id}",
                "gravatar_id": "",
                "html_url": "https://github.com/skaller",
                "id": 431744,
                "login": "skaller",
                "node_id": "MDQ6VXNlcjQzMTc0NA==",
                "organizations_url": "https://api.github.com/users/skaller/orgs",
                "received_events_url": "https://api.github.com/users/skaller/received_events",
                "repos_url": "https://api.github.com/users/skaller/repos",
                "site_admin": false,
                "starred_url": "https://api.github.com/users/skaller/starred{/owner}{/repo}",
                "subscriptions_url": "https://api.github.com/users/skaller/subscriptions",
                "type": "User",
                "url": "https://api.github.com/users/skaller"
            }
        },
        {
            "author_association": "OWNER",
            "body": "I have set up the mailing list:\n\n```\nzenscript-builds@googlegroups.com\n```\n\nIt is a private mailing list that anyone can ask to join, that receives notifications of repository pushes for Zen.\n",
            "created_at": "2016-10-09T16:32:44Z",
            "html_url": "https://github.com/keean/zenscript/issues/26#issuecomment-252496684",
            "id": 252496684,
            "issue_url": "https://api.github.com/repos/keean/zenscript/issues/26",
            "node_id": "MDEyOklzc3VlQ29tbWVudDI1MjQ5NjY4NA==",
            "updated_at": "2016-10-09T16:32:44Z",
            "url": "https://api.github.com/repos/keean/zenscript/issues/comments/252496684",
            "user": {
                "avatar_url": "https://avatars2.githubusercontent.com/u/508384?v=4",
                "events_url": "https://api.github.com/users/keean/events{/privacy}",
                "followers_url": "https://api.github.com/users/keean/followers",
                "following_url": "https://api.github.com/users/keean/following{/other_user}",
                "gists_url": "https://api.github.com/users/keean/gists{/gist_id}",
                "gravatar_id": "",
                "html_url": "https://github.com/keean",
                "id": 508384,
                "login": "keean",
                "node_id": "MDQ6VXNlcjUwODM4NA==",
                "organizations_url": "https://api.github.com/users/keean/orgs",
                "received_events_url": "https://api.github.com/users/keean/received_events",
                "repos_url": "https://api.github.com/users/keean/repos",
                "site_admin": false,
                "starred_url": "https://api.github.com/users/keean/starred{/owner}{/repo}",
                "subscriptions_url": "https://api.github.com/users/keean/subscriptions",
                "type": "User",
                "url": "https://api.github.com/users/keean"
            }
        },
        {
            "author_association": "NONE",
            "body": "> On 10 Oct 2016, at 03:32, Keean Schupke notifications@github.com wrote:\n> \n> I have set up the mailing list:\n> \n> zenscript-builds@googlegroups.com\n> \n> It is a private mailing list that anyone can ask to join, that receives notifications of repository pushes for Zen.\n\nHmm, i can’t find it.\n\n—\njohn skaller\nskaller@users.sourceforge.net\nhttp://felix-lang.org\n",
            "created_at": "2016-10-09T17:15:47Z",
            "html_url": "https://github.com/keean/zenscript/issues/26#issuecomment-252499029",
            "id": 252499029,
            "issue_url": "https://api.github.com/repos/keean/zenscript/issues/26",
            "node_id": "MDEyOklzc3VlQ29tbWVudDI1MjQ5OTAyOQ==",
            "updated_at": "2016-10-09T17:15:47Z",
            "url": "https://api.github.com/repos/keean/zenscript/issues/comments/252499029",
            "user": {
                "avatar_url": "https://avatars2.githubusercontent.com/u/431744?v=4",
                "events_url": "https://api.github.com/users/skaller/events{/privacy}",
                "followers_url": "https://api.github.com/users/skaller/followers",
                "following_url": "https://api.github.com/users/skaller/following{/other_user}",
                "gists_url": "https://api.github.com/users/skaller/gists{/gist_id}",
                "gravatar_id": "",
                "html_url": "https://github.com/skaller",
                "id": 431744,
                "login": "skaller",
                "node_id": "MDQ6VXNlcjQzMTc0NA==",
                "organizations_url": "https://api.github.com/users/skaller/orgs",
                "received_events_url": "https://api.github.com/users/skaller/received_events",
                "repos_url": "https://api.github.com/users/skaller/repos",
                "site_admin": false,
                "starred_url": "https://api.github.com/users/skaller/starred{/owner}{/repo}",
                "subscriptions_url": "https://api.github.com/users/skaller/subscriptions",
                "type": "User",
                "url": "https://api.github.com/users/skaller"
            }
        },
        {
            "author_association": "OWNER",
            "body": "I have added it to the list directory, so you should be able to search for it now.\n",
            "created_at": "2016-10-09T18:09:10Z",
            "html_url": "https://github.com/keean/zenscript/issues/26#issuecomment-252502222",
            "id": 252502222,
            "issue_url": "https://api.github.com/repos/keean/zenscript/issues/26",
            "node_id": "MDEyOklzc3VlQ29tbWVudDI1MjUwMjIyMg==",
            "updated_at": "2016-10-09T18:09:10Z",
            "url": "https://api.github.com/repos/keean/zenscript/issues/comments/252502222",
            "user": {
                "avatar_url": "https://avatars2.githubusercontent.com/u/508384?v=4",
                "events_url": "https://api.github.com/users/keean/events{/privacy}",
                "followers_url": "https://api.github.com/users/keean/followers",
                "following_url": "https://api.github.com/users/keean/following{/other_user}",
                "gists_url": "https://api.github.com/users/keean/gists{/gist_id}",
                "gravatar_id": "",
                "html_url": "https://github.com/keean",
                "id": 508384,
                "login": "keean",
                "node_id": "MDQ6VXNlcjUwODM4NA==",
                "organizations_url": "https://api.github.com/users/keean/orgs",
                "received_events_url": "https://api.github.com/users/keean/received_events",
                "repos_url": "https://api.github.com/users/keean/repos",
                "site_admin": false,
                "starred_url": "https://api.github.com/users/keean/starred{/owner}{/repo}",
                "subscriptions_url": "https://api.github.com/users/keean/subscriptions",
                "type": "User",
                "url": "https://api.github.com/users/keean"
            }
        },
        {
            "author_association": "NONE",
            "body": "Can someone please explain to me the issue, what was necessary, why, and what has been done? It is as you all are speaking a private language which I don't grok.\n\nI gather @skaller doesn't like to use the GUI interface and wants to receive all information via email? And there is some difficulty in achieving that which required @keean to add some service?\n\nGithub doesn't provide what he wants? Why?\n",
            "created_at": "2016-10-10T09:37:06Z",
            "html_url": "https://github.com/keean/zenscript/issues/26#issuecomment-252572827",
            "id": 252572827,
            "issue_url": "https://api.github.com/repos/keean/zenscript/issues/26",
            "node_id": "MDEyOklzc3VlQ29tbWVudDI1MjU3MjgyNw==",
            "updated_at": "2016-10-10T09:37:06Z",
            "url": "https://api.github.com/repos/keean/zenscript/issues/comments/252572827",
            "user": {
                "avatar_url": "https://avatars3.githubusercontent.com/u/247731?v=4",
                "events_url": "https://api.github.com/users/shelby3/events{/privacy}",
                "followers_url": "https://api.github.com/users/shelby3/followers",
                "following_url": "https://api.github.com/users/shelby3/following{/other_user}",
                "gists_url": "https://api.github.com/users/shelby3/gists{/gist_id}",
                "gravatar_id": "",
                "html_url": "https://github.com/shelby3",
                "id": 247731,
                "login": "shelby3",
                "node_id": "MDQ6VXNlcjI0NzczMQ==",
                "organizations_url": "https://api.github.com/users/shelby3/orgs",
                "received_events_url": "https://api.github.com/users/shelby3/received_events",
                "repos_url": "https://api.github.com/users/shelby3/repos",
                "site_admin": false,
                "starred_url": "https://api.github.com/users/shelby3/starred{/owner}{/repo}",
                "subscriptions_url": "https://api.github.com/users/shelby3/subscriptions",
                "type": "User",
                "url": "https://api.github.com/users/shelby3"
            }
        },
        {
            "author_association": "NONE",
            "body": "> On 10 Oct 2016, at 20:37, shelby3 notifications@github.com wrote:\n> \n> Can someone please explain to me the issue, what was necessary, why, and what has been done? It is as you all are speaking a private language which I don't grok.\n> \n> I gather @skaller doesn’t like to use the GUI interface and wants to receive all information via email?\n\nAt this time I do not want email about ALL the issues. Its too much, and I don’t know\nenough. I would like to start writing actual, supported, parts of the language as they’re\ndeveloped, as test cases.\n\nI will require suitable instruction on what is implemented and what it is supposed to do.\nThis would be useful documentation for others as well.\n\nI may take an interest in wider issues later when I have a better feel for the system.\n\nEmail suits me best as a medium because it is off line and cheap.\nIt also allows responding to a particular email with quotation, the issue lists don’t.\n\n> And there is some difficulty in achieving that which required @keean to add some service?\n\nYes. There’s no option to just see commits plus selected issues.\n\n> Github doesn't provide what he wants? Why?\n\nNo, and, you would have to ask GitHub.\n\nGithb will send commit information to zero, one, or two mailing addresses.\nThe intent is that these are email lists those interested can subscribe to.\nKeean created such a list on gmail:\n\n```\nzenscript-builds@googlegroups.com\n```\n\nUnfortunately I cant find it at the moment :)\n\n@Keaan: it HAS TO BE A PUBLIC GROUP. Private groups can only be\naccessed by gmail accounts. I have one but I do not use it for email.\n\n—\njohn skaller\nskaller@users.sourceforge.net\nhttp://felix-lang.org\n",
            "created_at": "2016-10-10T10:26:07Z",
            "html_url": "https://github.com/keean/zenscript/issues/26#issuecomment-252581344",
            "id": 252581344,
            "issue_url": "https://api.github.com/repos/keean/zenscript/issues/26",
            "node_id": "MDEyOklzc3VlQ29tbWVudDI1MjU4MTM0NA==",
            "updated_at": "2016-10-10T10:26:07Z",
            "url": "https://api.github.com/repos/keean/zenscript/issues/comments/252581344",
            "user": {
                "avatar_url": "https://avatars2.githubusercontent.com/u/431744?v=4",
                "events_url": "https://api.github.com/users/skaller/events{/privacy}",
                "followers_url": "https://api.github.com/users/skaller/followers",
                "following_url": "https://api.github.com/users/skaller/following{/other_user}",
                "gists_url": "https://api.github.com/users/skaller/gists{/gist_id}",
                "gravatar_id": "",
                "html_url": "https://github.com/skaller",
                "id": 431744,
                "login": "skaller",
                "node_id": "MDQ6VXNlcjQzMTc0NA==",
                "organizations_url": "https://api.github.com/users/skaller/orgs",
                "received_events_url": "https://api.github.com/users/skaller/received_events",
                "repos_url": "https://api.github.com/users/skaller/repos",
                "site_admin": false,
                "starred_url": "https://api.github.com/users/skaller/starred{/owner}{/repo}",
                "subscriptions_url": "https://api.github.com/users/skaller/subscriptions",
                "type": "User",
                "url": "https://api.github.com/users/skaller"
            }
        },
        {
            "author_association": "NONE",
            "body": "@skaller wrote:\n\n> Githb will send commit information to zero, one, or two mailing addresses.\n> The intent is that these are email lists those interested can subscribe to.\n\nAh I see now. Before I thought you meant that _your_ Github account would only allow _you_ to have two email addresses for notification to repositories you had told Github that you are watching. And I was wondering why that was insufficient for you. Now I understand you mean that each repository is only allowed to send notifications to at most two email addresses.\n\nThe likely reason for this dissonance is my head is like on the keyboard with brain fog and fatigue. I lacked energy to go click the Github page you had linked. (Sometimes I stare at my shoelaces for 5 minutes before I tie my shoes, it is really that bad) This is really difficult. I am often in and out of a sort of zombie state of confusion. What am I supposed to do otherwise. Just quit. Quitting isn't an option.\n\nI do have better moments where I am lucid and alert.\n",
            "created_at": "2016-10-10T11:47:25Z",
            "html_url": "https://github.com/keean/zenscript/issues/26#issuecomment-252596576",
            "id": 252596576,
            "issue_url": "https://api.github.com/repos/keean/zenscript/issues/26",
            "node_id": "MDEyOklzc3VlQ29tbWVudDI1MjU5NjU3Ng==",
            "updated_at": "2016-10-10T12:46:57Z",
            "url": "https://api.github.com/repos/keean/zenscript/issues/comments/252596576",
            "user": {
                "avatar_url": "https://avatars3.githubusercontent.com/u/247731?v=4",
                "events_url": "https://api.github.com/users/shelby3/events{/privacy}",
                "followers_url": "https://api.github.com/users/shelby3/followers",
                "following_url": "https://api.github.com/users/shelby3/following{/other_user}",
                "gists_url": "https://api.github.com/users/shelby3/gists{/gist_id}",
                "gravatar_id": "",
                "html_url": "https://github.com/shelby3",
                "id": 247731,
                "login": "shelby3",
                "node_id": "MDQ6VXNlcjI0NzczMQ==",
                "organizations_url": "https://api.github.com/users/shelby3/orgs",
                "received_events_url": "https://api.github.com/users/shelby3/received_events",
                "repos_url": "https://api.github.com/users/shelby3/repos",
                "site_admin": false,
                "starred_url": "https://api.github.com/users/shelby3/starred{/owner}{/repo}",
                "subscriptions_url": "https://api.github.com/users/shelby3/subscriptions",
                "type": "User",
                "url": "https://api.github.com/users/shelby3"
            }
        },
        {
            "author_association": "OWNER",
            "body": "Closing as this is now set up, and seems to be working.",
            "created_at": "2017-01-05T22:20:09Z",
            "html_url": "https://github.com/keean/zenscript/issues/26#issuecomment-270774503",
            "id": 270774503,
            "issue_url": "https://api.github.com/repos/keean/zenscript/issues/26",
            "node_id": "MDEyOklzc3VlQ29tbWVudDI3MDc3NDUwMw==",
            "updated_at": "2017-01-05T22:20:09Z",
            "url": "https://api.github.com/repos/keean/zenscript/issues/comments/270774503",
            "user": {
                "avatar_url": "https://avatars2.githubusercontent.com/u/508384?v=4",
                "events_url": "https://api.github.com/users/keean/events{/privacy}",
                "followers_url": "https://api.github.com/users/keean/followers",
                "following_url": "https://api.github.com/users/keean/following{/other_user}",
                "gists_url": "https://api.github.com/users/keean/gists{/gist_id}",
                "gravatar_id": "",
                "html_url": "https://github.com/keean",
                "id": 508384,
                "login": "keean",
                "node_id": "MDQ6VXNlcjUwODM4NA==",
                "organizations_url": "https://api.github.com/users/keean/orgs",
                "received_events_url": "https://api.github.com/users/keean/received_events",
                "repos_url": "https://api.github.com/users/keean/repos",
                "site_admin": false,
                "starred_url": "https://api.github.com/users/keean/starred{/owner}{/repo}",
                "subscriptions_url": "https://api.github.com/users/keean/subscriptions",
                "type": "User",
                "url": "https://api.github.com/users/keean"
            }
        }
    ],
    "comments": 14,
    "comments_url": "https://api.github.com/repos/keean/zenscript/issues/26/comments",
    "created_at": "2016-10-07T08:14:05Z",
    "event_data": [
        {
            "actor": {
                "avatar_url": "https://avatars2.githubusercontent.com/u/431744?v=4",
                "events_url": "https://api.github.com/users/skaller/events{/privacy}",
                "followers_url": "https://api.github.com/users/skaller/followers",
                "following_url": "https://api.github.com/users/skaller/following{/other_user}",
                "gists_url": "https://api.github.com/users/skaller/gists{/gist_id}",
                "gravatar_id": "",
                "html_url": "https://github.com/skaller",
                "id": 431744,
                "login": "skaller",
                "node_id": "MDQ6VXNlcjQzMTc0NA==",
                "organizations_url": "https://api.github.com/users/skaller/orgs",
                "received_events_url": "https://api.github.com/users/skaller/received_events",
                "repos_url": "https://api.github.com/users/skaller/repos",
                "site_admin": false,
                "starred_url": "https://api.github.com/users/skaller/starred{/owner}{/repo}",
                "subscriptions_url": "https://api.github.com/users/skaller/subscriptions",
                "type": "User",
                "url": "https://api.github.com/users/skaller"
            },
            "commit_id": null,
            "commit_url": null,
            "created_at": "2016-10-09T01:48:00Z",
            "event": "mentioned",
            "id": 817232995,
            "node_id": "MDE0Ok1lbnRpb25lZEV2ZW50ODE3MjMyOTk1",
            "url": "https://api.github.com/repos/keean/zenscript/issues/events/817232995"
        },
        {
            "actor": {
                "avatar_url": "https://avatars2.githubusercontent.com/u/431744?v=4",
                "events_url": "https://api.github.com/users/skaller/events{/privacy}",
                "followers_url": "https://api.github.com/users/skaller/followers",
                "following_url": "https://api.github.com/users/skaller/following{/other_user}",
                "gists_url": "https://api.github.com/users/skaller/gists{/gist_id}",
                "gravatar_id": "",
                "html_url": "https://github.com/skaller",
                "id": 431744,
                "login": "skaller",
                "node_id": "MDQ6VXNlcjQzMTc0NA==",
                "organizations_url": "https://api.github.com/users/skaller/orgs",
                "received_events_url": "https://api.github.com/users/skaller/received_events",
                "repos_url": "https://api.github.com/users/skaller/repos",
                "site_admin": false,
                "starred_url": "https://api.github.com/users/skaller/starred{/owner}{/repo}",
                "subscriptions_url": "https://api.github.com/users/skaller/subscriptions",
                "type": "User",
                "url": "https://api.github.com/users/skaller"
            },
            "commit_id": null,
            "commit_url": null,
            "created_at": "2016-10-09T01:48:00Z",
            "event": "subscribed",
            "id": 817232996,
            "node_id": "MDE1OlN1YnNjcmliZWRFdmVudDgxNzIzMjk5Ng==",
            "url": "https://api.github.com/repos/keean/zenscript/issues/events/817232996"
        },
        {
            "actor": {
                "avatar_url": "https://avatars2.githubusercontent.com/u/431744?v=4",
                "events_url": "https://api.github.com/users/skaller/events{/privacy}",
                "followers_url": "https://api.github.com/users/skaller/followers",
                "following_url": "https://api.github.com/users/skaller/following{/other_user}",
                "gists_url": "https://api.github.com/users/skaller/gists{/gist_id}",
                "gravatar_id": "",
                "html_url": "https://github.com/skaller",
                "id": 431744,
                "login": "skaller",
                "node_id": "MDQ6VXNlcjQzMTc0NA==",
                "organizations_url": "https://api.github.com/users/skaller/orgs",
                "received_events_url": "https://api.github.com/users/skaller/received_events",
                "repos_url": "https://api.github.com/users/skaller/repos",
                "site_admin": false,
                "starred_url": "https://api.github.com/users/skaller/starred{/owner}{/repo}",
                "subscriptions_url": "https://api.github.com/users/skaller/subscriptions",
                "type": "User",
                "url": "https://api.github.com/users/skaller"
            },
            "commit_id": null,
            "commit_url": null,
            "created_at": "2016-10-09T11:39:28Z",
            "event": "mentioned",
            "id": 817333166,
            "node_id": "MDE0Ok1lbnRpb25lZEV2ZW50ODE3MzMzMTY2",
            "url": "https://api.github.com/repos/keean/zenscript/issues/events/817333166"
        },
        {
            "actor": {
                "avatar_url": "https://avatars2.githubusercontent.com/u/431744?v=4",
                "events_url": "https://api.github.com/users/skaller/events{/privacy}",
                "followers_url": "https://api.github.com/users/skaller/followers",
                "following_url": "https://api.github.com/users/skaller/following{/other_user}",
                "gists_url": "https://api.github.com/users/skaller/gists{/gist_id}",
                "gravatar_id": "",
                "html_url": "https://github.com/skaller",
                "id": 431744,
                "login": "skaller",
                "node_id": "MDQ6VXNlcjQzMTc0NA==",
                "organizations_url": "https://api.github.com/users/skaller/orgs",
                "received_events_url": "https://api.github.com/users/skaller/received_events",
                "repos_url": "https://api.github.com/users/skaller/repos",
                "site_admin": false,
                "starred_url": "https://api.github.com/users/skaller/starred{/owner}{/repo}",
                "subscriptions_url": "https://api.github.com/users/skaller/subscriptions",
                "type": "User",
                "url": "https://api.github.com/users/skaller"
            },
            "commit_id": null,
            "commit_url": null,
            "created_at": "2016-10-09T11:39:28Z",
            "event": "subscribed",
            "id": 817333167,
            "node_id": "MDE1OlN1YnNjcmliZWRFdmVudDgxNzMzMzE2Nw==",
            "url": "https://api.github.com/repos/keean/zenscript/issues/events/817333167"
        },
        {
            "actor": {
                "avatar_url": "https://avatars2.githubusercontent.com/u/431744?v=4",
                "events_url": "https://api.github.com/users/skaller/events{/privacy}",
                "followers_url": "https://api.github.com/users/skaller/followers",
                "following_url": "https://api.github.com/users/skaller/following{/other_user}",
                "gists_url": "https://api.github.com/users/skaller/gists{/gist_id}",
                "gravatar_id": "",
                "html_url": "https://github.com/skaller",
                "id": 431744,
                "login": "skaller",
                "node_id": "MDQ6VXNlcjQzMTc0NA==",
                "organizations_url": "https://api.github.com/users/skaller/orgs",
                "received_events_url": "https://api.github.com/users/skaller/received_events",
                "repos_url": "https://api.github.com/users/skaller/repos",
                "site_admin": false,
                "starred_url": "https://api.github.com/users/skaller/starred{/owner}{/repo}",
                "subscriptions_url": "https://api.github.com/users/skaller/subscriptions",
                "type": "User",
                "url": "https://api.github.com/users/skaller"
            },
            "commit_id": null,
            "commit_url": null,
            "created_at": "2016-10-10T09:37:06Z",
            "event": "mentioned",
            "id": 817776250,
            "node_id": "MDE0Ok1lbnRpb25lZEV2ZW50ODE3Nzc2MjUw",
            "url": "https://api.github.com/repos/keean/zenscript/issues/events/817776250"
        },
        {
            "actor": {
                "avatar_url": "https://avatars2.githubusercontent.com/u/431744?v=4",
                "events_url": "https://api.github.com/users/skaller/events{/privacy}",
                "followers_url": "https://api.github.com/users/skaller/followers",
                "following_url": "https://api.github.com/users/skaller/following{/other_user}",
                "gists_url": "https://api.github.com/users/skaller/gists{/gist_id}",
                "gravatar_id": "",
                "html_url": "https://github.com/skaller",
                "id": 431744,
                "login": "skaller",
                "node_id": "MDQ6VXNlcjQzMTc0NA==",
                "organizations_url": "https://api.github.com/users/skaller/orgs",
                "received_events_url": "https://api.github.com/users/skaller/received_events",
                "repos_url": "https://api.github.com/users/skaller/repos",
                "site_admin": false,
                "starred_url": "https://api.github.com/users/skaller/starred{/owner}{/repo}",
                "subscriptions_url": "https://api.github.com/users/skaller/subscriptions",
                "type": "User",
                "url": "https://api.github.com/users/skaller"
            },
            "commit_id": null,
            "commit_url": null,
            "created_at": "2016-10-10T09:37:06Z",
            "event": "subscribed",
            "id": 817776252,
            "node_id": "MDE1OlN1YnNjcmliZWRFdmVudDgxNzc3NjI1Mg==",
            "url": "https://api.github.com/repos/keean/zenscript/issues/events/817776252"
        },
        {
            "actor": {
                "avatar_url": "https://avatars2.githubusercontent.com/u/508384?v=4",
                "events_url": "https://api.github.com/users/keean/events{/privacy}",
                "followers_url": "https://api.github.com/users/keean/followers",
                "following_url": "https://api.github.com/users/keean/following{/other_user}",
                "gists_url": "https://api.github.com/users/keean/gists{/gist_id}",
                "gravatar_id": "",
                "html_url": "https://github.com/keean",
                "id": 508384,
                "login": "keean",
                "node_id": "MDQ6VXNlcjUwODM4NA==",
                "organizations_url": "https://api.github.com/users/keean/orgs",
                "received_events_url": "https://api.github.com/users/keean/received_events",
                "repos_url": "https://api.github.com/users/keean/repos",
                "site_admin": false,
                "starred_url": "https://api.github.com/users/keean/starred{/owner}{/repo}",
                "subscriptions_url": "https://api.github.com/users/keean/subscriptions",
                "type": "User",
                "url": "https://api.github.com/users/keean"
            },
            "commit_id": null,
            "commit_url": null,
            "created_at": "2016-10-10T09:37:06Z",
            "event": "mentioned",
            "id": 817776254,
            "node_id": "MDE0Ok1lbnRpb25lZEV2ZW50ODE3Nzc2MjU0",
            "url": "https://api.github.com/repos/keean/zenscript/issues/events/817776254"
        },
        {
            "actor": {
                "avatar_url": "https://avatars2.githubusercontent.com/u/508384?v=4",
                "events_url": "https://api.github.com/users/keean/events{/privacy}",
                "followers_url": "https://api.github.com/users/keean/followers",
                "following_url": "https://api.github.com/users/keean/following{/other_user}",
                "gists_url": "https://api.github.com/users/keean/gists{/gist_id}",
                "gravatar_id": "",
                "html_url": "https://github.com/keean",
                "id": 508384,
                "login": "keean",
                "node_id": "MDQ6VXNlcjUwODM4NA==",
                "organizations_url": "https://api.github.com/users/keean/orgs",
                "received_events_url": "https://api.github.com/users/keean/received_events",
                "repos_url": "https://api.github.com/users/keean/repos",
                "site_admin": false,
                "starred_url": "https://api.github.com/users/keean/starred{/owner}{/repo}",
                "subscriptions_url": "https://api.github.com/users/keean/subscriptions",
                "type": "User",
                "url": "https://api.github.com/users/keean"
            },
            "commit_id": null,
            "commit_url": null,
            "created_at": "2016-10-10T09:37:06Z",
            "event": "subscribed",
            "id": 817776256,
            "node_id": "MDE1OlN1YnNjcmliZWRFdmVudDgxNzc3NjI1Ng==",
            "url": "https://api.github.com/repos/keean/zenscript/issues/events/817776256"
        },
        {
            "actor": {
                "avatar_url": "https://avatars2.githubusercontent.com/u/431744?v=4",
                "events_url": "https://api.github.com/users/skaller/events{/privacy}",
                "followers_url": "https://api.github.com/users/skaller/followers",
                "following_url": "https://api.github.com/users/skaller/following{/other_user}",
                "gists_url": "https://api.github.com/users/skaller/gists{/gist_id}",
                "gravatar_id": "",
                "html_url": "https://github.com/skaller",
                "id": 431744,
                "login": "skaller",
                "node_id": "MDQ6VXNlcjQzMTc0NA==",
                "organizations_url": "https://api.github.com/users/skaller/orgs",
                "received_events_url": "https://api.github.com/users/skaller/received_events",
                "repos_url": "https://api.github.com/users/skaller/repos",
                "site_admin": false,
                "starred_url": "https://api.github.com/users/skaller/starred{/owner}{/repo}",
                "subscriptions_url": "https://api.github.com/users/skaller/subscriptions",
                "type": "User",
                "url": "https://api.github.com/users/skaller"
            },
            "commit_id": null,
            "commit_url": null,
            "created_at": "2016-10-10T10:26:07Z",
            "event": "mentioned",
            "id": 817826514,
            "node_id": "MDE0Ok1lbnRpb25lZEV2ZW50ODE3ODI2NTE0",
            "url": "https://api.github.com/repos/keean/zenscript/issues/events/817826514"
        },
        {
            "actor": {
                "avatar_url": "https://avatars2.githubusercontent.com/u/431744?v=4",
                "events_url": "https://api.github.com/users/skaller/events{/privacy}",
                "followers_url": "https://api.github.com/users/skaller/followers",
                "following_url": "https://api.github.com/users/skaller/following{/other_user}",
                "gists_url": "https://api.github.com/users/skaller/gists{/gist_id}",
                "gravatar_id": "",
                "html_url": "https://github.com/skaller",
                "id": 431744,
                "login": "skaller",
                "node_id": "MDQ6VXNlcjQzMTc0NA==",
                "organizations_url": "https://api.github.com/users/skaller/orgs",
                "received_events_url": "https://api.github.com/users/skaller/received_events",
                "repos_url": "https://api.github.com/users/skaller/repos",
                "site_admin": false,
                "starred_url": "https://api.github.com/users/skaller/starred{/owner}{/repo}",
                "subscriptions_url": "https://api.github.com/users/skaller/subscriptions",
                "type": "User",
                "url": "https://api.github.com/users/skaller"
            },
            "commit_id": null,
            "commit_url": null,
            "created_at": "2016-10-10T10:26:07Z",
            "event": "subscribed",
            "id": 817826515,
            "node_id": "MDE1OlN1YnNjcmliZWRFdmVudDgxNzgyNjUxNQ==",
            "url": "https://api.github.com/repos/keean/zenscript/issues/events/817826515"
        },
        {
            "actor": {
                "avatar_url": "https://avatars2.githubusercontent.com/u/508384?v=4",
                "events_url": "https://api.github.com/users/keean/events{/privacy}",
                "followers_url": "https://api.github.com/users/keean/followers",
                "following_url": "https://api.github.com/users/keean/following{/other_user}",
                "gists_url": "https://api.github.com/users/keean/gists{/gist_id}",
                "gravatar_id": "",
                "html_url": "https://github.com/keean",
                "id": 508384,
                "login": "keean",
                "node_id": "MDQ6VXNlcjUwODM4NA==",
                "organizations_url": "https://api.github.com/users/keean/orgs",
                "received_events_url": "https://api.github.com/users/keean/received_events",
                "repos_url": "https://api.github.com/users/keean/repos",
                "site_admin": false,
                "starred_url": "https://api.github.com/users/keean/starred{/owner}{/repo}",
                "subscriptions_url": "https://api.github.com/users/keean/subscriptions",
                "type": "User",
                "url": "https://api.github.com/users/keean"
            },
            "commit_id": null,
            "commit_url": null,
            "created_at": "2016-10-10T10:26:07Z",
            "event": "mentioned",
            "id": 817826517,
            "node_id": "MDE0Ok1lbnRpb25lZEV2ZW50ODE3ODI2NTE3",
            "url": "https://api.github.com/repos/keean/zenscript/issues/events/817826517"
        },
        {
            "actor": {
                "avatar_url": "https://avatars2.githubusercontent.com/u/508384?v=4",
                "events_url": "https://api.github.com/users/keean/events{/privacy}",
                "followers_url": "https://api.github.com/users/keean/followers",
                "following_url": "https://api.github.com/users/keean/following{/other_user}",
                "gists_url": "https://api.github.com/users/keean/gists{/gist_id}",
                "gravatar_id": "",
                "html_url": "https://github.com/keean",
                "id": 508384,
                "login": "keean",
                "node_id": "MDQ6VXNlcjUwODM4NA==",
                "organizations_url": "https://api.github.com/users/keean/orgs",
                "received_events_url": "https://api.github.com/users/keean/received_events",
                "repos_url": "https://api.github.com/users/keean/repos",
                "site_admin": false,
                "starred_url": "https://api.github.com/users/keean/starred{/owner}{/repo}",
                "subscriptions_url": "https://api.github.com/users/keean/subscriptions",
                "type": "User",
                "url": "https://api.github.com/users/keean"
            },
            "commit_id": null,
            "commit_url": null,
            "created_at": "2016-10-10T10:26:07Z",
            "event": "subscribed",
            "id": 817826518,
            "node_id": "MDE1OlN1YnNjcmliZWRFdmVudDgxNzgyNjUxOA==",
            "url": "https://api.github.com/repos/keean/zenscript/issues/events/817826518"
        },
        {
            "actor": {
                "avatar_url": "https://avatars0.githubusercontent.com/u/3162685?v=4",
                "events_url": "https://api.github.com/users/keaan/events{/privacy}",
                "followers_url": "https://api.github.com/users/keaan/followers",
                "following_url": "https://api.github.com/users/keaan/following{/other_user}",
                "gists_url": "https://api.github.com/users/keaan/gists{/gist_id}",
                "gravatar_id": "",
                "html_url": "https://github.com/keaan",
                "id": 3162685,
                "login": "keaan",
                "node_id": "MDQ6VXNlcjMxNjI2ODU=",
                "organizations_url": "https://api.github.com/users/keaan/orgs",
                "received_events_url": "https://api.github.com/users/keaan/received_events",
                "repos_url": "https://api.github.com/users/keaan/repos",
                "site_admin": false,
                "starred_url": "https://api.github.com/users/keaan/starred{/owner}{/repo}",
                "subscriptions_url": "https://api.github.com/users/keaan/subscriptions",
                "type": "User",
                "url": "https://api.github.com/users/keaan"
            },
            "commit_id": null,
            "commit_url": null,
            "created_at": "2016-10-10T10:26:07Z",
            "event": "mentioned",
            "id": 817826519,
            "node_id": "MDE0Ok1lbnRpb25lZEV2ZW50ODE3ODI2NTE5",
            "url": "https://api.github.com/repos/keean/zenscript/issues/events/817826519"
        },
        {
            "actor": {
                "avatar_url": "https://avatars0.githubusercontent.com/u/3162685?v=4",
                "events_url": "https://api.github.com/users/keaan/events{/privacy}",
                "followers_url": "https://api.github.com/users/keaan/followers",
                "following_url": "https://api.github.com/users/keaan/following{/other_user}",
                "gists_url": "https://api.github.com/users/keaan/gists{/gist_id}",
                "gravatar_id": "",
                "html_url": "https://github.com/keaan",
                "id": 3162685,
                "login": "keaan",
                "node_id": "MDQ6VXNlcjMxNjI2ODU=",
                "organizations_url": "https://api.github.com/users/keaan/orgs",
                "received_events_url": "https://api.github.com/users/keaan/received_events",
                "repos_url": "https://api.github.com/users/keaan/repos",
                "site_admin": false,
                "starred_url": "https://api.github.com/users/keaan/starred{/owner}{/repo}",
                "subscriptions_url": "https://api.github.com/users/keaan/subscriptions",
                "type": "User",
                "url": "https://api.github.com/users/keaan"
            },
            "commit_id": null,
            "commit_url": null,
            "created_at": "2016-10-10T10:26:07Z",
            "event": "subscribed",
            "id": 817826520,
            "node_id": "MDE1OlN1YnNjcmliZWRFdmVudDgxNzgyNjUyMA==",
            "url": "https://api.github.com/repos/keean/zenscript/issues/events/817826520"
        },
        {
            "actor": {
                "avatar_url": "https://avatars2.githubusercontent.com/u/431744?v=4",
                "events_url": "https://api.github.com/users/skaller/events{/privacy}",
                "followers_url": "https://api.github.com/users/skaller/followers",
                "following_url": "https://api.github.com/users/skaller/following{/other_user}",
                "gists_url": "https://api.github.com/users/skaller/gists{/gist_id}",
                "gravatar_id": "",
                "html_url": "https://github.com/skaller",
                "id": 431744,
                "login": "skaller",
                "node_id": "MDQ6VXNlcjQzMTc0NA==",
                "organizations_url": "https://api.github.com/users/skaller/orgs",
                "received_events_url": "https://api.github.com/users/skaller/received_events",
                "repos_url": "https://api.github.com/users/skaller/repos",
                "site_admin": false,
                "starred_url": "https://api.github.com/users/skaller/starred{/owner}{/repo}",
                "subscriptions_url": "https://api.github.com/users/skaller/subscriptions",
                "type": "User",
                "url": "https://api.github.com/users/skaller"
            },
            "commit_id": null,
            "commit_url": null,
            "created_at": "2016-10-10T11:47:25Z",
            "event": "mentioned",
            "id": 817902935,
            "node_id": "MDE0Ok1lbnRpb25lZEV2ZW50ODE3OTAyOTM1",
            "url": "https://api.github.com/repos/keean/zenscript/issues/events/817902935"
        },
        {
            "actor": {
                "avatar_url": "https://avatars2.githubusercontent.com/u/431744?v=4",
                "events_url": "https://api.github.com/users/skaller/events{/privacy}",
                "followers_url": "https://api.github.com/users/skaller/followers",
                "following_url": "https://api.github.com/users/skaller/following{/other_user}",
                "gists_url": "https://api.github.com/users/skaller/gists{/gist_id}",
                "gravatar_id": "",
                "html_url": "https://github.com/skaller",
                "id": 431744,
                "login": "skaller",
                "node_id": "MDQ6VXNlcjQzMTc0NA==",
                "organizations_url": "https://api.github.com/users/skaller/orgs",
                "received_events_url": "https://api.github.com/users/skaller/received_events",
                "repos_url": "https://api.github.com/users/skaller/repos",
                "site_admin": false,
                "starred_url": "https://api.github.com/users/skaller/starred{/owner}{/repo}",
                "subscriptions_url": "https://api.github.com/users/skaller/subscriptions",
                "type": "User",
                "url": "https://api.github.com/users/skaller"
            },
            "commit_id": null,
            "commit_url": null,
            "created_at": "2016-10-10T11:47:25Z",
            "event": "subscribed",
            "id": 817902936,
            "node_id": "MDE1OlN1YnNjcmliZWRFdmVudDgxNzkwMjkzNg==",
            "url": "https://api.github.com/repos/keean/zenscript/issues/events/817902936"
        },
        {
            "actor": {
                "avatar_url": "https://avatars2.githubusercontent.com/u/508384?v=4",
                "events_url": "https://api.github.com/users/keean/events{/privacy}",
                "followers_url": "https://api.github.com/users/keean/followers",
                "following_url": "https://api.github.com/users/keean/following{/other_user}",
                "gists_url": "https://api.github.com/users/keean/gists{/gist_id}",
                "gravatar_id": "",
                "html_url": "https://github.com/keean",
                "id": 508384,
                "login": "keean",
                "node_id": "MDQ6VXNlcjUwODM4NA==",
                "organizations_url": "https://api.github.com/users/keean/orgs",
                "received_events_url": "https://api.github.com/users/keean/received_events",
                "repos_url": "https://api.github.com/users/keean/repos",
                "site_admin": false,
                "starred_url": "https://api.github.com/users/keean/starred{/owner}{/repo}",
                "subscriptions_url": "https://api.github.com/users/keean/subscriptions",
                "type": "User",
                "url": "https://api.github.com/users/keean"
            },
            "commit_id": null,
            "commit_url": null,
            "created_at": "2017-01-05T22:20:09Z",
            "event": "closed",
            "id": 913349288,
            "node_id": "MDExOkNsb3NlZEV2ZW50OTEzMzQ5Mjg4",
            "url": "https://api.github.com/repos/keean/zenscript/issues/events/913349288"
        },
        {
            "actor": {
                "avatar_url": "https://avatars2.githubusercontent.com/u/508384?v=4",
                "events_url": "https://api.github.com/users/keean/events{/privacy}",
                "followers_url": "https://api.github.com/users/keean/followers",
                "following_url": "https://api.github.com/users/keean/following{/other_user}",
                "gists_url": "https://api.github.com/users/keean/gists{/gist_id}",
                "gravatar_id": "",
                "html_url": "https://github.com/keean",
                "id": 508384,
                "login": "keean",
                "node_id": "MDQ6VXNlcjUwODM4NA==",
                "organizations_url": "https://api.github.com/users/keean/orgs",
                "received_events_url": "https://api.github.com/users/keean/received_events",
                "repos_url": "https://api.github.com/users/keean/repos",
                "site_admin": false,
                "starred_url": "https://api.github.com/users/keean/starred{/owner}{/repo}",
                "subscriptions_url": "https://api.github.com/users/keean/subscriptions",
                "type": "User",
                "url": "https://api.github.com/users/keean"
            },
            "commit_id": null,
            "commit_url": null,
            "created_at": "2017-01-05T22:20:34Z",
            "event": "labeled",
            "id": 913349845,
            "label": {
                "color": "006b75",
                "name": "Accepted"
            },
            "node_id": "MDEyOkxhYmVsZWRFdmVudDkxMzM0OTg0NQ==",
            "url": "https://api.github.com/repos/keean/zenscript/issues/events/913349845"
        }
    ],
    "events_url": "https://api.github.com/repos/keean/zenscript/issues/26/events",
    "html_url": "https://github.com/keean/zenscript/issues/26",
    "id": 181608996,
    "labels": [
        {
            "color": "006b75",
            "default": false,
            "id": 446760465,
            "name": "Accepted",
            "node_id": "MDU6TGFiZWw0NDY3NjA0NjU=",
            "url": "https://api.github.com/repos/keean/zenscript/labels/Accepted"
        }
    ],
    "labels_url": "https://api.github.com/repos/keean/zenscript/issues/26/labels{/name}",
    "locked": false,
    "milestone": null,
    "node_id": "MDU6SXNzdWUxODE2MDg5OTY=",
    "number": 26,
    "repository_url": "https://api.github.com/repos/keean/zenscript",
    "state": "closed",
    "title": "Commit mailing list",
    "updated_at": "2017-01-05T22:20:35Z",
    "url": "https://api.github.com/repos/keean/zenscript/issues/26",
    "user": {
        "avatar_url": "https://avatars2.githubusercontent.com/u/431744?v=4",
        "events_url": "https://api.github.com/users/skaller/events{/privacy}",
        "followers_url": "https://api.github.com/users/skaller/followers",
        "following_url": "https://api.github.com/users/skaller/following{/other_user}",
        "gists_url": "https://api.github.com/users/skaller/gists{/gist_id}",
        "gravatar_id": "",
        "html_url": "https://github.com/skaller",
        "id": 431744,
        "login": "skaller",
        "node_id": "MDQ6VXNlcjQzMTc0NA==",
        "organizations_url": "https://api.github.com/users/skaller/orgs",
        "received_events_url": "https://api.github.com/users/skaller/received_events",
        "repos_url": "https://api.github.com/users/skaller/repos",
        "site_admin": false,
        "starred_url": "https://api.github.com/users/skaller/starred{/owner}{/repo}",
        "subscriptions_url": "https://api.github.com/users/skaller/subscriptions",
        "type": "User",
        "url": "https://api.github.com/users/skaller"
    }
}