{
    "assignee": null,
    "assignees": [],
    "author_association": "NONE",
    "body": "If zenscript can run in the browser, then it can be plug into the [KLIPSE plugin](github.com/viebel/klipse).\n\nIt will allow you to create web pages with `zenscript` interactive code snippets - which will help you a lot to promote `zenscript`.\n\nDisclaimer: I'm the author of KLIPSE.\n\nLet me know if you are interested...\n",
    "closed_at": null,
    "comment_data": [
        {
            "author_association": "OWNER",
            "body": "As I am using ES6 features and CommonJS style 'requires' it won't immediately run in the browser. The main compiler is also using node's file API. However I wonder if with the right index.html replacing the compiler driver would work. If I could servethatt using GitHub.io you might be able to run it from a webbrowser. It would be quite cool to be able to edit the code using github's online editor and then run the compiler all from a mobile phone, although not very practical.\n",
            "created_at": "2016-10-14T06:39:17Z",
            "html_url": "https://github.com/keean/zenscript/issues/28#issuecomment-253721511",
            "id": 253721511,
            "issue_url": "https://api.github.com/repos/keean/zenscript/issues/28",
            "node_id": "MDEyOklzc3VlQ29tbWVudDI1MzcyMTUxMQ==",
            "updated_at": "2016-10-14T06:39:17Z",
            "url": "https://api.github.com/repos/keean/zenscript/issues/comments/253721511",
            "user": {
                "avatar_url": "https://avatars2.githubusercontent.com/u/508384?v=4",
                "events_url": "https://api.github.com/users/keean/events{/privacy}",
                "followers_url": "https://api.github.com/users/keean/followers",
                "following_url": "https://api.github.com/users/keean/following{/other_user}",
                "gists_url": "https://api.github.com/users/keean/gists{/gist_id}",
                "gravatar_id": "",
                "html_url": "https://github.com/keean",
                "id": 508384,
                "login": "keean",
                "node_id": "MDQ6VXNlcjUwODM4NA==",
                "organizations_url": "https://api.github.com/users/keean/orgs",
                "received_events_url": "https://api.github.com/users/keean/received_events",
                "repos_url": "https://api.github.com/users/keean/repos",
                "site_admin": false,
                "starred_url": "https://api.github.com/users/keean/starred{/owner}{/repo}",
                "subscriptions_url": "https://api.github.com/users/keean/subscriptions",
                "type": "User",
                "url": "https://api.github.com/users/keean"
            }
        },
        {
            "author_association": "NONE",
            "body": "Maybe we will get there along the way. I'd personally like to not be dependent on Node.JS nor npm. I'd like for us to leverage Github as our repository system. But more on that later...\n",
            "created_at": "2016-10-14T18:00:12Z",
            "html_url": "https://github.com/keean/zenscript/issues/28#issuecomment-253875584",
            "id": 253875584,
            "issue_url": "https://api.github.com/repos/keean/zenscript/issues/28",
            "node_id": "MDEyOklzc3VlQ29tbWVudDI1Mzg3NTU4NA==",
            "updated_at": "2016-10-14T18:00:12Z",
            "url": "https://api.github.com/repos/keean/zenscript/issues/comments/253875584",
            "user": {
                "avatar_url": "https://avatars3.githubusercontent.com/u/247731?v=4",
                "events_url": "https://api.github.com/users/shelby3/events{/privacy}",
                "followers_url": "https://api.github.com/users/shelby3/followers",
                "following_url": "https://api.github.com/users/shelby3/following{/other_user}",
                "gists_url": "https://api.github.com/users/shelby3/gists{/gist_id}",
                "gravatar_id": "",
                "html_url": "https://github.com/shelby3",
                "id": 247731,
                "login": "shelby3",
                "node_id": "MDQ6VXNlcjI0NzczMQ==",
                "organizations_url": "https://api.github.com/users/shelby3/orgs",
                "received_events_url": "https://api.github.com/users/shelby3/received_events",
                "repos_url": "https://api.github.com/users/shelby3/repos",
                "site_admin": false,
                "starred_url": "https://api.github.com/users/shelby3/starred{/owner}{/repo}",
                "subscriptions_url": "https://api.github.com/users/shelby3/subscriptions",
                "type": "User",
                "url": "https://api.github.com/users/shelby3"
            }
        }
    ],
    "comments": 2,
    "comments_url": "https://api.github.com/repos/keean/zenscript/issues/28/comments",
    "created_at": "2016-10-08T17:43:23Z",
    "event_data": [],
    "events_url": "https://api.github.com/repos/keean/zenscript/issues/28/events",
    "html_url": "https://github.com/keean/zenscript/issues/28",
    "id": 181839102,
    "labels": [],
    "labels_url": "https://api.github.com/repos/keean/zenscript/issues/28/labels{/name}",
    "locked": false,
    "milestone": null,
    "node_id": "MDU6SXNzdWUxODE4MzkxMDI=",
    "number": 28,
    "repository_url": "https://api.github.com/repos/keean/zenscript",
    "state": "open",
    "title": "Can zenscript run in the browser?",
    "updated_at": "2016-10-14T18:00:12Z",
    "url": "https://api.github.com/repos/keean/zenscript/issues/28",
    "user": {
        "avatar_url": "https://avatars1.githubusercontent.com/u/955710?v=4",
        "events_url": "https://api.github.com/users/viebel/events{/privacy}",
        "followers_url": "https://api.github.com/users/viebel/followers",
        "following_url": "https://api.github.com/users/viebel/following{/other_user}",
        "gists_url": "https://api.github.com/users/viebel/gists{/gist_id}",
        "gravatar_id": "",
        "html_url": "https://github.com/viebel",
        "id": 955710,
        "login": "viebel",
        "node_id": "MDQ6VXNlcjk1NTcxMA==",
        "organizations_url": "https://api.github.com/users/viebel/orgs",
        "received_events_url": "https://api.github.com/users/viebel/received_events",
        "repos_url": "https://api.github.com/users/viebel/repos",
        "site_admin": false,
        "starred_url": "https://api.github.com/users/viebel/starred{/owner}{/repo}",
        "subscriptions_url": "https://api.github.com/users/viebel/subscriptions",
        "type": "User",
        "url": "https://api.github.com/users/viebel"
    }
}