{
    "assignee": null,
    "assignees": [],
    "author_association": "OWNER",
    "body": "This is for discussion of the syntax used for types (type annotations and printing types). What we have so far:\r\n\r\n- Type variables are ALL_CAPS\r\n- Type constructors are first letter capitalised, and at least one lower case letter\r\n- Type constructor argument lists (comma separated) are in angle brackets '<>'\r\n- Type infix operators are symbols, so far just the function arrow '->' is defined.",
    "closed_at": null,
    "comment_data": [
        {
            "author_association": "OWNER",
            "body": "The 'Product' type constructor is parsed and printed as a type-list in angle-brackets, like this:\r\n```\r\n<A, B> -> <B, A>\r\n```\r\n",
            "created_at": "2017-01-05T22:27:40Z",
            "html_url": "https://github.com/keean/zenscript/issues/29#issuecomment-270776131",
            "id": 270776131,
            "issue_url": "https://api.github.com/repos/keean/zenscript/issues/29",
            "node_id": "MDEyOklzc3VlQ29tbWVudDI3MDc3NjEzMQ==",
            "updated_at": "2017-01-05T22:27:40Z",
            "url": "https://api.github.com/repos/keean/zenscript/issues/comments/270776131",
            "user": {
                "avatar_url": "https://avatars2.githubusercontent.com/u/508384?v=4",
                "events_url": "https://api.github.com/users/keean/events{/privacy}",
                "followers_url": "https://api.github.com/users/keean/followers",
                "following_url": "https://api.github.com/users/keean/following{/other_user}",
                "gists_url": "https://api.github.com/users/keean/gists{/gist_id}",
                "gravatar_id": "",
                "html_url": "https://github.com/keean",
                "id": 508384,
                "login": "keean",
                "node_id": "MDQ6VXNlcjUwODM4NA==",
                "organizations_url": "https://api.github.com/users/keean/orgs",
                "received_events_url": "https://api.github.com/users/keean/received_events",
                "repos_url": "https://api.github.com/users/keean/repos",
                "site_admin": false,
                "starred_url": "https://api.github.com/users/keean/starred{/owner}{/repo}",
                "subscriptions_url": "https://api.github.com/users/keean/subscriptions",
                "type": "User",
                "url": "https://api.github.com/users/keean"
            }
        },
        {
            "author_association": "OWNER",
            "body": "After using the type syntax for a while, I now think that the angle brackets '<>' look overused, being part of the arrow syntax as well. I have swapped to Scala-like '[]' for type-lists which makes sense as they should behave like lists. The above type would now be written:\r\n```\r\n[A, B] -> [B, A]\r\n```\r\n",
            "created_at": "2017-01-05T22:29:55Z",
            "html_url": "https://github.com/keean/zenscript/issues/29#issuecomment-270776640",
            "id": 270776640,
            "issue_url": "https://api.github.com/repos/keean/zenscript/issues/29",
            "node_id": "MDEyOklzc3VlQ29tbWVudDI3MDc3NjY0MA==",
            "updated_at": "2017-01-05T22:29:55Z",
            "url": "https://api.github.com/repos/keean/zenscript/issues/comments/270776640",
            "user": {
                "avatar_url": "https://avatars2.githubusercontent.com/u/508384?v=4",
                "events_url": "https://api.github.com/users/keean/events{/privacy}",
                "followers_url": "https://api.github.com/users/keean/followers",
                "following_url": "https://api.github.com/users/keean/following{/other_user}",
                "gists_url": "https://api.github.com/users/keean/gists{/gist_id}",
                "gravatar_id": "",
                "html_url": "https://github.com/keean",
                "id": 508384,
                "login": "keean",
                "node_id": "MDQ6VXNlcjUwODM4NA==",
                "organizations_url": "https://api.github.com/users/keean/orgs",
                "received_events_url": "https://api.github.com/users/keean/received_events",
                "repos_url": "https://api.github.com/users/keean/repos",
                "site_admin": false,
                "starred_url": "https://api.github.com/users/keean/starred{/owner}{/repo}",
                "subscriptions_url": "https://api.github.com/users/keean/subscriptions",
                "type": "User",
                "url": "https://api.github.com/users/keean"
            }
        },
        {
            "author_association": "OWNER",
            "body": "I have been looking at PureScripts use of row types, and row polymorphism, and I think this is the way I want to go for effects and union types (at least for now). I want to experiment to see if this can provide the kind of union types we need. This all relates back to the HList paper I co-authored, and is in effect introducing the HList as a primitive type.\r\n\r\nThe first step will be to introduce a row type:\r\n```\r\n{label1 : Type1, label2 : Type2}\r\n```\r\nand a constructor for this type:\r\n```\r\nlet x = {label1 = value1, label2 = value2}\r\n```\r\n",
            "created_at": "2017-03-13T08:11:35Z",
            "html_url": "https://github.com/keean/zenscript/issues/29#issuecomment-286039918",
            "id": 286039918,
            "issue_url": "https://api.github.com/repos/keean/zenscript/issues/29",
            "node_id": "MDEyOklzc3VlQ29tbWVudDI4NjAzOTkxOA==",
            "updated_at": "2017-03-13T08:11:35Z",
            "url": "https://api.github.com/repos/keean/zenscript/issues/comments/286039918",
            "user": {
                "avatar_url": "https://avatars2.githubusercontent.com/u/508384?v=4",
                "events_url": "https://api.github.com/users/keean/events{/privacy}",
                "followers_url": "https://api.github.com/users/keean/followers",
                "following_url": "https://api.github.com/users/keean/following{/other_user}",
                "gists_url": "https://api.github.com/users/keean/gists{/gist_id}",
                "gravatar_id": "",
                "html_url": "https://github.com/keean",
                "id": 508384,
                "login": "keean",
                "node_id": "MDQ6VXNlcjUwODM4NA==",
                "organizations_url": "https://api.github.com/users/keean/orgs",
                "received_events_url": "https://api.github.com/users/keean/received_events",
                "repos_url": "https://api.github.com/users/keean/repos",
                "site_admin": false,
                "starred_url": "https://api.github.com/users/keean/starred{/owner}{/repo}",
                "subscriptions_url": "https://api.github.com/users/keean/subscriptions",
                "type": "User",
                "url": "https://api.github.com/users/keean"
            }
        },
        {
            "author_association": "OWNER",
            "body": "@shelby3\r\n\r\nJavaScript Objects can be represented by a row type like this\r\n```\r\nforall E . { label1 : Type1, label2 : Type2 | E }\r\n```\r\nIts basically a way of saying we want an object with properties \"label1\" of \"Type1\" and \"label2\" of \"Type2\", and we don't care what the other properties of the object are. ",
            "created_at": "2017-03-13T23:13:09Z",
            "html_url": "https://github.com/keean/zenscript/issues/29#issuecomment-286272729",
            "id": 286272729,
            "issue_url": "https://api.github.com/repos/keean/zenscript/issues/29",
            "node_id": "MDEyOklzc3VlQ29tbWVudDI4NjI3MjcyOQ==",
            "updated_at": "2017-03-13T23:13:09Z",
            "url": "https://api.github.com/repos/keean/zenscript/issues/comments/286272729",
            "user": {
                "avatar_url": "https://avatars2.githubusercontent.com/u/508384?v=4",
                "events_url": "https://api.github.com/users/keean/events{/privacy}",
                "followers_url": "https://api.github.com/users/keean/followers",
                "following_url": "https://api.github.com/users/keean/following{/other_user}",
                "gists_url": "https://api.github.com/users/keean/gists{/gist_id}",
                "gravatar_id": "",
                "html_url": "https://github.com/keean",
                "id": 508384,
                "login": "keean",
                "node_id": "MDQ6VXNlcjUwODM4NA==",
                "organizations_url": "https://api.github.com/users/keean/orgs",
                "received_events_url": "https://api.github.com/users/keean/received_events",
                "repos_url": "https://api.github.com/users/keean/repos",
                "site_admin": false,
                "starred_url": "https://api.github.com/users/keean/starred{/owner}{/repo}",
                "subscriptions_url": "https://api.github.com/users/keean/subscriptions",
                "type": "User",
                "url": "https://api.github.com/users/keean"
            }
        },
        {
            "author_association": "NONE",
            "body": "I knew already row polymorphism. I don't understand the context in which you discussed it:\r\n\r\n> and I think this is the way I want to go for effects and union types (at least for now). I want to experiment to see if this can provide the kind of union types we need. This all relates back to the HList paper I co-authored, and is in effect introducing the HList as a primitive type.",
            "created_at": "2017-03-15T10:17:21Z",
            "html_url": "https://github.com/keean/zenscript/issues/29#issuecomment-286699093",
            "id": 286699093,
            "issue_url": "https://api.github.com/repos/keean/zenscript/issues/29",
            "node_id": "MDEyOklzc3VlQ29tbWVudDI4NjY5OTA5Mw==",
            "updated_at": "2017-03-15T10:23:30Z",
            "url": "https://api.github.com/repos/keean/zenscript/issues/comments/286699093",
            "user": {
                "avatar_url": "https://avatars3.githubusercontent.com/u/247731?v=4",
                "events_url": "https://api.github.com/users/shelby3/events{/privacy}",
                "followers_url": "https://api.github.com/users/shelby3/followers",
                "following_url": "https://api.github.com/users/shelby3/following{/other_user}",
                "gists_url": "https://api.github.com/users/shelby3/gists{/gist_id}",
                "gravatar_id": "",
                "html_url": "https://github.com/shelby3",
                "id": 247731,
                "login": "shelby3",
                "node_id": "MDQ6VXNlcjI0NzczMQ==",
                "organizations_url": "https://api.github.com/users/shelby3/orgs",
                "received_events_url": "https://api.github.com/users/shelby3/received_events",
                "repos_url": "https://api.github.com/users/shelby3/repos",
                "site_admin": false,
                "starred_url": "https://api.github.com/users/shelby3/starred{/owner}{/repo}",
                "subscriptions_url": "https://api.github.com/users/shelby3/subscriptions",
                "type": "User",
                "url": "https://api.github.com/users/shelby3"
            }
        },
        {
            "author_association": "NONE",
            "body": "> I have been looking at PureScripts use of row types, and row polymorphism, and I think this is the way I want to go for effects and union types (at least for now). I want to experiment to see if this can provide the kind of union types we need. This all relates back to the HList paper I co-authored, and is in effect introducing the HList as a primitive type.\r\n\r\nI prefer not to get a discussion about the merits and drawbacks of row polymorphism at this time (not a priority issue for me right now). We did mention/discuss row polymorphism in the past [here](https://github.com/keean/zenscript/issues/8#issuecomment-253861093), [here](https://github.com/keean/zenscript/issues/14#issuecomment-251958172), [here](https://github.com/keean/zenscript/issues/18#issuecomment-250894660), [here](https://users.rust-lang.org/t/inversion-of-control-resource-management/5737/68), [here](https://github.com/keean/zenscript/issues/21#issuecomment-250948109), [here](https://users.rust-lang.org/t/edited-my-last-3-posts-please-re-read/5751/203), [here](https://users.rust-lang.org/t/edited-my-last-3-posts-please-re-read/5751/246), [here](https://github.com/keean/zenscript/issues/14#issuecomment-287293761), [here](https://github.com/keean/zenscript/issues/39#issuecomment-366365474), and [here](https://users.rust-lang.org/t/edited-my-last-3-posts-please-re-read/5751/332) (this last link contains a post from @keean that links to a research paper claiming improvements for Ocaml's polymorphic variants).\r\n\r\nThe answers on the following are probably relevant:\r\n\r\nhttp://stackoverflow.com/questions/15237598/why-doesnt-ocaml-support-record-subtyping\r\n\r\nMore:\r\n\r\nhttp://cs.stackexchange.com/questions/53998/what-are-the-major-differences-between-row-polymorphism-and-subtyping\r\n\r\nhttp://cs.stackexchange.com/questions/71282/difference-between-row-polymorpism-and-bounded-polymorpishm\r\n\r\nQuildreen Motta [wrote](https://www.quora.com/What-are-the-arguments-against-Robert-Harpers-view-of-untyped-languages-as-unityped-languages):\r\n> Notice that in the second case the values in the list don't have the same shape, but they still work with the predicate correctly. In this case, this is a constraint from Haskell's type system, which wouldn't be a problem if Haskell supported row polymorphic records (like PureScript, Elm, MLPolyR, etc).",
            "created_at": "2017-03-16T10:08:12Z",
            "html_url": "https://github.com/keean/zenscript/issues/29#issuecomment-287011622",
            "id": 287011622,
            "issue_url": "https://api.github.com/repos/keean/zenscript/issues/29",
            "node_id": "MDEyOklzc3VlQ29tbWVudDI4NzAxMTYyMg==",
            "updated_at": "2018-02-16T21:42:22Z",
            "url": "https://api.github.com/repos/keean/zenscript/issues/comments/287011622",
            "user": {
                "avatar_url": "https://avatars3.githubusercontent.com/u/247731?v=4",
                "events_url": "https://api.github.com/users/shelby3/events{/privacy}",
                "followers_url": "https://api.github.com/users/shelby3/followers",
                "following_url": "https://api.github.com/users/shelby3/following{/other_user}",
                "gists_url": "https://api.github.com/users/shelby3/gists{/gist_id}",
                "gravatar_id": "",
                "html_url": "https://github.com/shelby3",
                "id": 247731,
                "login": "shelby3",
                "node_id": "MDQ6VXNlcjI0NzczMQ==",
                "organizations_url": "https://api.github.com/users/shelby3/orgs",
                "received_events_url": "https://api.github.com/users/shelby3/received_events",
                "repos_url": "https://api.github.com/users/shelby3/repos",
                "site_admin": false,
                "starred_url": "https://api.github.com/users/shelby3/starred{/owner}{/repo}",
                "subscriptions_url": "https://api.github.com/users/shelby3/subscriptions",
                "type": "User",
                "url": "https://api.github.com/users/shelby3"
            }
        },
        {
            "author_association": "OWNER",
            "body": "Nice discussion of why Scala and Java have unsound type systems that was posted on the Rust Internals forum: https://raw.githubusercontent.com/namin/unsound/master/doc/unsound-oopsla16.pdf",
            "created_at": "2017-05-01T23:05:00Z",
            "html_url": "https://github.com/keean/zenscript/issues/29#issuecomment-298455910",
            "id": 298455910,
            "issue_url": "https://api.github.com/repos/keean/zenscript/issues/29",
            "node_id": "MDEyOklzc3VlQ29tbWVudDI5ODQ1NTkxMA==",
            "updated_at": "2017-05-01T23:05:00Z",
            "url": "https://api.github.com/repos/keean/zenscript/issues/comments/298455910",
            "user": {
                "avatar_url": "https://avatars2.githubusercontent.com/u/508384?v=4",
                "events_url": "https://api.github.com/users/keean/events{/privacy}",
                "followers_url": "https://api.github.com/users/keean/followers",
                "following_url": "https://api.github.com/users/keean/following{/other_user}",
                "gists_url": "https://api.github.com/users/keean/gists{/gist_id}",
                "gravatar_id": "",
                "html_url": "https://github.com/keean",
                "id": 508384,
                "login": "keean",
                "node_id": "MDQ6VXNlcjUwODM4NA==",
                "organizations_url": "https://api.github.com/users/keean/orgs",
                "received_events_url": "https://api.github.com/users/keean/received_events",
                "repos_url": "https://api.github.com/users/keean/repos",
                "site_admin": false,
                "starred_url": "https://api.github.com/users/keean/starred{/owner}{/repo}",
                "subscriptions_url": "https://api.github.com/users/keean/subscriptions",
                "type": "User",
                "url": "https://api.github.com/users/keean"
            }
        },
        {
            "author_association": "NONE",
            "body": "> Nice discussion of why Scala and Java have unsound type systems that was posted on the Rust Internals forum: https://raw.githubusercontent.com/namin/unsound/master/doc/unsound-oopsla16.pdf\r\n\r\nIt’s because of assignment of `null` instances which have a type of supertype of top (⊤) and subtype of bottom (⊥), so they can be assigned to any type, even types which are nonsense. And then by transitivity this can allow unsound casts without the compiler enforcing a downcast dependency.",
            "created_at": "2017-05-06T12:02:46Z",
            "html_url": "https://github.com/keean/zenscript/issues/29#issuecomment-299635387",
            "id": 299635387,
            "issue_url": "https://api.github.com/repos/keean/zenscript/issues/29",
            "node_id": "MDEyOklzc3VlQ29tbWVudDI5OTYzNTM4Nw==",
            "updated_at": "2017-05-10T01:29:16Z",
            "url": "https://api.github.com/repos/keean/zenscript/issues/comments/299635387",
            "user": {
                "avatar_url": "https://avatars3.githubusercontent.com/u/247731?v=4",
                "events_url": "https://api.github.com/users/shelby3/events{/privacy}",
                "followers_url": "https://api.github.com/users/shelby3/followers",
                "following_url": "https://api.github.com/users/shelby3/following{/other_user}",
                "gists_url": "https://api.github.com/users/shelby3/gists{/gist_id}",
                "gravatar_id": "",
                "html_url": "https://github.com/shelby3",
                "id": 247731,
                "login": "shelby3",
                "node_id": "MDQ6VXNlcjI0NzczMQ==",
                "organizations_url": "https://api.github.com/users/shelby3/orgs",
                "received_events_url": "https://api.github.com/users/shelby3/received_events",
                "repos_url": "https://api.github.com/users/shelby3/repos",
                "site_admin": false,
                "starred_url": "https://api.github.com/users/shelby3/starred{/owner}{/repo}",
                "subscriptions_url": "https://api.github.com/users/shelby3/subscriptions",
                "type": "User",
                "url": "https://api.github.com/users/shelby3"
            }
        }
    ],
    "comments": 8,
    "comments_url": "https://api.github.com/repos/keean/zenscript/issues/29/comments",
    "created_at": "2017-01-05T22:25:42Z",
    "event_data": [
        {
            "actor": {
                "avatar_url": "https://avatars3.githubusercontent.com/u/247731?v=4",
                "events_url": "https://api.github.com/users/shelby3/events{/privacy}",
                "followers_url": "https://api.github.com/users/shelby3/followers",
                "following_url": "https://api.github.com/users/shelby3/following{/other_user}",
                "gists_url": "https://api.github.com/users/shelby3/gists{/gist_id}",
                "gravatar_id": "",
                "html_url": "https://github.com/shelby3",
                "id": 247731,
                "login": "shelby3",
                "node_id": "MDQ6VXNlcjI0NzczMQ==",
                "organizations_url": "https://api.github.com/users/shelby3/orgs",
                "received_events_url": "https://api.github.com/users/shelby3/received_events",
                "repos_url": "https://api.github.com/users/shelby3/repos",
                "site_admin": false,
                "starred_url": "https://api.github.com/users/shelby3/starred{/owner}{/repo}",
                "subscriptions_url": "https://api.github.com/users/shelby3/subscriptions",
                "type": "User",
                "url": "https://api.github.com/users/shelby3"
            },
            "commit_id": null,
            "commit_url": null,
            "created_at": "2017-03-13T23:13:09Z",
            "event": "mentioned",
            "id": 998179843,
            "node_id": "MDE0Ok1lbnRpb25lZEV2ZW50OTk4MTc5ODQz",
            "url": "https://api.github.com/repos/keean/zenscript/issues/events/998179843"
        },
        {
            "actor": {
                "avatar_url": "https://avatars3.githubusercontent.com/u/247731?v=4",
                "events_url": "https://api.github.com/users/shelby3/events{/privacy}",
                "followers_url": "https://api.github.com/users/shelby3/followers",
                "following_url": "https://api.github.com/users/shelby3/following{/other_user}",
                "gists_url": "https://api.github.com/users/shelby3/gists{/gist_id}",
                "gravatar_id": "",
                "html_url": "https://github.com/shelby3",
                "id": 247731,
                "login": "shelby3",
                "node_id": "MDQ6VXNlcjI0NzczMQ==",
                "organizations_url": "https://api.github.com/users/shelby3/orgs",
                "received_events_url": "https://api.github.com/users/shelby3/received_events",
                "repos_url": "https://api.github.com/users/shelby3/repos",
                "site_admin": false,
                "starred_url": "https://api.github.com/users/shelby3/starred{/owner}{/repo}",
                "subscriptions_url": "https://api.github.com/users/shelby3/subscriptions",
                "type": "User",
                "url": "https://api.github.com/users/shelby3"
            },
            "commit_id": null,
            "commit_url": null,
            "created_at": "2017-03-13T23:13:09Z",
            "event": "subscribed",
            "id": 998179844,
            "node_id": "MDE1OlN1YnNjcmliZWRFdmVudDk5ODE3OTg0NA==",
            "url": "https://api.github.com/repos/keean/zenscript/issues/events/998179844"
        },
        {
            "actor": {
                "avatar_url": "https://avatars2.githubusercontent.com/u/508384?v=4",
                "events_url": "https://api.github.com/users/keean/events{/privacy}",
                "followers_url": "https://api.github.com/users/keean/followers",
                "following_url": "https://api.github.com/users/keean/following{/other_user}",
                "gists_url": "https://api.github.com/users/keean/gists{/gist_id}",
                "gravatar_id": "",
                "html_url": "https://github.com/keean",
                "id": 508384,
                "login": "keean",
                "node_id": "MDQ6VXNlcjUwODM4NA==",
                "organizations_url": "https://api.github.com/users/keean/orgs",
                "received_events_url": "https://api.github.com/users/keean/received_events",
                "repos_url": "https://api.github.com/users/keean/repos",
                "site_admin": false,
                "starred_url": "https://api.github.com/users/keean/starred{/owner}{/repo}",
                "subscriptions_url": "https://api.github.com/users/keean/subscriptions",
                "type": "User",
                "url": "https://api.github.com/users/keean"
            },
            "commit_id": null,
            "commit_url": null,
            "created_at": "2017-03-16T10:08:12Z",
            "event": "mentioned",
            "id": 1002426846,
            "node_id": "MDE0Ok1lbnRpb25lZEV2ZW50MTAwMjQyNjg0Ng==",
            "url": "https://api.github.com/repos/keean/zenscript/issues/events/1002426846"
        },
        {
            "actor": {
                "avatar_url": "https://avatars2.githubusercontent.com/u/508384?v=4",
                "events_url": "https://api.github.com/users/keean/events{/privacy}",
                "followers_url": "https://api.github.com/users/keean/followers",
                "following_url": "https://api.github.com/users/keean/following{/other_user}",
                "gists_url": "https://api.github.com/users/keean/gists{/gist_id}",
                "gravatar_id": "",
                "html_url": "https://github.com/keean",
                "id": 508384,
                "login": "keean",
                "node_id": "MDQ6VXNlcjUwODM4NA==",
                "organizations_url": "https://api.github.com/users/keean/orgs",
                "received_events_url": "https://api.github.com/users/keean/received_events",
                "repos_url": "https://api.github.com/users/keean/repos",
                "site_admin": false,
                "starred_url": "https://api.github.com/users/keean/starred{/owner}{/repo}",
                "subscriptions_url": "https://api.github.com/users/keean/subscriptions",
                "type": "User",
                "url": "https://api.github.com/users/keean"
            },
            "commit_id": null,
            "commit_url": null,
            "created_at": "2017-03-16T10:08:12Z",
            "event": "subscribed",
            "id": 1002426847,
            "node_id": "MDE1OlN1YnNjcmliZWRFdmVudDEwMDI0MjY4NDc=",
            "url": "https://api.github.com/repos/keean/zenscript/issues/events/1002426847"
        }
    ],
    "events_url": "https://api.github.com/repos/keean/zenscript/issues/29/events",
    "html_url": "https://github.com/keean/zenscript/issues/29",
    "id": 199075770,
    "labels": [],
    "labels_url": "https://api.github.com/repos/keean/zenscript/issues/29/labels{/name}",
    "locked": false,
    "milestone": null,
    "node_id": "MDU6SXNzdWUxOTkwNzU3NzA=",
    "number": 29,
    "repository_url": "https://api.github.com/repos/keean/zenscript",
    "state": "open",
    "title": "Type Syntax",
    "updated_at": "2018-02-16T21:42:22Z",
    "url": "https://api.github.com/repos/keean/zenscript/issues/29",
    "user": {
        "avatar_url": "https://avatars2.githubusercontent.com/u/508384?v=4",
        "events_url": "https://api.github.com/users/keean/events{/privacy}",
        "followers_url": "https://api.github.com/users/keean/followers",
        "following_url": "https://api.github.com/users/keean/following{/other_user}",
        "gists_url": "https://api.github.com/users/keean/gists{/gist_id}",
        "gravatar_id": "",
        "html_url": "https://github.com/keean",
        "id": 508384,
        "login": "keean",
        "node_id": "MDQ6VXNlcjUwODM4NA==",
        "organizations_url": "https://api.github.com/users/keean/orgs",
        "received_events_url": "https://api.github.com/users/keean/received_events",
        "repos_url": "https://api.github.com/users/keean/repos",
        "site_admin": false,
        "starred_url": "https://api.github.com/users/keean/starred{/owner}{/repo}",
        "subscriptions_url": "https://api.github.com/users/keean/subscriptions",
        "type": "User",
        "url": "https://api.github.com/users/keean"
    }
}