{
    "assignee": null,
    "assignees": [],
    "author_association": "NONE",
    "body": "I’m [having some doubts](https://github.com/gopherjs/gopherjs/issues/136#issuecomment-391527591) about WASM. Any thoughts?",
    "closed_at": null,
    "comment_data": [
        {
            "author_association": "NONE",
            "body": "I'm not very familiar with WASM but I think it is better for \"statically typed\" languages.\r\n\r\nOne point that annoys me is the missing support for c like structs in [WASM](https://github.com/WebAssembly/design/issues/1099). Instead they are distributed into smaller compositions?\r\nFurther, as you already mentioned is the missing GC for garbage collected languages which would be nice for the future.\r\n\r\nAnd the alternative? Compile to javascript is a loss of type information at the expense of performance despite that javascript runs very fast once parsed these days.\r\n\r\nDo you have thought about transpiling to jvm bytecode, instead? The jvm has a first class GC and is supported by other platforms very well. The only problem I see so far is that it offers limited value types  which [seems to change in future](http://openjdk.java.net/projects/valhalla/), however.",
            "created_at": "2018-06-03T12:52:12Z",
            "html_url": "https://github.com/keean/zenscript/issues/42#issuecomment-394160346",
            "id": 394160346,
            "issue_url": "https://api.github.com/repos/keean/zenscript/issues/42",
            "node_id": "MDEyOklzc3VlQ29tbWVudDM5NDE2MDM0Ng==",
            "updated_at": "2018-06-03T12:52:12Z",
            "url": "https://api.github.com/repos/keean/zenscript/issues/comments/394160346",
            "user": {
                "avatar_url": "https://avatars0.githubusercontent.com/u/9272972?v=4",
                "events_url": "https://api.github.com/users/sighoya/events{/privacy}",
                "followers_url": "https://api.github.com/users/sighoya/followers",
                "following_url": "https://api.github.com/users/sighoya/following{/other_user}",
                "gists_url": "https://api.github.com/users/sighoya/gists{/gist_id}",
                "gravatar_id": "",
                "html_url": "https://github.com/sighoya",
                "id": 9272972,
                "login": "sighoya",
                "node_id": "MDQ6VXNlcjkyNzI5NzI=",
                "organizations_url": "https://api.github.com/users/sighoya/orgs",
                "received_events_url": "https://api.github.com/users/sighoya/received_events",
                "repos_url": "https://api.github.com/users/sighoya/repos",
                "site_admin": false,
                "starred_url": "https://api.github.com/users/sighoya/starred{/owner}{/repo}",
                "subscriptions_url": "https://api.github.com/users/sighoya/subscriptions",
                "type": "User",
                "url": "https://api.github.com/users/sighoya"
            }
        },
        {
            "author_association": "NONE",
            "body": "> One point that annoys me is the [missing support for c like structs](https://github.com/WebAssembly/design/issues/1099) in WASM. Instead they are distributed into smaller compositions?\r\n\r\nShocking. :astonished: :man_facepalming: \r\n\r\nThere’s probably some justification. But this is what happens when there’s so many competing design pressures. Difficult to design a VM that works well for all PLs and covers all the security flaws at the low-level.\r\n\r\nStill hoping for @keean to weigh in with his opinions. He is usually quite knowledgeable about details I’m unaware of.\r\n\r\n> The only problem I see so far is that it offers limited value types which [seems to change in future](http://openjdk.java.net/projects/valhalla/), however.\r\n\r\nInteresting. The GC has been improving also.\r\n\r\nBut still no goroutines. And not as much low-level control as Go. Still leaning towards Go. See recent discussion in the Concurrency issues thread #17 and WD-40 issues thread #35.\r\n\r\nGo compiles to JavaScript (via GopherScript) and there's a project underway to compile it to WASM.",
            "created_at": "2018-06-03T13:41:47Z",
            "html_url": "https://github.com/keean/zenscript/issues/42#issuecomment-394163273",
            "id": 394163273,
            "issue_url": "https://api.github.com/repos/keean/zenscript/issues/42",
            "node_id": "MDEyOklzc3VlQ29tbWVudDM5NDE2MzI3Mw==",
            "updated_at": "2018-06-03T17:13:58Z",
            "url": "https://api.github.com/repos/keean/zenscript/issues/comments/394163273",
            "user": {
                "avatar_url": "https://avatars3.githubusercontent.com/u/247731?v=4",
                "events_url": "https://api.github.com/users/shelby3/events{/privacy}",
                "followers_url": "https://api.github.com/users/shelby3/followers",
                "following_url": "https://api.github.com/users/shelby3/following{/other_user}",
                "gists_url": "https://api.github.com/users/shelby3/gists{/gist_id}",
                "gravatar_id": "",
                "html_url": "https://github.com/shelby3",
                "id": 247731,
                "login": "shelby3",
                "node_id": "MDQ6VXNlcjI0NzczMQ==",
                "organizations_url": "https://api.github.com/users/shelby3/orgs",
                "received_events_url": "https://api.github.com/users/shelby3/received_events",
                "repos_url": "https://api.github.com/users/shelby3/repos",
                "site_admin": false,
                "starred_url": "https://api.github.com/users/shelby3/starred{/owner}{/repo}",
                "subscriptions_url": "https://api.github.com/users/shelby3/subscriptions",
                "type": "User",
                "url": "https://api.github.com/users/shelby3"
            }
        }
    ],
    "comments": 2,
    "comments_url": "https://api.github.com/repos/keean/zenscript/issues/42/comments",
    "created_at": "2018-05-23T23:17:14Z",
    "event_data": [
        {
            "actor": {
                "avatar_url": "https://avatars2.githubusercontent.com/u/508384?v=4",
                "events_url": "https://api.github.com/users/keean/events{/privacy}",
                "followers_url": "https://api.github.com/users/keean/followers",
                "following_url": "https://api.github.com/users/keean/following{/other_user}",
                "gists_url": "https://api.github.com/users/keean/gists{/gist_id}",
                "gravatar_id": "",
                "html_url": "https://github.com/keean",
                "id": 508384,
                "login": "keean",
                "node_id": "MDQ6VXNlcjUwODM4NA==",
                "organizations_url": "https://api.github.com/users/keean/orgs",
                "received_events_url": "https://api.github.com/users/keean/received_events",
                "repos_url": "https://api.github.com/users/keean/repos",
                "site_admin": false,
                "starred_url": "https://api.github.com/users/keean/starred{/owner}{/repo}",
                "subscriptions_url": "https://api.github.com/users/keean/subscriptions",
                "type": "User",
                "url": "https://api.github.com/users/keean"
            },
            "commit_id": null,
            "commit_url": null,
            "created_at": "2018-06-03T17:13:58Z",
            "event": "mentioned",
            "id": 1660078049,
            "node_id": "MDE0Ok1lbnRpb25lZEV2ZW50MTY2MDA3ODA0OQ==",
            "url": "https://api.github.com/repos/keean/zenscript/issues/events/1660078049"
        },
        {
            "actor": {
                "avatar_url": "https://avatars2.githubusercontent.com/u/508384?v=4",
                "events_url": "https://api.github.com/users/keean/events{/privacy}",
                "followers_url": "https://api.github.com/users/keean/followers",
                "following_url": "https://api.github.com/users/keean/following{/other_user}",
                "gists_url": "https://api.github.com/users/keean/gists{/gist_id}",
                "gravatar_id": "",
                "html_url": "https://github.com/keean",
                "id": 508384,
                "login": "keean",
                "node_id": "MDQ6VXNlcjUwODM4NA==",
                "organizations_url": "https://api.github.com/users/keean/orgs",
                "received_events_url": "https://api.github.com/users/keean/received_events",
                "repos_url": "https://api.github.com/users/keean/repos",
                "site_admin": false,
                "starred_url": "https://api.github.com/users/keean/starred{/owner}{/repo}",
                "subscriptions_url": "https://api.github.com/users/keean/subscriptions",
                "type": "User",
                "url": "https://api.github.com/users/keean"
            },
            "commit_id": null,
            "commit_url": null,
            "created_at": "2018-06-03T17:13:58Z",
            "event": "subscribed",
            "id": 1660078050,
            "node_id": "MDE1OlN1YnNjcmliZWRFdmVudDE2NjAwNzgwNTA=",
            "url": "https://api.github.com/repos/keean/zenscript/issues/events/1660078050"
        },
        {
            "actor": {
                "avatar_url": "https://avatars2.githubusercontent.com/u/508384?v=4",
                "events_url": "https://api.github.com/users/keean/events{/privacy}",
                "followers_url": "https://api.github.com/users/keean/followers",
                "following_url": "https://api.github.com/users/keean/following{/other_user}",
                "gists_url": "https://api.github.com/users/keean/gists{/gist_id}",
                "gravatar_id": "",
                "html_url": "https://github.com/keean",
                "id": 508384,
                "login": "keean",
                "node_id": "MDQ6VXNlcjUwODM4NA==",
                "organizations_url": "https://api.github.com/users/keean/orgs",
                "received_events_url": "https://api.github.com/users/keean/received_events",
                "repos_url": "https://api.github.com/users/keean/repos",
                "site_admin": false,
                "starred_url": "https://api.github.com/users/keean/starred{/owner}{/repo}",
                "subscriptions_url": "https://api.github.com/users/keean/subscriptions",
                "type": "User",
                "url": "https://api.github.com/users/keean"
            },
            "commit_id": null,
            "commit_url": null,
            "created_at": "2018-06-03T17:14:13Z",
            "event": "mentioned",
            "id": 1660078133,
            "node_id": "MDE0Ok1lbnRpb25lZEV2ZW50MTY2MDA3ODEzMw==",
            "url": "https://api.github.com/repos/keean/zenscript/issues/events/1660078133"
        },
        {
            "actor": {
                "avatar_url": "https://avatars2.githubusercontent.com/u/508384?v=4",
                "events_url": "https://api.github.com/users/keean/events{/privacy}",
                "followers_url": "https://api.github.com/users/keean/followers",
                "following_url": "https://api.github.com/users/keean/following{/other_user}",
                "gists_url": "https://api.github.com/users/keean/gists{/gist_id}",
                "gravatar_id": "",
                "html_url": "https://github.com/keean",
                "id": 508384,
                "login": "keean",
                "node_id": "MDQ6VXNlcjUwODM4NA==",
                "organizations_url": "https://api.github.com/users/keean/orgs",
                "received_events_url": "https://api.github.com/users/keean/received_events",
                "repos_url": "https://api.github.com/users/keean/repos",
                "site_admin": false,
                "starred_url": "https://api.github.com/users/keean/starred{/owner}{/repo}",
                "subscriptions_url": "https://api.github.com/users/keean/subscriptions",
                "type": "User",
                "url": "https://api.github.com/users/keean"
            },
            "commit_id": null,
            "commit_url": null,
            "created_at": "2018-06-03T17:14:13Z",
            "event": "subscribed",
            "id": 1660078134,
            "node_id": "MDE1OlN1YnNjcmliZWRFdmVudDE2NjAwNzgxMzQ=",
            "url": "https://api.github.com/repos/keean/zenscript/issues/events/1660078134"
        }
    ],
    "events_url": "https://api.github.com/repos/keean/zenscript/issues/42/events",
    "html_url": "https://github.com/keean/zenscript/issues/42",
    "id": 325907723,
    "labels": [],
    "labels_url": "https://api.github.com/repos/keean/zenscript/issues/42/labels{/name}",
    "locked": false,
    "milestone": null,
    "node_id": "MDU6SXNzdWUzMjU5MDc3MjM=",
    "number": 42,
    "repository_url": "https://api.github.com/repos/keean/zenscript",
    "state": "open",
    "title": "WASM",
    "updated_at": "2018-06-04T09:59:03Z",
    "url": "https://api.github.com/repos/keean/zenscript/issues/42",
    "user": {
        "avatar_url": "https://avatars3.githubusercontent.com/u/247731?v=4",
        "events_url": "https://api.github.com/users/shelby3/events{/privacy}",
        "followers_url": "https://api.github.com/users/shelby3/followers",
        "following_url": "https://api.github.com/users/shelby3/following{/other_user}",
        "gists_url": "https://api.github.com/users/shelby3/gists{/gist_id}",
        "gravatar_id": "",
        "html_url": "https://github.com/shelby3",
        "id": 247731,
        "login": "shelby3",
        "node_id": "MDQ6VXNlcjI0NzczMQ==",
        "organizations_url": "https://api.github.com/users/shelby3/orgs",
        "received_events_url": "https://api.github.com/users/shelby3/received_events",
        "repos_url": "https://api.github.com/users/shelby3/repos",
        "site_admin": false,
        "starred_url": "https://api.github.com/users/shelby3/starred{/owner}{/repo}",
        "subscriptions_url": "https://api.github.com/users/shelby3/subscriptions",
        "type": "User",
        "url": "https://api.github.com/users/shelby3"
    }
}