{
    "assignee": null,
    "assignees": [],
    "author_association": "NONE",
    "body": "### Functional Programming vs. OOP\r\n\r\n@NodixBlockchain [wrote](https://github.com/keean/zenscript/issues/35#issuecomment-392537461):\r\n\r\n> Functional language are stateless,\r\n\r\n**Incorrect**. Imperative state effects are managed in the monad paradigm of _pure_ FP.\r\n\r\nThere’s the _Optionally declare functions `pure`?_ issue thread #4 for discussing monads and a general _Language Discussion_ thread #1. There’s also a discussion of pure effects systems in the latter portion of the Concurrency issues thread #17.\r\n\r\n>  and i dont see well how stateless program can be converted to goroutine and channels efficiently.\r\n\r\nI already told you that the #35 issues thread (where this discussion originated) is not about creating a _pure_ FP language.\r\n\r\n> But maybe i'm missing something or you have another definition of FP.\r\n\r\nI [already gave you](https://github.com/keean/zenscript/issues/35#issuecomment-392509791) the superset definition of FP:\r\n\r\n> ### Go has first-class, higher-order functions, closures, and GC. Therefore it is a FP language. Just not a _pure_ FP language.\r\n\r\nI really grow weary when having discussions with you because it’s as if the relevance of what I write doesn’t sink in for you the first, second, or even sometimes the 3rd or 4th time it is explained. How many more times do I have to explain that _pure_ FP is not all of FP.\r\n\r\n> For me where i put the frontier between FP and imperative is statfullness or not.\r\n\r\nFP is not about avoiding state. That seems to be the stumbling block of your persistent misconceptualization.\r\n\r\nFP is about the definition I quoted above.\r\n\r\nOOP binds data to methods in objects at instantiation and includes [the anti-pattern of virtual inheritance](http://asserttrue.blogspot.com/2009/02/inheritance-as-antipattern.html). FP employs dependency injection of functions along with data that function call, which is late binding of interface to data (aka [“interface inheritance”](http://asserttrue.blogspot.com/2009/02/inheritance-as-antipattern.html?showComment=1233539940000#c1133880209666039386)). Typeclasses automate (and make implicit) this FP capability.\r\n\r\nSo the reason you do not comprehend the significance of what we are doing is because you haven’t yet grokked the distinction between FP and OOP. And how typeclasses are simply an automation of FP late binding dependency injection.\r\n\r\nThe strictly _pure_ (and lazy evaluation) variant of FP is more focused on the mathematical definition of a function and equational reasoning. Monads are employed in order to model stateful effects in the _pure_ FP paradigm.\r\n\r\nP.S. I know you are a highly productive programmer once you understand. So I hope we could attain mutual understanding.",
    "closed_at": null,
    "comment_data": [
        {
            "author_association": "NONE",
            "body": "@NodixBlockchain [wrote](https://github.com/keean/zenscript/issues/35#issuecomment-392749379):\r\n\r\n> The thing about functionnal programming being stateless and pure is not a matter of religion, it's a matter of what are the practical advantage of using functional programming, that you already talked about in all length in many threads.\r\n> \r\n> I have hard time to grok the point to do functional programming while discarding all the things that make functional programming interesting.\r\n> \r\n> Higher order function and first class function are present in any procedural language. But what make this especially interesting in the context of functional programming is absence of side effect, which allow composability, easy parrallelism etc.\r\n> \r\n> If you remove all the 'religiousity' of functional programming, then you discard all its advantage in the same time. Then can wonder what advantage you really expect out of it.\r\n\r\nDid your eyes entirely miss what I wrote:\r\n\r\n> <sup>OOP binds data to methods in objects at instantiation and includes [the anti-pattern of virtual inheritance](http://asserttrue.blogspot.com/2009/02/inheritance-as-antipattern.html). FP employs dependency injection of functions along with data that function call, which is late binding of interface to data (aka [“interface inheritance”](http://asserttrue.blogspot.com/2009/02/inheritance-as-antipattern.html?showComment=1233539940000#c1133880209666039386)). Typeclasses automate (and make implicit) this FP capability.</sup>\r\n> \r\n> <sup>So the reason you do not comprehend the significance of what we are doing is because you haven’t yet grokked the distinction between FP and OOP. And how typeclasses are simply an automation of FP late binding dependency injection.</sup>\r\n\r\nAdditionally, local assumptions can be immutable, which does not require the global, total purity and religiosity of Haskell. Partial orders instead of total orders, because the latter don’t exist in our universe.\r\n\r\n---\r\n\r\n> Closure can be a good thing, but in the context of Go, that can also turn into a can of worm, because closure can be considered as first class function, except they contain hidden dependencies, and thus potential side effects etc that can create trouble with concurency. And they can easily also mess up the heap. After why not having them, they can be useful for certain things.\r\n\r\nWe [already addressed](https://github.com/keean/zenscript/issues/33#issuecomment-390604029) that.\r\n\r\n> GC is orthogonal to the programming style.\r\n\r\nNot true. The HOF (higher-order functions) essentially require GC.\r\n\r\n> As for the issue of late binding and dependency injection, i can also totally grok this, except using typeclass for this seem to be a weak form of it.\r\n\r\nIf you can grok it, then why are you thinking non-pure FP has no purpose. Typeclasses are a disciplined, well-typed form that leads to good abstraction. Good abstraction is essential to expert programming.\r\n\r\nYou do not place a high priority on abstraction. We do.\r\n\r\n> Dependency injection in the strong form can allow to load a specific implemention of a service or whatever else at runtime based on a config file for example.\r\n> \r\n> It's what you can get with C# + COM with the Object thing that can be assigned any implementation of anything at runtime based on runtime conditions.\r\n>\r\n> It's what i can get with my system too, except i choose a different path, mostly because i had a massive overdose of C++ templates after doing many project with ATL/NPAPI, Direct Show, and other things, so i made my system to have the equivalent of C# / COM dependency injection, but with very slim runtime and portable. But it's really because i grew a huge aversion of C++ type system. Same on a note, i'm not especially a C purist, but all the other language i tried ended up letting me down on a thing or another.\r\n> \r\n> Using typeclass for dependency injection already limit the cases to compile time dependency injection, or then need the dictionary injection thing, but i still wonder the limit of this system in the context of dependency injection / late binding, if it's possible to have a system of plugin loaded dynamically at runtime based on typeclass definition, that can be portable and consistent across different compilers etc.\r\n> \r\n> After i can get the interest of typeclass, in the sense of programming in term of \"concepts\" that can be applied to many situations and types, especially when it's done at compile time where the compiler have all the informations about the types and how to deal with them and overcome the limitation of OOP. I can completely get the interest of this.\r\n> \r\n> But it seem to me to be still a weaker form of dependency injection / late binding.\r\n\r\nI’ll let @keean address this. I am growing weary.",
            "created_at": "2018-05-29T14:16:39Z",
            "html_url": "https://github.com/keean/zenscript/issues/43#issuecomment-392792829",
            "id": 392792829,
            "issue_url": "https://api.github.com/repos/keean/zenscript/issues/43",
            "node_id": "MDEyOklzc3VlQ29tbWVudDM5Mjc5MjgyOQ==",
            "updated_at": "2018-05-29T14:51:55Z",
            "url": "https://api.github.com/repos/keean/zenscript/issues/comments/392792829",
            "user": {
                "avatar_url": "https://avatars3.githubusercontent.com/u/247731?v=4",
                "events_url": "https://api.github.com/users/shelby3/events{/privacy}",
                "followers_url": "https://api.github.com/users/shelby3/followers",
                "following_url": "https://api.github.com/users/shelby3/following{/other_user}",
                "gists_url": "https://api.github.com/users/shelby3/gists{/gist_id}",
                "gravatar_id": "",
                "html_url": "https://github.com/shelby3",
                "id": 247731,
                "login": "shelby3",
                "node_id": "MDQ6VXNlcjI0NzczMQ==",
                "organizations_url": "https://api.github.com/users/shelby3/orgs",
                "received_events_url": "https://api.github.com/users/shelby3/received_events",
                "repos_url": "https://api.github.com/users/shelby3/repos",
                "site_admin": false,
                "starred_url": "https://api.github.com/users/shelby3/starred{/owner}{/repo}",
                "subscriptions_url": "https://api.github.com/users/shelby3/subscriptions",
                "type": "User",
                "url": "https://api.github.com/users/shelby3"
            }
        },
        {
            "author_association": "NONE",
            "body": "I think I figured out why you’re downplaying the typeclasses point and not grokking how FP + goroutines work together.\r\n\r\nI will just add that it seems you do not see how Go’s goroutines can be combined with FP, because you presume that concurrency/parallelism in FP is only obtained as a total order of purity and immutability. But there is no such thing as 100% parallelism. In a pure FP language we would use monads to structure state so that we can prove which parts of our program are mutual independent so we can parallelize them. We this is analogous to employing local immutability and purity annotations and running the independent parts in goroutines.\r\n\r\nYou think too simplistically and do not see that they are dualistic analogs of each other. There is no such thing as an entirely immutable program which is also Turing complete. Rather you’re thinking of a declarative language with no state transformations such as HTML without scripting.\r\n\r\nYou’ve been hoodwinked by Haskell into thinking it’s doing some kind of exclusive magic that doesn’t have any mutable state. Or that the global purity and laziness as the default in Haskell does not have a categorical dual (i.e. impurity and eagerness as defaults) which is equivalent in power and also employs FP. Both of the categorical duals can both implement the capabilities of each other. They just have different default models due to the defaults chosen.",
            "created_at": "2018-05-29T14:57:37Z",
            "html_url": "https://github.com/keean/zenscript/issues/43#issuecomment-392808065",
            "id": 392808065,
            "issue_url": "https://api.github.com/repos/keean/zenscript/issues/43",
            "node_id": "MDEyOklzc3VlQ29tbWVudDM5MjgwODA2NQ==",
            "updated_at": "2018-05-29T15:22:24Z",
            "url": "https://api.github.com/repos/keean/zenscript/issues/comments/392808065",
            "user": {
                "avatar_url": "https://avatars3.githubusercontent.com/u/247731?v=4",
                "events_url": "https://api.github.com/users/shelby3/events{/privacy}",
                "followers_url": "https://api.github.com/users/shelby3/followers",
                "following_url": "https://api.github.com/users/shelby3/following{/other_user}",
                "gists_url": "https://api.github.com/users/shelby3/gists{/gist_id}",
                "gravatar_id": "",
                "html_url": "https://github.com/shelby3",
                "id": 247731,
                "login": "shelby3",
                "node_id": "MDQ6VXNlcjI0NzczMQ==",
                "organizations_url": "https://api.github.com/users/shelby3/orgs",
                "received_events_url": "https://api.github.com/users/shelby3/received_events",
                "repos_url": "https://api.github.com/users/shelby3/repos",
                "site_admin": false,
                "starred_url": "https://api.github.com/users/shelby3/starred{/owner}{/repo}",
                "subscriptions_url": "https://api.github.com/users/shelby3/subscriptions",
                "type": "User",
                "url": "https://api.github.com/users/shelby3"
            }
        },
        {
            "author_association": "NONE",
            "body": "@shelby3 wrote:\r\n>The compiler can easily offer both and convert that dot notation syntax sugar into:\r\n\r\nBut how do you solve this:\r\n\r\n```\r\ntypeclass C1[A,B]\r\n    a:self->A\r\n    b:self->B\r\n```\r\n\r\nsuch that can write record.a, record.b instead a(record), b(record) .\r\n\r\nAnd what about copying a value from records to other records, just like we importing values from modules to other modules?",
            "created_at": "2018-08-30T08:16:18Z",
            "html_url": "https://github.com/keean/zenscript/issues/43#issuecomment-417231533",
            "id": 417231533,
            "issue_url": "https://api.github.com/repos/keean/zenscript/issues/43",
            "node_id": "MDEyOklzc3VlQ29tbWVudDQxNzIzMTUzMw==",
            "updated_at": "2018-08-30T08:16:18Z",
            "url": "https://api.github.com/repos/keean/zenscript/issues/comments/417231533",
            "user": {
                "avatar_url": "https://avatars0.githubusercontent.com/u/9272972?v=4",
                "events_url": "https://api.github.com/users/sighoya/events{/privacy}",
                "followers_url": "https://api.github.com/users/sighoya/followers",
                "following_url": "https://api.github.com/users/sighoya/following{/other_user}",
                "gists_url": "https://api.github.com/users/sighoya/gists{/gist_id}",
                "gravatar_id": "",
                "html_url": "https://github.com/sighoya",
                "id": 9272972,
                "login": "sighoya",
                "node_id": "MDQ6VXNlcjkyNzI5NzI=",
                "organizations_url": "https://api.github.com/users/sighoya/orgs",
                "received_events_url": "https://api.github.com/users/sighoya/received_events",
                "repos_url": "https://api.github.com/users/sighoya/repos",
                "site_admin": false,
                "starred_url": "https://api.github.com/users/sighoya/starred{/owner}{/repo}",
                "subscriptions_url": "https://api.github.com/users/sighoya/subscriptions",
                "type": "User",
                "url": "https://api.github.com/users/sighoya"
            }
        },
        {
            "author_association": "OWNER",
            "body": "@sighoya\r\n\r\nI don't understand, you can simply write:\r\n```\r\ntypeclass C1(S, A, B)\r\n   a : S -> A\r\n   b : S -> B\r\n```\r\n`a(record) -> record.a()` is simply a syntax change, putting the first function argument before the function name.\r\n\r\nI don't see the issue that is concerning you.\r\n ",
            "created_at": "2018-08-30T10:36:36Z",
            "html_url": "https://github.com/keean/zenscript/issues/43#issuecomment-417273370",
            "id": 417273370,
            "issue_url": "https://api.github.com/repos/keean/zenscript/issues/43",
            "node_id": "MDEyOklzc3VlQ29tbWVudDQxNzI3MzM3MA==",
            "updated_at": "2018-08-30T10:36:36Z",
            "url": "https://api.github.com/repos/keean/zenscript/issues/comments/417273370",
            "user": {
                "avatar_url": "https://avatars2.githubusercontent.com/u/508384?v=4",
                "events_url": "https://api.github.com/users/keean/events{/privacy}",
                "followers_url": "https://api.github.com/users/keean/followers",
                "following_url": "https://api.github.com/users/keean/following{/other_user}",
                "gists_url": "https://api.github.com/users/keean/gists{/gist_id}",
                "gravatar_id": "",
                "html_url": "https://github.com/keean",
                "id": 508384,
                "login": "keean",
                "node_id": "MDQ6VXNlcjUwODM4NA==",
                "organizations_url": "https://api.github.com/users/keean/orgs",
                "received_events_url": "https://api.github.com/users/keean/received_events",
                "repos_url": "https://api.github.com/users/keean/repos",
                "site_admin": false,
                "starred_url": "https://api.github.com/users/keean/starred{/owner}{/repo}",
                "subscriptions_url": "https://api.github.com/users/keean/subscriptions",
                "type": "User",
                "url": "https://api.github.com/users/keean"
            }
        },
        {
            "author_association": "NONE",
            "body": ">`a(record) -> record.a()` is simply a syntax change, putting the first function argument before the function name.\r\n\r\nSo you request for an [uniform function call syntax](https://en.wikipedia.org/wiki/Uniform_Function_Call_Syntax). I think this is quite ok.\r\n\r\nWhat about default values in typeclasses and importing values from other records, do you want to realize that by manual copying?\r\n",
            "created_at": "2018-08-30T12:04:46Z",
            "html_url": "https://github.com/keean/zenscript/issues/43#issuecomment-417295239",
            "id": 417295239,
            "issue_url": "https://api.github.com/repos/keean/zenscript/issues/43",
            "node_id": "MDEyOklzc3VlQ29tbWVudDQxNzI5NTIzOQ==",
            "updated_at": "2018-08-30T12:04:46Z",
            "url": "https://api.github.com/repos/keean/zenscript/issues/comments/417295239",
            "user": {
                "avatar_url": "https://avatars0.githubusercontent.com/u/9272972?v=4",
                "events_url": "https://api.github.com/users/sighoya/events{/privacy}",
                "followers_url": "https://api.github.com/users/sighoya/followers",
                "following_url": "https://api.github.com/users/sighoya/following{/other_user}",
                "gists_url": "https://api.github.com/users/sighoya/gists{/gist_id}",
                "gravatar_id": "",
                "html_url": "https://github.com/sighoya",
                "id": 9272972,
                "login": "sighoya",
                "node_id": "MDQ6VXNlcjkyNzI5NzI=",
                "organizations_url": "https://api.github.com/users/sighoya/orgs",
                "received_events_url": "https://api.github.com/users/sighoya/received_events",
                "repos_url": "https://api.github.com/users/sighoya/repos",
                "site_admin": false,
                "starred_url": "https://api.github.com/users/sighoya/starred{/owner}{/repo}",
                "subscriptions_url": "https://api.github.com/users/sighoya/subscriptions",
                "type": "User",
                "url": "https://api.github.com/users/sighoya"
            }
        },
        {
            "author_association": "OWNER",
            "body": "@sighoya \r\n> What about default values in typeclasses and importing values from other records, do you want to realize that by manual copying?\r\n\r\nPersonally I want instances to be non-overlapping, as overlapping can cause problems with the meaning of programs changing when new instances are introduced, which I see as a mis-feature. This means default values are only allowed if the typeclass has no instances. This is not a very common case, and is probably not at all useful, so I don't think default values should be supported. \r\n\r\nI favour using disequalities to make make the same choices without overlapping, so:\r\n```\r\ntypeclass Negatable(A)\r\n   neg(A) -> A\r\ninstance Negatable(A) requires A == Bool\r\n   neg(x) = not(x)\r\ninstance Negatable(A) requires A != Bool, AdditiveMonoid(A)\r\n   neg(x) = -x\r\n```\r\n\r\n\r\n\r\n",
            "created_at": "2018-08-30T14:52:11Z",
            "html_url": "https://github.com/keean/zenscript/issues/43#issuecomment-417348077",
            "id": 417348077,
            "issue_url": "https://api.github.com/repos/keean/zenscript/issues/43",
            "node_id": "MDEyOklzc3VlQ29tbWVudDQxNzM0ODA3Nw==",
            "updated_at": "2018-08-30T14:52:11Z",
            "url": "https://api.github.com/repos/keean/zenscript/issues/comments/417348077",
            "user": {
                "avatar_url": "https://avatars2.githubusercontent.com/u/508384?v=4",
                "events_url": "https://api.github.com/users/keean/events{/privacy}",
                "followers_url": "https://api.github.com/users/keean/followers",
                "following_url": "https://api.github.com/users/keean/following{/other_user}",
                "gists_url": "https://api.github.com/users/keean/gists{/gist_id}",
                "gravatar_id": "",
                "html_url": "https://github.com/keean",
                "id": 508384,
                "login": "keean",
                "node_id": "MDQ6VXNlcjUwODM4NA==",
                "organizations_url": "https://api.github.com/users/keean/orgs",
                "received_events_url": "https://api.github.com/users/keean/received_events",
                "repos_url": "https://api.github.com/users/keean/repos",
                "site_admin": false,
                "starred_url": "https://api.github.com/users/keean/starred{/owner}{/repo}",
                "subscriptions_url": "https://api.github.com/users/keean/subscriptions",
                "type": "User",
                "url": "https://api.github.com/users/keean"
            }
        },
        {
            "author_association": "NONE",
            "body": "@keean wrote:\r\n\r\n> Personally I want instances to be non-overlapping, as overlapping can cause problems with the meaning of programs changing when new instances are introduced, which I see as a mis-feature.\r\n\r\nAn alternative is all instances would be manually listed on import. So then no strange changes based over defaults overlapping when imported modules change.\r\n\r\nAnother alternative is only instances not defined in the module their data types have to manually listed on import.\r\n\r\nAnother alternative to add to the second one above is for the compiler to create a metadata file with a list of the last imported instances that weren’t from same module as their data types. The programmer would need to manually augment this metadata or delete it so the compiler could refresh.",
            "created_at": "2018-08-30T18:55:07Z",
            "html_url": "https://github.com/keean/zenscript/issues/43#issuecomment-417429271",
            "id": 417429271,
            "issue_url": "https://api.github.com/repos/keean/zenscript/issues/43",
            "node_id": "MDEyOklzc3VlQ29tbWVudDQxNzQyOTI3MQ==",
            "updated_at": "2018-08-30T18:55:07Z",
            "url": "https://api.github.com/repos/keean/zenscript/issues/comments/417429271",
            "user": {
                "avatar_url": "https://avatars3.githubusercontent.com/u/247731?v=4",
                "events_url": "https://api.github.com/users/shelby3/events{/privacy}",
                "followers_url": "https://api.github.com/users/shelby3/followers",
                "following_url": "https://api.github.com/users/shelby3/following{/other_user}",
                "gists_url": "https://api.github.com/users/shelby3/gists{/gist_id}",
                "gravatar_id": "",
                "html_url": "https://github.com/shelby3",
                "id": 247731,
                "login": "shelby3",
                "node_id": "MDQ6VXNlcjI0NzczMQ==",
                "organizations_url": "https://api.github.com/users/shelby3/orgs",
                "received_events_url": "https://api.github.com/users/shelby3/received_events",
                "repos_url": "https://api.github.com/users/shelby3/repos",
                "site_admin": false,
                "starred_url": "https://api.github.com/users/shelby3/starred{/owner}{/repo}",
                "subscriptions_url": "https://api.github.com/users/shelby3/subscriptions",
                "type": "User",
                "url": "https://api.github.com/users/shelby3"
            }
        },
        {
            "author_association": "NONE",
            "body": "[OOP is really Actors not Class Inheritance](https://github.com/keean/zenscript/issues/35#issuecomment-419695258)\r\n",
            "created_at": "2018-09-09T07:09:33Z",
            "html_url": "https://github.com/keean/zenscript/issues/43#issuecomment-419695719",
            "id": 419695719,
            "issue_url": "https://api.github.com/repos/keean/zenscript/issues/43",
            "node_id": "MDEyOklzc3VlQ29tbWVudDQxOTY5NTcxOQ==",
            "updated_at": "2018-09-09T07:09:33Z",
            "url": "https://api.github.com/repos/keean/zenscript/issues/comments/419695719",
            "user": {
                "avatar_url": "https://avatars3.githubusercontent.com/u/247731?v=4",
                "events_url": "https://api.github.com/users/shelby3/events{/privacy}",
                "followers_url": "https://api.github.com/users/shelby3/followers",
                "following_url": "https://api.github.com/users/shelby3/following{/other_user}",
                "gists_url": "https://api.github.com/users/shelby3/gists{/gist_id}",
                "gravatar_id": "",
                "html_url": "https://github.com/shelby3",
                "id": 247731,
                "login": "shelby3",
                "node_id": "MDQ6VXNlcjI0NzczMQ==",
                "organizations_url": "https://api.github.com/users/shelby3/orgs",
                "received_events_url": "https://api.github.com/users/shelby3/received_events",
                "repos_url": "https://api.github.com/users/shelby3/repos",
                "site_admin": false,
                "starred_url": "https://api.github.com/users/shelby3/starred{/owner}{/repo}",
                "subscriptions_url": "https://api.github.com/users/shelby3/subscriptions",
                "type": "User",
                "url": "https://api.github.com/users/shelby3"
            }
        },
        {
            "author_association": "NONE",
            "body": ">OOP is really Actors not Class Inheritance\r\n\r\nYes, the original idea of Kay was to model entities as \"objects\" communicating over channels \"messages\".\r\n\r\nBTW, [this](https://medium.com/@cscalfani/goodbye-object-oriented-programming-a59cda4c0e53) might interests you, too.",
            "created_at": "2018-09-09T13:14:01Z",
            "html_url": "https://github.com/keean/zenscript/issues/43#issuecomment-419715222",
            "id": 419715222,
            "issue_url": "https://api.github.com/repos/keean/zenscript/issues/43",
            "node_id": "MDEyOklzc3VlQ29tbWVudDQxOTcxNTIyMg==",
            "updated_at": "2018-09-09T13:14:01Z",
            "url": "https://api.github.com/repos/keean/zenscript/issues/comments/419715222",
            "user": {
                "avatar_url": "https://avatars0.githubusercontent.com/u/9272972?v=4",
                "events_url": "https://api.github.com/users/sighoya/events{/privacy}",
                "followers_url": "https://api.github.com/users/sighoya/followers",
                "following_url": "https://api.github.com/users/sighoya/following{/other_user}",
                "gists_url": "https://api.github.com/users/sighoya/gists{/gist_id}",
                "gravatar_id": "",
                "html_url": "https://github.com/sighoya",
                "id": 9272972,
                "login": "sighoya",
                "node_id": "MDQ6VXNlcjkyNzI5NzI=",
                "organizations_url": "https://api.github.com/users/sighoya/orgs",
                "received_events_url": "https://api.github.com/users/sighoya/received_events",
                "repos_url": "https://api.github.com/users/sighoya/repos",
                "site_admin": false,
                "starred_url": "https://api.github.com/users/sighoya/starred{/owner}{/repo}",
                "subscriptions_url": "https://api.github.com/users/sighoya/subscriptions",
                "type": "User",
                "url": "https://api.github.com/users/sighoya"
            }
        },
        {
            "author_association": "NONE",
            "body": "Note, if I import a struct in Rust which has implementations, I also get the implementations into the current scope. I can implement new methods in the current module for the same struct which can then be exported to the module importing the said struct from the current module. \r\nThis provides in effect inheritance of behavior, similar to extension methods, but the implementation of them may differ. \r\n\r\nOtherwise, inheritance of signatures in OOP is not that good, as it leads to collision just like importing module members at once \"open\".  \r\n\r\nIn the end, I would not say that inheritance in OOP is the biggest problem, there are more annoying ones:\r\n\r\n  * static methods inside classes/structs is a nogo, static methods should be extension methods (\"open methods\"). Then there is no difference between struct and class\r\n  * \"privateness\" is a miss-pattern.\r\n  *  subtyping hierarchies shouldn't be fixed, rather they should be posthoc, locally mutable. ",
            "created_at": "2018-09-09T13:34:16Z",
            "html_url": "https://github.com/keean/zenscript/issues/43#issuecomment-419716390",
            "id": 419716390,
            "issue_url": "https://api.github.com/repos/keean/zenscript/issues/43",
            "node_id": "MDEyOklzc3VlQ29tbWVudDQxOTcxNjM5MA==",
            "updated_at": "2018-09-09T13:35:04Z",
            "url": "https://api.github.com/repos/keean/zenscript/issues/comments/419716390",
            "user": {
                "avatar_url": "https://avatars0.githubusercontent.com/u/9272972?v=4",
                "events_url": "https://api.github.com/users/sighoya/events{/privacy}",
                "followers_url": "https://api.github.com/users/sighoya/followers",
                "following_url": "https://api.github.com/users/sighoya/following{/other_user}",
                "gists_url": "https://api.github.com/users/sighoya/gists{/gist_id}",
                "gravatar_id": "",
                "html_url": "https://github.com/sighoya",
                "id": 9272972,
                "login": "sighoya",
                "node_id": "MDQ6VXNlcjkyNzI5NzI=",
                "organizations_url": "https://api.github.com/users/sighoya/orgs",
                "received_events_url": "https://api.github.com/users/sighoya/received_events",
                "repos_url": "https://api.github.com/users/sighoya/repos",
                "site_admin": false,
                "starred_url": "https://api.github.com/users/sighoya/starred{/owner}{/repo}",
                "subscriptions_url": "https://api.github.com/users/sighoya/subscriptions",
                "type": "User",
                "url": "https://api.github.com/users/sighoya"
            }
        },
        {
            "author_association": "NONE",
            "body": "> BTW, [this](https://medium.com/@cscalfani/goodbye-object-oriented-programming-a59cda4c0e53) might interests you, too.\r\n\r\nTy. I actually linked that before in these 1000s of Github posts, but lost it.",
            "created_at": "2018-09-09T13:55:40Z",
            "html_url": "https://github.com/keean/zenscript/issues/43#issuecomment-419717633",
            "id": 419717633,
            "issue_url": "https://api.github.com/repos/keean/zenscript/issues/43",
            "node_id": "MDEyOklzc3VlQ29tbWVudDQxOTcxNzYzMw==",
            "updated_at": "2018-09-09T13:55:40Z",
            "url": "https://api.github.com/repos/keean/zenscript/issues/comments/419717633",
            "user": {
                "avatar_url": "https://avatars3.githubusercontent.com/u/247731?v=4",
                "events_url": "https://api.github.com/users/shelby3/events{/privacy}",
                "followers_url": "https://api.github.com/users/shelby3/followers",
                "following_url": "https://api.github.com/users/shelby3/following{/other_user}",
                "gists_url": "https://api.github.com/users/shelby3/gists{/gist_id}",
                "gravatar_id": "",
                "html_url": "https://github.com/shelby3",
                "id": 247731,
                "login": "shelby3",
                "node_id": "MDQ6VXNlcjI0NzczMQ==",
                "organizations_url": "https://api.github.com/users/shelby3/orgs",
                "received_events_url": "https://api.github.com/users/shelby3/received_events",
                "repos_url": "https://api.github.com/users/shelby3/repos",
                "site_admin": false,
                "starred_url": "https://api.github.com/users/shelby3/starred{/owner}{/repo}",
                "subscriptions_url": "https://api.github.com/users/shelby3/subscriptions",
                "type": "User",
                "url": "https://api.github.com/users/shelby3"
            }
        },
        {
            "author_association": "NONE",
            "body": "I believe I [refuted](https://github.com/keean/zenscript/issues/30#issuecomment-421019593) every point in favor of Scala’s OOP in _In Defense of OOFP_.",
            "created_at": "2018-09-13T14:09:38Z",
            "html_url": "https://github.com/keean/zenscript/issues/43#issuecomment-421020733",
            "id": 421020733,
            "issue_url": "https://api.github.com/repos/keean/zenscript/issues/43",
            "node_id": "MDEyOklzc3VlQ29tbWVudDQyMTAyMDczMw==",
            "updated_at": "2018-09-13T14:09:38Z",
            "url": "https://api.github.com/repos/keean/zenscript/issues/comments/421020733",
            "user": {
                "avatar_url": "https://avatars3.githubusercontent.com/u/247731?v=4",
                "events_url": "https://api.github.com/users/shelby3/events{/privacy}",
                "followers_url": "https://api.github.com/users/shelby3/followers",
                "following_url": "https://api.github.com/users/shelby3/following{/other_user}",
                "gists_url": "https://api.github.com/users/shelby3/gists{/gist_id}",
                "gravatar_id": "",
                "html_url": "https://github.com/shelby3",
                "id": 247731,
                "login": "shelby3",
                "node_id": "MDQ6VXNlcjI0NzczMQ==",
                "organizations_url": "https://api.github.com/users/shelby3/orgs",
                "received_events_url": "https://api.github.com/users/shelby3/received_events",
                "repos_url": "https://api.github.com/users/shelby3/repos",
                "site_admin": false,
                "starred_url": "https://api.github.com/users/shelby3/starred{/owner}{/repo}",
                "subscriptions_url": "https://api.github.com/users/shelby3/subscriptions",
                "type": "User",
                "url": "https://api.github.com/users/shelby3"
            }
        }
    ],
    "comments": 12,
    "comments_url": "https://api.github.com/repos/keean/zenscript/issues/43/comments",
    "created_at": "2018-05-28T15:01:31Z",
    "event_data": [
        {
            "actor": {
                "avatar_url": "https://avatars2.githubusercontent.com/u/29275427?v=4",
                "events_url": "https://api.github.com/users/NodixBlockchain/events{/privacy}",
                "followers_url": "https://api.github.com/users/NodixBlockchain/followers",
                "following_url": "https://api.github.com/users/NodixBlockchain/following{/other_user}",
                "gists_url": "https://api.github.com/users/NodixBlockchain/gists{/gist_id}",
                "gravatar_id": "",
                "html_url": "https://github.com/NodixBlockchain",
                "id": 29275427,
                "login": "NodixBlockchain",
                "node_id": "MDQ6VXNlcjI5Mjc1NDI3",
                "organizations_url": "https://api.github.com/users/NodixBlockchain/orgs",
                "received_events_url": "https://api.github.com/users/NodixBlockchain/received_events",
                "repos_url": "https://api.github.com/users/NodixBlockchain/repos",
                "site_admin": false,
                "starred_url": "https://api.github.com/users/NodixBlockchain/starred{/owner}{/repo}",
                "subscriptions_url": "https://api.github.com/users/NodixBlockchain/subscriptions",
                "type": "User",
                "url": "https://api.github.com/users/NodixBlockchain"
            },
            "commit_id": null,
            "commit_url": null,
            "created_at": "2018-05-28T15:01:31Z",
            "event": "mentioned",
            "id": 1649557795,
            "node_id": "MDE0Ok1lbnRpb25lZEV2ZW50MTY0OTU1Nzc5NQ==",
            "url": "https://api.github.com/repos/keean/zenscript/issues/events/1649557795"
        },
        {
            "actor": {
                "avatar_url": "https://avatars2.githubusercontent.com/u/29275427?v=4",
                "events_url": "https://api.github.com/users/NodixBlockchain/events{/privacy}",
                "followers_url": "https://api.github.com/users/NodixBlockchain/followers",
                "following_url": "https://api.github.com/users/NodixBlockchain/following{/other_user}",
                "gists_url": "https://api.github.com/users/NodixBlockchain/gists{/gist_id}",
                "gravatar_id": "",
                "html_url": "https://github.com/NodixBlockchain",
                "id": 29275427,
                "login": "NodixBlockchain",
                "node_id": "MDQ6VXNlcjI5Mjc1NDI3",
                "organizations_url": "https://api.github.com/users/NodixBlockchain/orgs",
                "received_events_url": "https://api.github.com/users/NodixBlockchain/received_events",
                "repos_url": "https://api.github.com/users/NodixBlockchain/repos",
                "site_admin": false,
                "starred_url": "https://api.github.com/users/NodixBlockchain/starred{/owner}{/repo}",
                "subscriptions_url": "https://api.github.com/users/NodixBlockchain/subscriptions",
                "type": "User",
                "url": "https://api.github.com/users/NodixBlockchain"
            },
            "commit_id": null,
            "commit_url": null,
            "created_at": "2018-05-28T15:01:31Z",
            "event": "subscribed",
            "id": 1649557796,
            "node_id": "MDE1OlN1YnNjcmliZWRFdmVudDE2NDk1NTc3OTY=",
            "url": "https://api.github.com/repos/keean/zenscript/issues/events/1649557796"
        },
        {
            "actor": {
                "avatar_url": "https://avatars2.githubusercontent.com/u/29275427?v=4",
                "events_url": "https://api.github.com/users/NodixBlockchain/events{/privacy}",
                "followers_url": "https://api.github.com/users/NodixBlockchain/followers",
                "following_url": "https://api.github.com/users/NodixBlockchain/following{/other_user}",
                "gists_url": "https://api.github.com/users/NodixBlockchain/gists{/gist_id}",
                "gravatar_id": "",
                "html_url": "https://github.com/NodixBlockchain",
                "id": 29275427,
                "login": "NodixBlockchain",
                "node_id": "MDQ6VXNlcjI5Mjc1NDI3",
                "organizations_url": "https://api.github.com/users/NodixBlockchain/orgs",
                "received_events_url": "https://api.github.com/users/NodixBlockchain/received_events",
                "repos_url": "https://api.github.com/users/NodixBlockchain/repos",
                "site_admin": false,
                "starred_url": "https://api.github.com/users/NodixBlockchain/starred{/owner}{/repo}",
                "subscriptions_url": "https://api.github.com/users/NodixBlockchain/subscriptions",
                "type": "User",
                "url": "https://api.github.com/users/NodixBlockchain"
            },
            "commit_id": null,
            "commit_url": null,
            "created_at": "2018-05-29T14:16:39Z",
            "event": "mentioned",
            "id": 1651213415,
            "node_id": "MDE0Ok1lbnRpb25lZEV2ZW50MTY1MTIxMzQxNQ==",
            "url": "https://api.github.com/repos/keean/zenscript/issues/events/1651213415"
        },
        {
            "actor": {
                "avatar_url": "https://avatars2.githubusercontent.com/u/29275427?v=4",
                "events_url": "https://api.github.com/users/NodixBlockchain/events{/privacy}",
                "followers_url": "https://api.github.com/users/NodixBlockchain/followers",
                "following_url": "https://api.github.com/users/NodixBlockchain/following{/other_user}",
                "gists_url": "https://api.github.com/users/NodixBlockchain/gists{/gist_id}",
                "gravatar_id": "",
                "html_url": "https://github.com/NodixBlockchain",
                "id": 29275427,
                "login": "NodixBlockchain",
                "node_id": "MDQ6VXNlcjI5Mjc1NDI3",
                "organizations_url": "https://api.github.com/users/NodixBlockchain/orgs",
                "received_events_url": "https://api.github.com/users/NodixBlockchain/received_events",
                "repos_url": "https://api.github.com/users/NodixBlockchain/repos",
                "site_admin": false,
                "starred_url": "https://api.github.com/users/NodixBlockchain/starred{/owner}{/repo}",
                "subscriptions_url": "https://api.github.com/users/NodixBlockchain/subscriptions",
                "type": "User",
                "url": "https://api.github.com/users/NodixBlockchain"
            },
            "commit_id": null,
            "commit_url": null,
            "created_at": "2018-05-29T14:16:39Z",
            "event": "subscribed",
            "id": 1651213417,
            "node_id": "MDE1OlN1YnNjcmliZWRFdmVudDE2NTEyMTM0MTc=",
            "url": "https://api.github.com/repos/keean/zenscript/issues/events/1651213417"
        },
        {
            "actor": {
                "avatar_url": "https://avatars2.githubusercontent.com/u/508384?v=4",
                "events_url": "https://api.github.com/users/keean/events{/privacy}",
                "followers_url": "https://api.github.com/users/keean/followers",
                "following_url": "https://api.github.com/users/keean/following{/other_user}",
                "gists_url": "https://api.github.com/users/keean/gists{/gist_id}",
                "gravatar_id": "",
                "html_url": "https://github.com/keean",
                "id": 508384,
                "login": "keean",
                "node_id": "MDQ6VXNlcjUwODM4NA==",
                "organizations_url": "https://api.github.com/users/keean/orgs",
                "received_events_url": "https://api.github.com/users/keean/received_events",
                "repos_url": "https://api.github.com/users/keean/repos",
                "site_admin": false,
                "starred_url": "https://api.github.com/users/keean/starred{/owner}{/repo}",
                "subscriptions_url": "https://api.github.com/users/keean/subscriptions",
                "type": "User",
                "url": "https://api.github.com/users/keean"
            },
            "commit_id": null,
            "commit_url": null,
            "created_at": "2018-05-29T14:16:39Z",
            "event": "mentioned",
            "id": 1651213419,
            "node_id": "MDE0Ok1lbnRpb25lZEV2ZW50MTY1MTIxMzQxOQ==",
            "url": "https://api.github.com/repos/keean/zenscript/issues/events/1651213419"
        },
        {
            "actor": {
                "avatar_url": "https://avatars2.githubusercontent.com/u/508384?v=4",
                "events_url": "https://api.github.com/users/keean/events{/privacy}",
                "followers_url": "https://api.github.com/users/keean/followers",
                "following_url": "https://api.github.com/users/keean/following{/other_user}",
                "gists_url": "https://api.github.com/users/keean/gists{/gist_id}",
                "gravatar_id": "",
                "html_url": "https://github.com/keean",
                "id": 508384,
                "login": "keean",
                "node_id": "MDQ6VXNlcjUwODM4NA==",
                "organizations_url": "https://api.github.com/users/keean/orgs",
                "received_events_url": "https://api.github.com/users/keean/received_events",
                "repos_url": "https://api.github.com/users/keean/repos",
                "site_admin": false,
                "starred_url": "https://api.github.com/users/keean/starred{/owner}{/repo}",
                "subscriptions_url": "https://api.github.com/users/keean/subscriptions",
                "type": "User",
                "url": "https://api.github.com/users/keean"
            },
            "commit_id": null,
            "commit_url": null,
            "created_at": "2018-05-29T14:16:39Z",
            "event": "subscribed",
            "id": 1651213421,
            "node_id": "MDE1OlN1YnNjcmliZWRFdmVudDE2NTEyMTM0MjE=",
            "url": "https://api.github.com/repos/keean/zenscript/issues/events/1651213421"
        },
        {
            "actor": {
                "avatar_url": "https://avatars3.githubusercontent.com/u/247731?v=4",
                "events_url": "https://api.github.com/users/shelby3/events{/privacy}",
                "followers_url": "https://api.github.com/users/shelby3/followers",
                "following_url": "https://api.github.com/users/shelby3/following{/other_user}",
                "gists_url": "https://api.github.com/users/shelby3/gists{/gist_id}",
                "gravatar_id": "",
                "html_url": "https://github.com/shelby3",
                "id": 247731,
                "login": "shelby3",
                "node_id": "MDQ6VXNlcjI0NzczMQ==",
                "organizations_url": "https://api.github.com/users/shelby3/orgs",
                "received_events_url": "https://api.github.com/users/shelby3/received_events",
                "repos_url": "https://api.github.com/users/shelby3/repos",
                "site_admin": false,
                "starred_url": "https://api.github.com/users/shelby3/starred{/owner}{/repo}",
                "subscriptions_url": "https://api.github.com/users/shelby3/subscriptions",
                "type": "User",
                "url": "https://api.github.com/users/shelby3"
            },
            "commit_id": null,
            "commit_url": null,
            "created_at": "2018-08-30T08:16:18Z",
            "event": "mentioned",
            "id": 1817543636,
            "node_id": "MDE0Ok1lbnRpb25lZEV2ZW50MTgxNzU0MzYzNg==",
            "url": "https://api.github.com/repos/keean/zenscript/issues/events/1817543636"
        },
        {
            "actor": {
                "avatar_url": "https://avatars3.githubusercontent.com/u/247731?v=4",
                "events_url": "https://api.github.com/users/shelby3/events{/privacy}",
                "followers_url": "https://api.github.com/users/shelby3/followers",
                "following_url": "https://api.github.com/users/shelby3/following{/other_user}",
                "gists_url": "https://api.github.com/users/shelby3/gists{/gist_id}",
                "gravatar_id": "",
                "html_url": "https://github.com/shelby3",
                "id": 247731,
                "login": "shelby3",
                "node_id": "MDQ6VXNlcjI0NzczMQ==",
                "organizations_url": "https://api.github.com/users/shelby3/orgs",
                "received_events_url": "https://api.github.com/users/shelby3/received_events",
                "repos_url": "https://api.github.com/users/shelby3/repos",
                "site_admin": false,
                "starred_url": "https://api.github.com/users/shelby3/starred{/owner}{/repo}",
                "subscriptions_url": "https://api.github.com/users/shelby3/subscriptions",
                "type": "User",
                "url": "https://api.github.com/users/shelby3"
            },
            "commit_id": null,
            "commit_url": null,
            "created_at": "2018-08-30T08:16:18Z",
            "event": "subscribed",
            "id": 1817543637,
            "node_id": "MDE1OlN1YnNjcmliZWRFdmVudDE4MTc1NDM2Mzc=",
            "url": "https://api.github.com/repos/keean/zenscript/issues/events/1817543637"
        },
        {
            "actor": {
                "avatar_url": "https://avatars0.githubusercontent.com/u/9272972?v=4",
                "events_url": "https://api.github.com/users/sighoya/events{/privacy}",
                "followers_url": "https://api.github.com/users/sighoya/followers",
                "following_url": "https://api.github.com/users/sighoya/following{/other_user}",
                "gists_url": "https://api.github.com/users/sighoya/gists{/gist_id}",
                "gravatar_id": "",
                "html_url": "https://github.com/sighoya",
                "id": 9272972,
                "login": "sighoya",
                "node_id": "MDQ6VXNlcjkyNzI5NzI=",
                "organizations_url": "https://api.github.com/users/sighoya/orgs",
                "received_events_url": "https://api.github.com/users/sighoya/received_events",
                "repos_url": "https://api.github.com/users/sighoya/repos",
                "site_admin": false,
                "starred_url": "https://api.github.com/users/sighoya/starred{/owner}{/repo}",
                "subscriptions_url": "https://api.github.com/users/sighoya/subscriptions",
                "type": "User",
                "url": "https://api.github.com/users/sighoya"
            },
            "commit_id": null,
            "commit_url": null,
            "created_at": "2018-08-30T10:36:36Z",
            "event": "mentioned",
            "id": 1817853716,
            "node_id": "MDE0Ok1lbnRpb25lZEV2ZW50MTgxNzg1MzcxNg==",
            "url": "https://api.github.com/repos/keean/zenscript/issues/events/1817853716"
        },
        {
            "actor": {
                "avatar_url": "https://avatars0.githubusercontent.com/u/9272972?v=4",
                "events_url": "https://api.github.com/users/sighoya/events{/privacy}",
                "followers_url": "https://api.github.com/users/sighoya/followers",
                "following_url": "https://api.github.com/users/sighoya/following{/other_user}",
                "gists_url": "https://api.github.com/users/sighoya/gists{/gist_id}",
                "gravatar_id": "",
                "html_url": "https://github.com/sighoya",
                "id": 9272972,
                "login": "sighoya",
                "node_id": "MDQ6VXNlcjkyNzI5NzI=",
                "organizations_url": "https://api.github.com/users/sighoya/orgs",
                "received_events_url": "https://api.github.com/users/sighoya/received_events",
                "repos_url": "https://api.github.com/users/sighoya/repos",
                "site_admin": false,
                "starred_url": "https://api.github.com/users/sighoya/starred{/owner}{/repo}",
                "subscriptions_url": "https://api.github.com/users/sighoya/subscriptions",
                "type": "User",
                "url": "https://api.github.com/users/sighoya"
            },
            "commit_id": null,
            "commit_url": null,
            "created_at": "2018-08-30T10:36:36Z",
            "event": "subscribed",
            "id": 1817853717,
            "node_id": "MDE1OlN1YnNjcmliZWRFdmVudDE4MTc4NTM3MTc=",
            "url": "https://api.github.com/repos/keean/zenscript/issues/events/1817853717"
        },
        {
            "actor": {
                "avatar_url": "https://avatars0.githubusercontent.com/u/9272972?v=4",
                "events_url": "https://api.github.com/users/sighoya/events{/privacy}",
                "followers_url": "https://api.github.com/users/sighoya/followers",
                "following_url": "https://api.github.com/users/sighoya/following{/other_user}",
                "gists_url": "https://api.github.com/users/sighoya/gists{/gist_id}",
                "gravatar_id": "",
                "html_url": "https://github.com/sighoya",
                "id": 9272972,
                "login": "sighoya",
                "node_id": "MDQ6VXNlcjkyNzI5NzI=",
                "organizations_url": "https://api.github.com/users/sighoya/orgs",
                "received_events_url": "https://api.github.com/users/sighoya/received_events",
                "repos_url": "https://api.github.com/users/sighoya/repos",
                "site_admin": false,
                "starred_url": "https://api.github.com/users/sighoya/starred{/owner}{/repo}",
                "subscriptions_url": "https://api.github.com/users/sighoya/subscriptions",
                "type": "User",
                "url": "https://api.github.com/users/sighoya"
            },
            "commit_id": null,
            "commit_url": null,
            "created_at": "2018-08-30T14:52:11Z",
            "event": "mentioned",
            "id": 1818428861,
            "node_id": "MDE0Ok1lbnRpb25lZEV2ZW50MTgxODQyODg2MQ==",
            "url": "https://api.github.com/repos/keean/zenscript/issues/events/1818428861"
        },
        {
            "actor": {
                "avatar_url": "https://avatars0.githubusercontent.com/u/9272972?v=4",
                "events_url": "https://api.github.com/users/sighoya/events{/privacy}",
                "followers_url": "https://api.github.com/users/sighoya/followers",
                "following_url": "https://api.github.com/users/sighoya/following{/other_user}",
                "gists_url": "https://api.github.com/users/sighoya/gists{/gist_id}",
                "gravatar_id": "",
                "html_url": "https://github.com/sighoya",
                "id": 9272972,
                "login": "sighoya",
                "node_id": "MDQ6VXNlcjkyNzI5NzI=",
                "organizations_url": "https://api.github.com/users/sighoya/orgs",
                "received_events_url": "https://api.github.com/users/sighoya/received_events",
                "repos_url": "https://api.github.com/users/sighoya/repos",
                "site_admin": false,
                "starred_url": "https://api.github.com/users/sighoya/starred{/owner}{/repo}",
                "subscriptions_url": "https://api.github.com/users/sighoya/subscriptions",
                "type": "User",
                "url": "https://api.github.com/users/sighoya"
            },
            "commit_id": null,
            "commit_url": null,
            "created_at": "2018-08-30T14:52:11Z",
            "event": "subscribed",
            "id": 1818428862,
            "node_id": "MDE1OlN1YnNjcmliZWRFdmVudDE4MTg0Mjg4NjI=",
            "url": "https://api.github.com/repos/keean/zenscript/issues/events/1818428862"
        },
        {
            "actor": {
                "avatar_url": "https://avatars2.githubusercontent.com/u/508384?v=4",
                "events_url": "https://api.github.com/users/keean/events{/privacy}",
                "followers_url": "https://api.github.com/users/keean/followers",
                "following_url": "https://api.github.com/users/keean/following{/other_user}",
                "gists_url": "https://api.github.com/users/keean/gists{/gist_id}",
                "gravatar_id": "",
                "html_url": "https://github.com/keean",
                "id": 508384,
                "login": "keean",
                "node_id": "MDQ6VXNlcjUwODM4NA==",
                "organizations_url": "https://api.github.com/users/keean/orgs",
                "received_events_url": "https://api.github.com/users/keean/received_events",
                "repos_url": "https://api.github.com/users/keean/repos",
                "site_admin": false,
                "starred_url": "https://api.github.com/users/keean/starred{/owner}{/repo}",
                "subscriptions_url": "https://api.github.com/users/keean/subscriptions",
                "type": "User",
                "url": "https://api.github.com/users/keean"
            },
            "commit_id": null,
            "commit_url": null,
            "created_at": "2018-08-30T18:55:06Z",
            "event": "mentioned",
            "id": 1818982039,
            "node_id": "MDE0Ok1lbnRpb25lZEV2ZW50MTgxODk4MjAzOQ==",
            "url": "https://api.github.com/repos/keean/zenscript/issues/events/1818982039"
        },
        {
            "actor": {
                "avatar_url": "https://avatars2.githubusercontent.com/u/508384?v=4",
                "events_url": "https://api.github.com/users/keean/events{/privacy}",
                "followers_url": "https://api.github.com/users/keean/followers",
                "following_url": "https://api.github.com/users/keean/following{/other_user}",
                "gists_url": "https://api.github.com/users/keean/gists{/gist_id}",
                "gravatar_id": "",
                "html_url": "https://github.com/keean",
                "id": 508384,
                "login": "keean",
                "node_id": "MDQ6VXNlcjUwODM4NA==",
                "organizations_url": "https://api.github.com/users/keean/orgs",
                "received_events_url": "https://api.github.com/users/keean/received_events",
                "repos_url": "https://api.github.com/users/keean/repos",
                "site_admin": false,
                "starred_url": "https://api.github.com/users/keean/starred{/owner}{/repo}",
                "subscriptions_url": "https://api.github.com/users/keean/subscriptions",
                "type": "User",
                "url": "https://api.github.com/users/keean"
            },
            "commit_id": null,
            "commit_url": null,
            "created_at": "2018-08-30T18:55:06Z",
            "event": "subscribed",
            "id": 1818982042,
            "node_id": "MDE1OlN1YnNjcmliZWRFdmVudDE4MTg5ODIwNDI=",
            "url": "https://api.github.com/repos/keean/zenscript/issues/events/1818982042"
        }
    ],
    "events_url": "https://api.github.com/repos/keean/zenscript/issues/43/events",
    "html_url": "https://github.com/keean/zenscript/issues/43",
    "id": 327054297,
    "labels": [],
    "labels_url": "https://api.github.com/repos/keean/zenscript/issues/43/labels{/name}",
    "locked": false,
    "milestone": null,
    "node_id": "MDU6SXNzdWUzMjcwNTQyOTc=",
    "number": 43,
    "repository_url": "https://api.github.com/repos/keean/zenscript",
    "state": "open",
    "title": "Functional Programming vs. OOP",
    "updated_at": "2018-09-13T14:09:38Z",
    "url": "https://api.github.com/repos/keean/zenscript/issues/43",
    "user": {
        "avatar_url": "https://avatars3.githubusercontent.com/u/247731?v=4",
        "events_url": "https://api.github.com/users/shelby3/events{/privacy}",
        "followers_url": "https://api.github.com/users/shelby3/followers",
        "following_url": "https://api.github.com/users/shelby3/following{/other_user}",
        "gists_url": "https://api.github.com/users/shelby3/gists{/gist_id}",
        "gravatar_id": "",
        "html_url": "https://github.com/shelby3",
        "id": 247731,
        "login": "shelby3",
        "node_id": "MDQ6VXNlcjI0NzczMQ==",
        "organizations_url": "https://api.github.com/users/shelby3/orgs",
        "received_events_url": "https://api.github.com/users/shelby3/received_events",
        "repos_url": "https://api.github.com/users/shelby3/repos",
        "site_admin": false,
        "starred_url": "https://api.github.com/users/shelby3/starred{/owner}{/repo}",
        "subscriptions_url": "https://api.github.com/users/shelby3/subscriptions",
        "type": "User",
        "url": "https://api.github.com/users/shelby3"
    }
}