{
    "assignee": null,
    "assignees": [],
    "author_association": "OWNER",
    "body": "If IDE tooling, and autocomplete is so important, should functional languages use postfix notation?\r\n```\r\n((3, 4)add)print\r\n```\r\nIn a way the `.` is used for this in most OO languages, but with multiple-dispatch, which arguments go before and which after the function name? Perhaps this syntax is more readable?\r\n```\r\n(3, 4).add.print\r\n```\r\n",
    "closed_at": null,
    "comment_data": [
        {
            "author_association": "NONE",
            "body": "Dot notation [as syntax sugar](https://github.com/keean/zenscript/issues/35#issuecomment-417127025) only.\r\n\r\nFirst argument is always the the one applied by dot notation.",
            "created_at": "2018-08-29T23:21:19Z",
            "html_url": "https://github.com/keean/zenscript/issues/44#issuecomment-417138826",
            "id": 417138826,
            "issue_url": "https://api.github.com/repos/keean/zenscript/issues/44",
            "node_id": "MDEyOklzc3VlQ29tbWVudDQxNzEzODgyNg==",
            "updated_at": "2018-08-29T23:21:19Z",
            "url": "https://api.github.com/repos/keean/zenscript/issues/comments/417138826",
            "user": {
                "avatar_url": "https://avatars3.githubusercontent.com/u/247731?v=4",
                "events_url": "https://api.github.com/users/shelby3/events{/privacy}",
                "followers_url": "https://api.github.com/users/shelby3/followers",
                "following_url": "https://api.github.com/users/shelby3/following{/other_user}",
                "gists_url": "https://api.github.com/users/shelby3/gists{/gist_id}",
                "gravatar_id": "",
                "html_url": "https://github.com/shelby3",
                "id": 247731,
                "login": "shelby3",
                "node_id": "MDQ6VXNlcjI0NzczMQ==",
                "organizations_url": "https://api.github.com/users/shelby3/orgs",
                "received_events_url": "https://api.github.com/users/shelby3/received_events",
                "repos_url": "https://api.github.com/users/shelby3/repos",
                "site_admin": false,
                "starred_url": "https://api.github.com/users/shelby3/starred{/owner}{/repo}",
                "subscriptions_url": "https://api.github.com/users/shelby3/subscriptions",
                "type": "User",
                "url": "https://api.github.com/users/shelby3"
            }
        }
    ],
    "comments": 1,
    "comments_url": "https://api.github.com/repos/keean/zenscript/issues/44/comments",
    "created_at": "2018-08-29T18:21:29Z",
    "event_data": [],
    "events_url": "https://api.github.com/repos/keean/zenscript/issues/44/events",
    "html_url": "https://github.com/keean/zenscript/issues/44",
    "id": 355278091,
    "labels": [],
    "labels_url": "https://api.github.com/repos/keean/zenscript/issues/44/labels{/name}",
    "locked": false,
    "milestone": null,
    "node_id": "MDU6SXNzdWUzNTUyNzgwOTE=",
    "number": 44,
    "repository_url": "https://api.github.com/repos/keean/zenscript",
    "state": "open",
    "title": "Postfix Notation",
    "updated_at": "2018-08-29T23:21:19Z",
    "url": "https://api.github.com/repos/keean/zenscript/issues/44",
    "user": {
        "avatar_url": "https://avatars2.githubusercontent.com/u/508384?v=4",
        "events_url": "https://api.github.com/users/keean/events{/privacy}",
        "followers_url": "https://api.github.com/users/keean/followers",
        "following_url": "https://api.github.com/users/keean/following{/other_user}",
        "gists_url": "https://api.github.com/users/keean/gists{/gist_id}",
        "gravatar_id": "",
        "html_url": "https://github.com/keean",
        "id": 508384,
        "login": "keean",
        "node_id": "MDQ6VXNlcjUwODM4NA==",
        "organizations_url": "https://api.github.com/users/keean/orgs",
        "received_events_url": "https://api.github.com/users/keean/received_events",
        "repos_url": "https://api.github.com/users/keean/repos",
        "site_admin": false,
        "starred_url": "https://api.github.com/users/keean/starred{/owner}{/repo}",
        "subscriptions_url": "https://api.github.com/users/keean/subscriptions",
        "type": "User",
        "url": "https://api.github.com/users/keean"
    }
}