{
    "assignee": null,
    "assignees": [],
    "author_association": "OWNER",
    "body": "Here's a problem with (anonymous) union types, given the following:\n\n```\nf x = (x \"ABC\", x 123)\n```\n\nwhat is the type? \n",
    "closed_at": null,
    "comment_data": [
        {
            "author_association": "NONE",
            "body": "[I wrote something 3 years ago](https://gist.github.com/shelby3/6639849) which may or may not be relevant (and may or may not have been correct, as I've learned a lot since I wrote that).\n",
            "created_at": "2016-09-20T10:16:14Z",
            "html_url": "https://github.com/keean/zenscript/issues/5#issuecomment-248260874",
            "id": 248260874,
            "issue_url": "https://api.github.com/repos/keean/zenscript/issues/5",
            "node_id": "MDEyOklzc3VlQ29tbWVudDI0ODI2MDg3NA==",
            "updated_at": "2016-09-20T10:18:36Z",
            "url": "https://api.github.com/repos/keean/zenscript/issues/comments/248260874",
            "user": {
                "avatar_url": "https://avatars3.githubusercontent.com/u/247731?v=4",
                "events_url": "https://api.github.com/users/shelby3/events{/privacy}",
                "followers_url": "https://api.github.com/users/shelby3/followers",
                "following_url": "https://api.github.com/users/shelby3/following{/other_user}",
                "gists_url": "https://api.github.com/users/shelby3/gists{/gist_id}",
                "gravatar_id": "",
                "html_url": "https://github.com/shelby3",
                "id": 247731,
                "login": "shelby3",
                "node_id": "MDQ6VXNlcjI0NzczMQ==",
                "organizations_url": "https://api.github.com/users/shelby3/orgs",
                "received_events_url": "https://api.github.com/users/shelby3/received_events",
                "repos_url": "https://api.github.com/users/shelby3/repos",
                "site_admin": false,
                "starred_url": "https://api.github.com/users/shelby3/starred{/owner}{/repo}",
                "subscriptions_url": "https://api.github.com/users/shelby3/subscriptions",
                "type": "User",
                "url": "https://api.github.com/users/shelby3"
            }
        },
        {
            "author_association": "OWNER",
            "body": "@shelby3 There is more than one way to type this, which is generally seen as bad:\n\n```\nf : (forall a . a -> a) -> (String | Int)\nf : ((String | Int) -> a) -> a\nf : ((String -> String) & (Int -> Int)) -> (String | Int)\n```\n\nThe problem is we don't know which type to give to `f x = (x \"ABC\", x 123)` as they are all valid types.\n",
            "created_at": "2016-09-20T13:36:01Z",
            "html_url": "https://github.com/keean/zenscript/issues/5#issuecomment-248302998",
            "id": 248302998,
            "issue_url": "https://api.github.com/repos/keean/zenscript/issues/5",
            "node_id": "MDEyOklzc3VlQ29tbWVudDI0ODMwMjk5OA==",
            "updated_at": "2016-09-20T13:36:19Z",
            "url": "https://api.github.com/repos/keean/zenscript/issues/comments/248302998",
            "user": {
                "avatar_url": "https://avatars2.githubusercontent.com/u/508384?v=4",
                "events_url": "https://api.github.com/users/keean/events{/privacy}",
                "followers_url": "https://api.github.com/users/keean/followers",
                "following_url": "https://api.github.com/users/keean/following{/other_user}",
                "gists_url": "https://api.github.com/users/keean/gists{/gist_id}",
                "gravatar_id": "",
                "html_url": "https://github.com/keean",
                "id": 508384,
                "login": "keean",
                "node_id": "MDQ6VXNlcjUwODM4NA==",
                "organizations_url": "https://api.github.com/users/keean/orgs",
                "received_events_url": "https://api.github.com/users/keean/received_events",
                "repos_url": "https://api.github.com/users/keean/repos",
                "site_admin": false,
                "starred_url": "https://api.github.com/users/keean/starred{/owner}{/repo}",
                "subscriptions_url": "https://api.github.com/users/keean/subscriptions",
                "type": "User",
                "url": "https://api.github.com/users/keean"
            }
        },
        {
            "author_association": "OWNER",
            "body": "@shelby3 I read the quiz, but I don't think it is relevant as we are not considering widening here, but which variant above should be used. In some regards, the third type seems to be the correct one, as given:\n\n```\nf : ((String -> String) & (Int -> Int)) -> (String | Int)\n```\n\nbecause we would need a subsumption rule that allowed:\n\n```\nid : forall a . a -> a\n```\n\nTo be passed to an argument where `(String -> String) & (Int -> Int)` is expected.\n\nThe problem is we will need expansion variables in the types to do it properly.\n",
            "created_at": "2016-09-20T16:39:20Z",
            "html_url": "https://github.com/keean/zenscript/issues/5#issuecomment-248358417",
            "id": 248358417,
            "issue_url": "https://api.github.com/repos/keean/zenscript/issues/5",
            "node_id": "MDEyOklzc3VlQ29tbWVudDI0ODM1ODQxNw==",
            "updated_at": "2016-09-20T16:39:20Z",
            "url": "https://api.github.com/repos/keean/zenscript/issues/comments/248358417",
            "user": {
                "avatar_url": "https://avatars2.githubusercontent.com/u/508384?v=4",
                "events_url": "https://api.github.com/users/keean/events{/privacy}",
                "followers_url": "https://api.github.com/users/keean/followers",
                "following_url": "https://api.github.com/users/keean/following{/other_user}",
                "gists_url": "https://api.github.com/users/keean/gists{/gist_id}",
                "gravatar_id": "",
                "html_url": "https://github.com/keean",
                "id": 508384,
                "login": "keean",
                "node_id": "MDQ6VXNlcjUwODM4NA==",
                "organizations_url": "https://api.github.com/users/keean/orgs",
                "received_events_url": "https://api.github.com/users/keean/received_events",
                "repos_url": "https://api.github.com/users/keean/repos",
                "site_admin": false,
                "starred_url": "https://api.github.com/users/keean/starred{/owner}{/repo}",
                "subscriptions_url": "https://api.github.com/users/keean/subscriptions",
                "type": "User",
                "url": "https://api.github.com/users/keean"
            }
        },
        {
            "author_association": "NONE",
            "body": "@keean wrote:\n\n> this paper seems relevant: http://arxiv.org/pdf/1606.01106v1.pdf\n> \n> Edit: Reading the paper, it looks like they run into the usual problem of needing to have whole-program compilation.\n\nThe issue is I presume related to principal typings<sup>1</sup>.\n\nRemember we had a related discussion before in private messages in May on the Rust forum, about how to infer types that end up being recursive (like two mirrors pointing at each other).\n\nAnd my comment then was that if we require the containing function to have declared types, then we should be able to always resolve the locally inferred types within the containing function. Afaik, ML and Haskell allow the programmer to elide the types from top-level functions, thus making inference much more difficult when first-class, higher-order features are added moving away from the origin of the Lambda Cube. Seems we won't have that problem.\n1. Trevor, Jim. What are principal typings and what are they good for?\n   http://trevorjim.com/papers/principal-typings.ps.gz\n",
            "created_at": "2016-09-20T17:49:59Z",
            "html_url": "https://github.com/keean/zenscript/issues/5#issuecomment-248378261",
            "id": 248378261,
            "issue_url": "https://api.github.com/repos/keean/zenscript/issues/5",
            "node_id": "MDEyOklzc3VlQ29tbWVudDI0ODM3ODI2MQ==",
            "updated_at": "2016-09-20T17:49:59Z",
            "url": "https://api.github.com/repos/keean/zenscript/issues/comments/248378261",
            "user": {
                "avatar_url": "https://avatars3.githubusercontent.com/u/247731?v=4",
                "events_url": "https://api.github.com/users/shelby3/events{/privacy}",
                "followers_url": "https://api.github.com/users/shelby3/followers",
                "following_url": "https://api.github.com/users/shelby3/following{/other_user}",
                "gists_url": "https://api.github.com/users/shelby3/gists{/gist_id}",
                "gravatar_id": "",
                "html_url": "https://github.com/shelby3",
                "id": 247731,
                "login": "shelby3",
                "node_id": "MDQ6VXNlcjI0NzczMQ==",
                "organizations_url": "https://api.github.com/users/shelby3/orgs",
                "received_events_url": "https://api.github.com/users/shelby3/received_events",
                "repos_url": "https://api.github.com/users/shelby3/repos",
                "site_admin": false,
                "starred_url": "https://api.github.com/users/shelby3/starred{/owner}{/repo}",
                "subscriptions_url": "https://api.github.com/users/shelby3/subscriptions",
                "type": "User",
                "url": "https://api.github.com/users/shelby3"
            }
        },
        {
            "author_association": "OWNER",
            "body": "The paper you refer to only allows rank1 intersection types, and does not specifically deal with union types. To allow full intersection types will require expansion variables. I have written type inference with expansion variables before, but it was quite a while ago. Maybe we restrict ourselves to rank1 for now, infact I will probably start with rank0 that was the most recent thing I was working on. This allows intersection/union types in the context.\n\nThe way I was thinking of doing this, because only exported functions need type signatures, is that we have a type-signature for a module much like an interface, which is then implemented. Something like:\n\n```\nmodule Stack<a>:\n    push : a -> ()\n    pop : () -> a\n\npush x = ...\npop = ...\nlocal_fn = ...\n```\n\nThis makes me think we need to sort the function syntax before doing more on inference. I am going to start a new issue.\n",
            "created_at": "2016-09-20T19:30:56Z",
            "html_url": "https://github.com/keean/zenscript/issues/5#issuecomment-248407739",
            "id": 248407739,
            "issue_url": "https://api.github.com/repos/keean/zenscript/issues/5",
            "node_id": "MDEyOklzc3VlQ29tbWVudDI0ODQwNzczOQ==",
            "updated_at": "2016-09-20T19:33:00Z",
            "url": "https://api.github.com/repos/keean/zenscript/issues/comments/248407739",
            "user": {
                "avatar_url": "https://avatars2.githubusercontent.com/u/508384?v=4",
                "events_url": "https://api.github.com/users/keean/events{/privacy}",
                "followers_url": "https://api.github.com/users/keean/followers",
                "following_url": "https://api.github.com/users/keean/following{/other_user}",
                "gists_url": "https://api.github.com/users/keean/gists{/gist_id}",
                "gravatar_id": "",
                "html_url": "https://github.com/keean",
                "id": 508384,
                "login": "keean",
                "node_id": "MDQ6VXNlcjUwODM4NA==",
                "organizations_url": "https://api.github.com/users/keean/orgs",
                "received_events_url": "https://api.github.com/users/keean/received_events",
                "repos_url": "https://api.github.com/users/keean/repos",
                "site_admin": false,
                "starred_url": "https://api.github.com/users/keean/starred{/owner}{/repo}",
                "subscriptions_url": "https://api.github.com/users/keean/subscriptions",
                "type": "User",
                "url": "https://api.github.com/users/keean"
            }
        },
        {
            "author_association": "NONE",
            "body": "@keean [wrote](https://github.com/keean/zenscript/issues/2#issuecomment-248312370):\n\n> I don't think this example shows any of the potential problems, so I think its okay. However I think things get more complicated if `f` and `g` are not top-level functions:\n> \n> `h<A : Print>(x: Boolean, g: (x: A), f: (y: Boolean) -> Int | String) = g(f(x))`\n> \n> which is okay with full type annotations but we would run into trouble trying to infer this from:\n> \n> `h(x, g, f) = g(f(x))`\n\nAfaics the lack of sufficient constraints will never exist, i.e. those cases as principal typings, if all top-level lexical scope functions arguments are required to have their arguments annotated with type declarations. We [agreed](https://github.com/keean/zenscript/issues/1#issuecomment-247829021) that all \"exported\" functions would be required have their arguments annotated with type declarations, but we haven't yet discussed requiring that for all top-level lexical scope functions.\n\nFunctions declared within the lexical scope of functions wouldn't need to be annotated, because they can only access instances within their top-level enclosing lexical scope, so the necessary constraints will exist for the inference to be decidable. However, I am not knowledgeable about if there is an existing inference algorithm for us to use.\n",
            "created_at": "2016-09-20T19:33:08Z",
            "html_url": "https://github.com/keean/zenscript/issues/5#issuecomment-248408319",
            "id": 248408319,
            "issue_url": "https://api.github.com/repos/keean/zenscript/issues/5",
            "node_id": "MDEyOklzc3VlQ29tbWVudDI0ODQwODMxOQ==",
            "updated_at": "2016-09-20T19:36:54Z",
            "url": "https://api.github.com/repos/keean/zenscript/issues/comments/248408319",
            "user": {
                "avatar_url": "https://avatars3.githubusercontent.com/u/247731?v=4",
                "events_url": "https://api.github.com/users/shelby3/events{/privacy}",
                "followers_url": "https://api.github.com/users/shelby3/followers",
                "following_url": "https://api.github.com/users/shelby3/following{/other_user}",
                "gists_url": "https://api.github.com/users/shelby3/gists{/gist_id}",
                "gravatar_id": "",
                "html_url": "https://github.com/shelby3",
                "id": 247731,
                "login": "shelby3",
                "node_id": "MDQ6VXNlcjI0NzczMQ==",
                "organizations_url": "https://api.github.com/users/shelby3/orgs",
                "received_events_url": "https://api.github.com/users/shelby3/received_events",
                "repos_url": "https://api.github.com/users/shelby3/repos",
                "site_admin": false,
                "starred_url": "https://api.github.com/users/shelby3/starred{/owner}{/repo}",
                "subscriptions_url": "https://api.github.com/users/shelby3/subscriptions",
                "type": "User",
                "url": "https://api.github.com/users/shelby3"
            }
        },
        {
            "author_association": "OWNER",
            "body": "@shelby3 I have an novel inference algorithm that I like, that is capable of supporting intersection and union types with full expansion variables. The current version check into git here https://github.com/keean/Compositional-Typing-Inference It has some novel properties, it can type any code fragment (even with free-variables) independently and the types are composable, meaning two fragments can be combined without retyping the fragments themselves. It is HM like, but has principal typings. I will try and find the old version with expansion variables, and then I can port from C++ to JavaScript, which should remove all the memory management boilerplate.\n",
            "created_at": "2016-09-20T20:38:18Z",
            "html_url": "https://github.com/keean/zenscript/issues/5#issuecomment-248426668",
            "id": 248426668,
            "issue_url": "https://api.github.com/repos/keean/zenscript/issues/5",
            "node_id": "MDEyOklzc3VlQ29tbWVudDI0ODQyNjY2OA==",
            "updated_at": "2016-09-20T20:38:18Z",
            "url": "https://api.github.com/repos/keean/zenscript/issues/comments/248426668",
            "user": {
                "avatar_url": "https://avatars2.githubusercontent.com/u/508384?v=4",
                "events_url": "https://api.github.com/users/keean/events{/privacy}",
                "followers_url": "https://api.github.com/users/keean/followers",
                "following_url": "https://api.github.com/users/keean/following{/other_user}",
                "gists_url": "https://api.github.com/users/keean/gists{/gist_id}",
                "gravatar_id": "",
                "html_url": "https://github.com/keean",
                "id": 508384,
                "login": "keean",
                "node_id": "MDQ6VXNlcjUwODM4NA==",
                "organizations_url": "https://api.github.com/users/keean/orgs",
                "received_events_url": "https://api.github.com/users/keean/received_events",
                "repos_url": "https://api.github.com/users/keean/repos",
                "site_admin": false,
                "starred_url": "https://api.github.com/users/keean/starred{/owner}{/repo}",
                "subscriptions_url": "https://api.github.com/users/keean/subscriptions",
                "type": "User",
                "url": "https://api.github.com/users/keean"
            }
        },
        {
            "author_association": "NONE",
            "body": "@keean [wrote](https://github.com/keean/zenscript/issues/2#issuecomment-248339307):\n\n> So I think where I need the unions is in something like a parser:\n> \n> ```\n> y = if x:\n>         new Add(new Num(1), new Num(2))\n>     else:\n>         new Mul(new Num(1), new Num(2))\n> y.print()\n> ```\n> \n> So `y` would have the type `Add<Num, Num> | Mul<Num, Num>` and `y.print()` would have to be passed both dictionaries.\n> \n> But with a parser its all going to go horribly wrong because we will need recursive types, and at every parse decision we will double the number of terms in type.\n> \n> Consider the type signatures of the parser functions\n> \n> ```\n> parse_num(in : Stream) : Num\n> parse_add(in : Stream) : Add<Num, Num>\n> parse_mul(in : Stream) : Mul<Num, Num>\n> parse_expr(in : Stream) : Num | Add<Num, Num> | Add<Add<Num, Num>, Num> | Add<Add<Add<Num, Num>, Num>, Num> ... etc forever.\n> ```\n> \n> So we will also need recursive types, and be able to do something like:\n> \n> ```\n> type Expr = Num | Add<Expr, Expr> | Mul<Expr, Expr>\n> parse_expr(in : Stream) : Expr\n> ```\n> \n> Is that going to work? Can we infer the recursive types? What does it mean for dictionary passing?\n\nAgain for readers' benefit, I will to link to [what sum, product, and recursive types are](http://stackoverflow.com/questions/5911267/what-are-sums-and-products-data-structures).\n\nYou are asking me if we will have recursive types in ZenScript and if so, what are the implications especially on inferring non-annotated types.\n\nFor data types (not typeclasses aka Rust `trait`), we could choose to allow expression of recursive types and it won't require us to add subclassing and virtual methods. For example, here is your recursive data type example expressed with `class`:\n\n```\nsealed abstract class Expr { ... }\nclass Num extends Expr { ... }\nclass Add<A:Expr, B:Expr> extends Expr { ... }\nclass Mul<A:Expr, B:Expr> extends Expr { ... }\n```\n\nYou have expressed polymorphism. If we want to pass an `Expr` to a function taking a `trait` bound, then the compiler will have to check that implementations of said `trait` exist for all the `sealed` subtypes of `Expr` and automatically generate the type-case boilerplate per my explanation for [my complete solution to the Expression Problem](https://github.com/keean/zenscript/issues/2#issuecomment-248259132). So the problems of subclassing and virtual methods do not apply, even though we have a subtyping relationship expressed. You have provided an example of what I was explaining before that [polymorphism arises naturally in programming if there is no dependent typing](https://github.com/keean/zenscript/issues/2#issuecomment-248150778).\n\nHowever, the above has the problem that it can't be extended with new variants because it is necessarily `sealed`, but this loses the desirable attribute of being a solution for the Expression Problem. [NFG! (no fscking good)](http://web.archive.org/web/20100829155651/http://www.tribbit.com/tribute.html?t=7752) :stuck_out_tongue_winking_eye: \n\nIf we prefer to have that remain open to extension of new variants (i.e. not `sealed`), then we have to specifically tell the compiler all of the variants which are in the type some other way, so we can't use `Expr` if it is not sealed! Let's not forget that. We have different situation than subclassing with virtual methods.\n\nSo the other way to do that without `sealed` is to write the unnamed structural union type `Num | Add<*, *> | Mul<*, *>` every where we need to use the value (instead of writing `Expr` because `Expr` is no longer a `class` but is instead a `trait` bound as follows). In that union type declaration, `*` means any type in the containing union.\n\n```\ntrait Expr { ... }\nclass Num { ... }\nclass Add<A:Expr, B:Expr> { ... }\nclass Mul<A:Expr, B:Expr> { ... }\nimpl Num for Expr { ... }\nimpl Add<A,B> for Expr { ... }\nimpl Mul<A,B> for Expr { ... }\n```\n\nSo with the second form I think the inference is much easier?\n",
            "created_at": "2016-09-20T20:44:01Z",
            "html_url": "https://github.com/keean/zenscript/issues/5#issuecomment-248428282",
            "id": 248428282,
            "issue_url": "https://api.github.com/repos/keean/zenscript/issues/5",
            "node_id": "MDEyOklzc3VlQ29tbWVudDI0ODQyODI4Mg==",
            "updated_at": "2016-09-20T20:48:54Z",
            "url": "https://api.github.com/repos/keean/zenscript/issues/comments/248428282",
            "user": {
                "avatar_url": "https://avatars3.githubusercontent.com/u/247731?v=4",
                "events_url": "https://api.github.com/users/shelby3/events{/privacy}",
                "followers_url": "https://api.github.com/users/shelby3/followers",
                "following_url": "https://api.github.com/users/shelby3/following{/other_user}",
                "gists_url": "https://api.github.com/users/shelby3/gists{/gist_id}",
                "gravatar_id": "",
                "html_url": "https://github.com/shelby3",
                "id": 247731,
                "login": "shelby3",
                "node_id": "MDQ6VXNlcjI0NzczMQ==",
                "organizations_url": "https://api.github.com/users/shelby3/orgs",
                "received_events_url": "https://api.github.com/users/shelby3/received_events",
                "repos_url": "https://api.github.com/users/shelby3/repos",
                "site_admin": false,
                "starred_url": "https://api.github.com/users/shelby3/starred{/owner}{/repo}",
                "subscriptions_url": "https://api.github.com/users/shelby3/subscriptions",
                "type": "User",
                "url": "https://api.github.com/users/shelby3"
            }
        },
        {
            "author_association": "OWNER",
            "body": "Yes, the second form is what I would want, although we need to decide on the keywords to use, and also whether to give the self type special status. \n\nFor example Rust uses `struct` where you have `class`, Haskell would use `class` where you have `trait`, `data` where you have `class`, and `instance` where you have `impl`.\n\nPersonally I think we should avoid `class` as Haskell and Java use it for completely different things. I quite like `data`. \n",
            "created_at": "2016-09-20T21:17:07Z",
            "html_url": "https://github.com/keean/zenscript/issues/5#issuecomment-248437118",
            "id": 248437118,
            "issue_url": "https://api.github.com/repos/keean/zenscript/issues/5",
            "node_id": "MDEyOklzc3VlQ29tbWVudDI0ODQzNzExOA==",
            "updated_at": "2016-09-20T21:17:07Z",
            "url": "https://api.github.com/repos/keean/zenscript/issues/comments/248437118",
            "user": {
                "avatar_url": "https://avatars2.githubusercontent.com/u/508384?v=4",
                "events_url": "https://api.github.com/users/keean/events{/privacy}",
                "followers_url": "https://api.github.com/users/keean/followers",
                "following_url": "https://api.github.com/users/keean/following{/other_user}",
                "gists_url": "https://api.github.com/users/keean/gists{/gist_id}",
                "gravatar_id": "",
                "html_url": "https://github.com/keean",
                "id": 508384,
                "login": "keean",
                "node_id": "MDQ6VXNlcjUwODM4NA==",
                "organizations_url": "https://api.github.com/users/keean/orgs",
                "received_events_url": "https://api.github.com/users/keean/received_events",
                "repos_url": "https://api.github.com/users/keean/repos",
                "site_admin": false,
                "starred_url": "https://api.github.com/users/keean/starred{/owner}{/repo}",
                "subscriptions_url": "https://api.github.com/users/keean/subscriptions",
                "type": "User",
                "url": "https://api.github.com/users/keean"
            }
        },
        {
            "author_association": "OWNER",
            "body": "@shelby3 I have started a new topic to discuss function syntax, we should probably have other separate threads for class/data syntax and trait/impl syntax.\n\nDiscussion of function syntax: https://github.com/keean/zenscript/issues/6\n",
            "created_at": "2016-09-20T21:29:30Z",
            "html_url": "https://github.com/keean/zenscript/issues/5#issuecomment-248440389",
            "id": 248440389,
            "issue_url": "https://api.github.com/repos/keean/zenscript/issues/5",
            "node_id": "MDEyOklzc3VlQ29tbWVudDI0ODQ0MDM4OQ==",
            "updated_at": "2016-09-20T21:29:57Z",
            "url": "https://api.github.com/repos/keean/zenscript/issues/comments/248440389",
            "user": {
                "avatar_url": "https://avatars2.githubusercontent.com/u/508384?v=4",
                "events_url": "https://api.github.com/users/keean/events{/privacy}",
                "followers_url": "https://api.github.com/users/keean/followers",
                "following_url": "https://api.github.com/users/keean/following{/other_user}",
                "gists_url": "https://api.github.com/users/keean/gists{/gist_id}",
                "gravatar_id": "",
                "html_url": "https://github.com/keean",
                "id": 508384,
                "login": "keean",
                "node_id": "MDQ6VXNlcjUwODM4NA==",
                "organizations_url": "https://api.github.com/users/keean/orgs",
                "received_events_url": "https://api.github.com/users/keean/received_events",
                "repos_url": "https://api.github.com/users/keean/repos",
                "site_admin": false,
                "starred_url": "https://api.github.com/users/keean/starred{/owner}{/repo}",
                "subscriptions_url": "https://api.github.com/users/keean/subscriptions",
                "type": "User",
                "url": "https://api.github.com/users/keean"
            }
        },
        {
            "author_association": "NONE",
            "body": "@shelby3 wrote:\n\n> So the other way to do that without `sealed` is to write the unnamed structural union type `Num | Add<*, *> | Mul<*, *>` every where we need to use the value (instead of writing `Expr` because `Expr` is no longer a `class` but is instead a `trait` bound as follows). In that union type declaration, `*` means any type in the containing union.\n\nSo the other way to write that is with an alias so it can written in shorter form every where:\n\n`type ExprSet = Num | Add<*, *> | Mul<*, *>`\n\nI don't know we should allow the following?\n\n`type ExprSet = Num | Add<ExprSet, ExprSet> | Mul<ExprSet, ExprSet>`\n\nIs it confusing?\n\nEdit: is our general rule that type parameters can only be bounded by typeclasses, not by data types?\n",
            "created_at": "2016-09-20T21:38:14Z",
            "html_url": "https://github.com/keean/zenscript/issues/5#issuecomment-248442585",
            "id": 248442585,
            "issue_url": "https://api.github.com/repos/keean/zenscript/issues/5",
            "node_id": "MDEyOklzc3VlQ29tbWVudDI0ODQ0MjU4NQ==",
            "updated_at": "2016-09-20T21:41:31Z",
            "url": "https://api.github.com/repos/keean/zenscript/issues/comments/248442585",
            "user": {
                "avatar_url": "https://avatars3.githubusercontent.com/u/247731?v=4",
                "events_url": "https://api.github.com/users/shelby3/events{/privacy}",
                "followers_url": "https://api.github.com/users/shelby3/followers",
                "following_url": "https://api.github.com/users/shelby3/following{/other_user}",
                "gists_url": "https://api.github.com/users/shelby3/gists{/gist_id}",
                "gravatar_id": "",
                "html_url": "https://github.com/shelby3",
                "id": 247731,
                "login": "shelby3",
                "node_id": "MDQ6VXNlcjI0NzczMQ==",
                "organizations_url": "https://api.github.com/users/shelby3/orgs",
                "received_events_url": "https://api.github.com/users/shelby3/received_events",
                "repos_url": "https://api.github.com/users/shelby3/repos",
                "site_admin": false,
                "starred_url": "https://api.github.com/users/shelby3/starred{/owner}{/repo}",
                "subscriptions_url": "https://api.github.com/users/shelby3/subscriptions",
                "type": "User",
                "url": "https://api.github.com/users/shelby3"
            }
        },
        {
            "author_association": "OWNER",
            "body": "The way I have written these types is like this:\n\n```\n(Num | Add a a | Mul a a) as a\n```\n\nThis is a recusive type, usable anywhere like this:\n\n```\nf(x :  (Num | Add a a | Mul a a) as a)\n```\n\nOr you can have a type alias which is just a short way of writing the same thing:\n\n```\ntype exp = (Num | Add a a | Mul a a) as a\nf(x : exp) \n```\n\nI think the general rule should be types are constrained by typeclasses, however I think set-subsumption is fine, so that we can see (Int | String) as being a set of types {Int, String} such that passing a String where a {Int, String} is okay.\n",
            "created_at": "2016-09-20T22:23:12Z",
            "html_url": "https://github.com/keean/zenscript/issues/5#issuecomment-248453160",
            "id": 248453160,
            "issue_url": "https://api.github.com/repos/keean/zenscript/issues/5",
            "node_id": "MDEyOklzc3VlQ29tbWVudDI0ODQ1MzE2MA==",
            "updated_at": "2016-09-20T22:28:40Z",
            "url": "https://api.github.com/repos/keean/zenscript/issues/comments/248453160",
            "user": {
                "avatar_url": "https://avatars2.githubusercontent.com/u/508384?v=4",
                "events_url": "https://api.github.com/users/keean/events{/privacy}",
                "followers_url": "https://api.github.com/users/keean/followers",
                "following_url": "https://api.github.com/users/keean/following{/other_user}",
                "gists_url": "https://api.github.com/users/keean/gists{/gist_id}",
                "gravatar_id": "",
                "html_url": "https://github.com/keean",
                "id": 508384,
                "login": "keean",
                "node_id": "MDQ6VXNlcjUwODM4NA==",
                "organizations_url": "https://api.github.com/users/keean/orgs",
                "received_events_url": "https://api.github.com/users/keean/received_events",
                "repos_url": "https://api.github.com/users/keean/repos",
                "site_admin": false,
                "starred_url": "https://api.github.com/users/keean/starred{/owner}{/repo}",
                "subscriptions_url": "https://api.github.com/users/keean/subscriptions",
                "type": "User",
                "url": "https://api.github.com/users/keean"
            }
        },
        {
            "author_association": "NONE",
            "body": "@keean wrote:\n\n> `(Num | Add a a | Mul a a) as a`\n\nIt is more verbose, but it is more clear. I opt for readability (clarity) when the additional verbosity is minimal. So I agree with your idea.\n\nIf we use (Java/C++ angle `< >` or Scala square `[ ]`) brackets for type parameters any where, then we should use them every where for consistency. I use similar [logic as for functions, to argue](https://github.com/keean/zenscript/issues/6#issuecomment-248453222) for adopting bracketed syntax.\n\nI was actually confused for a few moments when I saw the `a a`. It isn't second nature for me. I don't code in Haskell.\n\n> I think the general rule should be types are constrained by typeclasses, ...\n\nNot all types. We still need to pass data types around. A union of data types for example.\n\n> ...however I think set-subsumption is fine, so that we can see (`Int | String`) as being a set of types {`Int`, `String`} such that passing a `String` where a {`Int`, `String`} is okay.\n\nThat doesn't apply to typeclasses as bounds on type parameters. Remember we decided upthread that unions of typeclasses don't make any sense because they aren't tagged at runtime.\n\nAgreed for unions of data types.\n",
            "created_at": "2016-09-20T23:12:45Z",
            "html_url": "https://github.com/keean/zenscript/issues/5#issuecomment-248463765",
            "id": 248463765,
            "issue_url": "https://api.github.com/repos/keean/zenscript/issues/5",
            "node_id": "MDEyOklzc3VlQ29tbWVudDI0ODQ2Mzc2NQ==",
            "updated_at": "2016-09-20T23:17:09Z",
            "url": "https://api.github.com/repos/keean/zenscript/issues/comments/248463765",
            "user": {
                "avatar_url": "https://avatars3.githubusercontent.com/u/247731?v=4",
                "events_url": "https://api.github.com/users/shelby3/events{/privacy}",
                "followers_url": "https://api.github.com/users/shelby3/followers",
                "following_url": "https://api.github.com/users/shelby3/following{/other_user}",
                "gists_url": "https://api.github.com/users/shelby3/gists{/gist_id}",
                "gravatar_id": "",
                "html_url": "https://github.com/shelby3",
                "id": 247731,
                "login": "shelby3",
                "node_id": "MDQ6VXNlcjI0NzczMQ==",
                "organizations_url": "https://api.github.com/users/shelby3/orgs",
                "received_events_url": "https://api.github.com/users/shelby3/received_events",
                "repos_url": "https://api.github.com/users/shelby3/repos",
                "site_admin": false,
                "starred_url": "https://api.github.com/users/shelby3/starred{/owner}{/repo}",
                "subscriptions_url": "https://api.github.com/users/shelby3/subscriptions",
                "type": "User",
                "url": "https://api.github.com/users/shelby3"
            }
        },
        {
            "author_association": "OWNER",
            "body": "@shelby3 I have written a lot in both styles, my only objection to '<' and '>' is that they are not really brackets and don't often get bracket matching in UI, and cause problems with cut and paste into HTML. I think there are four choices:\n\nJava style: `Add<a, a>`\nScala style: `Add[a, a]`\nHaskell style: `Add a a`\nProlog style: `Add(a, a)`\n\nSo which is the best option? I think we should move this sub-topic to a new discussion: https://github.com/keean/zenscript/issues/7\n",
            "created_at": "2016-09-21T10:21:32Z",
            "html_url": "https://github.com/keean/zenscript/issues/5#issuecomment-248570943",
            "id": 248570943,
            "issue_url": "https://api.github.com/repos/keean/zenscript/issues/5",
            "node_id": "MDEyOklzc3VlQ29tbWVudDI0ODU3MDk0Mw==",
            "updated_at": "2016-09-21T10:24:22Z",
            "url": "https://api.github.com/repos/keean/zenscript/issues/comments/248570943",
            "user": {
                "avatar_url": "https://avatars2.githubusercontent.com/u/508384?v=4",
                "events_url": "https://api.github.com/users/keean/events{/privacy}",
                "followers_url": "https://api.github.com/users/keean/followers",
                "following_url": "https://api.github.com/users/keean/following{/other_user}",
                "gists_url": "https://api.github.com/users/keean/gists{/gist_id}",
                "gravatar_id": "",
                "html_url": "https://github.com/keean",
                "id": 508384,
                "login": "keean",
                "node_id": "MDQ6VXNlcjUwODM4NA==",
                "organizations_url": "https://api.github.com/users/keean/orgs",
                "received_events_url": "https://api.github.com/users/keean/received_events",
                "repos_url": "https://api.github.com/users/keean/repos",
                "site_admin": false,
                "starred_url": "https://api.github.com/users/keean/starred{/owner}{/repo}",
                "subscriptions_url": "https://api.github.com/users/keean/subscriptions",
                "type": "User",
                "url": "https://api.github.com/users/keean"
            }
        }
    ],
    "comments": 14,
    "comments_url": "https://api.github.com/repos/keean/zenscript/issues/5/comments",
    "created_at": "2016-09-20T09:48:50Z",
    "event_data": [
        {
            "actor": {
                "avatar_url": "https://avatars3.githubusercontent.com/u/247731?v=4",
                "events_url": "https://api.github.com/users/shelby3/events{/privacy}",
                "followers_url": "https://api.github.com/users/shelby3/followers",
                "following_url": "https://api.github.com/users/shelby3/following{/other_user}",
                "gists_url": "https://api.github.com/users/shelby3/gists{/gist_id}",
                "gravatar_id": "",
                "html_url": "https://github.com/shelby3",
                "id": 247731,
                "login": "shelby3",
                "node_id": "MDQ6VXNlcjI0NzczMQ==",
                "organizations_url": "https://api.github.com/users/shelby3/orgs",
                "received_events_url": "https://api.github.com/users/shelby3/received_events",
                "repos_url": "https://api.github.com/users/shelby3/repos",
                "site_admin": false,
                "starred_url": "https://api.github.com/users/shelby3/starred{/owner}{/repo}",
                "subscriptions_url": "https://api.github.com/users/shelby3/subscriptions",
                "type": "User",
                "url": "https://api.github.com/users/shelby3"
            },
            "commit_id": null,
            "commit_url": null,
            "created_at": "2016-09-20T13:36:01Z",
            "event": "mentioned",
            "id": 795652342,
            "node_id": "MDE0Ok1lbnRpb25lZEV2ZW50Nzk1NjUyMzQy",
            "url": "https://api.github.com/repos/keean/zenscript/issues/events/795652342"
        },
        {
            "actor": {
                "avatar_url": "https://avatars3.githubusercontent.com/u/247731?v=4",
                "events_url": "https://api.github.com/users/shelby3/events{/privacy}",
                "followers_url": "https://api.github.com/users/shelby3/followers",
                "following_url": "https://api.github.com/users/shelby3/following{/other_user}",
                "gists_url": "https://api.github.com/users/shelby3/gists{/gist_id}",
                "gravatar_id": "",
                "html_url": "https://github.com/shelby3",
                "id": 247731,
                "login": "shelby3",
                "node_id": "MDQ6VXNlcjI0NzczMQ==",
                "organizations_url": "https://api.github.com/users/shelby3/orgs",
                "received_events_url": "https://api.github.com/users/shelby3/received_events",
                "repos_url": "https://api.github.com/users/shelby3/repos",
                "site_admin": false,
                "starred_url": "https://api.github.com/users/shelby3/starred{/owner}{/repo}",
                "subscriptions_url": "https://api.github.com/users/shelby3/subscriptions",
                "type": "User",
                "url": "https://api.github.com/users/shelby3"
            },
            "commit_id": null,
            "commit_url": null,
            "created_at": "2016-09-20T13:36:01Z",
            "event": "subscribed",
            "id": 795652343,
            "node_id": "MDE1OlN1YnNjcmliZWRFdmVudDc5NTY1MjM0Mw==",
            "url": "https://api.github.com/repos/keean/zenscript/issues/events/795652343"
        },
        {
            "actor": {
                "avatar_url": "https://avatars3.githubusercontent.com/u/247731?v=4",
                "events_url": "https://api.github.com/users/shelby3/events{/privacy}",
                "followers_url": "https://api.github.com/users/shelby3/followers",
                "following_url": "https://api.github.com/users/shelby3/following{/other_user}",
                "gists_url": "https://api.github.com/users/shelby3/gists{/gist_id}",
                "gravatar_id": "",
                "html_url": "https://github.com/shelby3",
                "id": 247731,
                "login": "shelby3",
                "node_id": "MDQ6VXNlcjI0NzczMQ==",
                "organizations_url": "https://api.github.com/users/shelby3/orgs",
                "received_events_url": "https://api.github.com/users/shelby3/received_events",
                "repos_url": "https://api.github.com/users/shelby3/repos",
                "site_admin": false,
                "starred_url": "https://api.github.com/users/shelby3/starred{/owner}{/repo}",
                "subscriptions_url": "https://api.github.com/users/shelby3/subscriptions",
                "type": "User",
                "url": "https://api.github.com/users/shelby3"
            },
            "commit_id": null,
            "commit_url": null,
            "created_at": "2016-09-20T16:39:20Z",
            "event": "mentioned",
            "id": 795950683,
            "node_id": "MDE0Ok1lbnRpb25lZEV2ZW50Nzk1OTUwNjgz",
            "url": "https://api.github.com/repos/keean/zenscript/issues/events/795950683"
        },
        {
            "actor": {
                "avatar_url": "https://avatars3.githubusercontent.com/u/247731?v=4",
                "events_url": "https://api.github.com/users/shelby3/events{/privacy}",
                "followers_url": "https://api.github.com/users/shelby3/followers",
                "following_url": "https://api.github.com/users/shelby3/following{/other_user}",
                "gists_url": "https://api.github.com/users/shelby3/gists{/gist_id}",
                "gravatar_id": "",
                "html_url": "https://github.com/shelby3",
                "id": 247731,
                "login": "shelby3",
                "node_id": "MDQ6VXNlcjI0NzczMQ==",
                "organizations_url": "https://api.github.com/users/shelby3/orgs",
                "received_events_url": "https://api.github.com/users/shelby3/received_events",
                "repos_url": "https://api.github.com/users/shelby3/repos",
                "site_admin": false,
                "starred_url": "https://api.github.com/users/shelby3/starred{/owner}{/repo}",
                "subscriptions_url": "https://api.github.com/users/shelby3/subscriptions",
                "type": "User",
                "url": "https://api.github.com/users/shelby3"
            },
            "commit_id": null,
            "commit_url": null,
            "created_at": "2016-09-20T16:39:20Z",
            "event": "subscribed",
            "id": 795950684,
            "node_id": "MDE1OlN1YnNjcmliZWRFdmVudDc5NTk1MDY4NA==",
            "url": "https://api.github.com/repos/keean/zenscript/issues/events/795950684"
        },
        {
            "actor": {
                "avatar_url": "https://avatars2.githubusercontent.com/u/508384?v=4",
                "events_url": "https://api.github.com/users/keean/events{/privacy}",
                "followers_url": "https://api.github.com/users/keean/followers",
                "following_url": "https://api.github.com/users/keean/following{/other_user}",
                "gists_url": "https://api.github.com/users/keean/gists{/gist_id}",
                "gravatar_id": "",
                "html_url": "https://github.com/keean",
                "id": 508384,
                "login": "keean",
                "node_id": "MDQ6VXNlcjUwODM4NA==",
                "organizations_url": "https://api.github.com/users/keean/orgs",
                "received_events_url": "https://api.github.com/users/keean/received_events",
                "repos_url": "https://api.github.com/users/keean/repos",
                "site_admin": false,
                "starred_url": "https://api.github.com/users/keean/starred{/owner}{/repo}",
                "subscriptions_url": "https://api.github.com/users/keean/subscriptions",
                "type": "User",
                "url": "https://api.github.com/users/keean"
            },
            "commit_id": null,
            "commit_url": null,
            "created_at": "2016-09-20T17:49:59Z",
            "event": "mentioned",
            "id": 796052611,
            "node_id": "MDE0Ok1lbnRpb25lZEV2ZW50Nzk2MDUyNjEx",
            "url": "https://api.github.com/repos/keean/zenscript/issues/events/796052611"
        },
        {
            "actor": {
                "avatar_url": "https://avatars2.githubusercontent.com/u/508384?v=4",
                "events_url": "https://api.github.com/users/keean/events{/privacy}",
                "followers_url": "https://api.github.com/users/keean/followers",
                "following_url": "https://api.github.com/users/keean/following{/other_user}",
                "gists_url": "https://api.github.com/users/keean/gists{/gist_id}",
                "gravatar_id": "",
                "html_url": "https://github.com/keean",
                "id": 508384,
                "login": "keean",
                "node_id": "MDQ6VXNlcjUwODM4NA==",
                "organizations_url": "https://api.github.com/users/keean/orgs",
                "received_events_url": "https://api.github.com/users/keean/received_events",
                "repos_url": "https://api.github.com/users/keean/repos",
                "site_admin": false,
                "starred_url": "https://api.github.com/users/keean/starred{/owner}{/repo}",
                "subscriptions_url": "https://api.github.com/users/keean/subscriptions",
                "type": "User",
                "url": "https://api.github.com/users/keean"
            },
            "commit_id": null,
            "commit_url": null,
            "created_at": "2016-09-20T17:49:59Z",
            "event": "subscribed",
            "id": 796052612,
            "node_id": "MDE1OlN1YnNjcmliZWRFdmVudDc5NjA1MjYxMg==",
            "url": "https://api.github.com/repos/keean/zenscript/issues/events/796052612"
        },
        {
            "actor": {
                "avatar_url": "https://avatars2.githubusercontent.com/u/508384?v=4",
                "events_url": "https://api.github.com/users/keean/events{/privacy}",
                "followers_url": "https://api.github.com/users/keean/followers",
                "following_url": "https://api.github.com/users/keean/following{/other_user}",
                "gists_url": "https://api.github.com/users/keean/gists{/gist_id}",
                "gravatar_id": "",
                "html_url": "https://github.com/keean",
                "id": 508384,
                "login": "keean",
                "node_id": "MDQ6VXNlcjUwODM4NA==",
                "organizations_url": "https://api.github.com/users/keean/orgs",
                "received_events_url": "https://api.github.com/users/keean/received_events",
                "repos_url": "https://api.github.com/users/keean/repos",
                "site_admin": false,
                "starred_url": "https://api.github.com/users/keean/starred{/owner}{/repo}",
                "subscriptions_url": "https://api.github.com/users/keean/subscriptions",
                "type": "User",
                "url": "https://api.github.com/users/keean"
            },
            "commit_id": null,
            "commit_url": null,
            "created_at": "2016-09-20T19:33:08Z",
            "event": "mentioned",
            "id": 796205151,
            "node_id": "MDE0Ok1lbnRpb25lZEV2ZW50Nzk2MjA1MTUx",
            "url": "https://api.github.com/repos/keean/zenscript/issues/events/796205151"
        },
        {
            "actor": {
                "avatar_url": "https://avatars2.githubusercontent.com/u/508384?v=4",
                "events_url": "https://api.github.com/users/keean/events{/privacy}",
                "followers_url": "https://api.github.com/users/keean/followers",
                "following_url": "https://api.github.com/users/keean/following{/other_user}",
                "gists_url": "https://api.github.com/users/keean/gists{/gist_id}",
                "gravatar_id": "",
                "html_url": "https://github.com/keean",
                "id": 508384,
                "login": "keean",
                "node_id": "MDQ6VXNlcjUwODM4NA==",
                "organizations_url": "https://api.github.com/users/keean/orgs",
                "received_events_url": "https://api.github.com/users/keean/received_events",
                "repos_url": "https://api.github.com/users/keean/repos",
                "site_admin": false,
                "starred_url": "https://api.github.com/users/keean/starred{/owner}{/repo}",
                "subscriptions_url": "https://api.github.com/users/keean/subscriptions",
                "type": "User",
                "url": "https://api.github.com/users/keean"
            },
            "commit_id": null,
            "commit_url": null,
            "created_at": "2016-09-20T19:33:08Z",
            "event": "subscribed",
            "id": 796205152,
            "node_id": "MDE1OlN1YnNjcmliZWRFdmVudDc5NjIwNTE1Mg==",
            "url": "https://api.github.com/repos/keean/zenscript/issues/events/796205152"
        },
        {
            "actor": {
                "avatar_url": "https://avatars3.githubusercontent.com/u/247731?v=4",
                "events_url": "https://api.github.com/users/shelby3/events{/privacy}",
                "followers_url": "https://api.github.com/users/shelby3/followers",
                "following_url": "https://api.github.com/users/shelby3/following{/other_user}",
                "gists_url": "https://api.github.com/users/shelby3/gists{/gist_id}",
                "gravatar_id": "",
                "html_url": "https://github.com/shelby3",
                "id": 247731,
                "login": "shelby3",
                "node_id": "MDQ6VXNlcjI0NzczMQ==",
                "organizations_url": "https://api.github.com/users/shelby3/orgs",
                "received_events_url": "https://api.github.com/users/shelby3/received_events",
                "repos_url": "https://api.github.com/users/shelby3/repos",
                "site_admin": false,
                "starred_url": "https://api.github.com/users/shelby3/starred{/owner}{/repo}",
                "subscriptions_url": "https://api.github.com/users/shelby3/subscriptions",
                "type": "User",
                "url": "https://api.github.com/users/shelby3"
            },
            "commit_id": null,
            "commit_url": null,
            "created_at": "2016-09-20T20:38:18Z",
            "event": "mentioned",
            "id": 796297937,
            "node_id": "MDE0Ok1lbnRpb25lZEV2ZW50Nzk2Mjk3OTM3",
            "url": "https://api.github.com/repos/keean/zenscript/issues/events/796297937"
        },
        {
            "actor": {
                "avatar_url": "https://avatars3.githubusercontent.com/u/247731?v=4",
                "events_url": "https://api.github.com/users/shelby3/events{/privacy}",
                "followers_url": "https://api.github.com/users/shelby3/followers",
                "following_url": "https://api.github.com/users/shelby3/following{/other_user}",
                "gists_url": "https://api.github.com/users/shelby3/gists{/gist_id}",
                "gravatar_id": "",
                "html_url": "https://github.com/shelby3",
                "id": 247731,
                "login": "shelby3",
                "node_id": "MDQ6VXNlcjI0NzczMQ==",
                "organizations_url": "https://api.github.com/users/shelby3/orgs",
                "received_events_url": "https://api.github.com/users/shelby3/received_events",
                "repos_url": "https://api.github.com/users/shelby3/repos",
                "site_admin": false,
                "starred_url": "https://api.github.com/users/shelby3/starred{/owner}{/repo}",
                "subscriptions_url": "https://api.github.com/users/shelby3/subscriptions",
                "type": "User",
                "url": "https://api.github.com/users/shelby3"
            },
            "commit_id": null,
            "commit_url": null,
            "created_at": "2016-09-20T20:38:18Z",
            "event": "subscribed",
            "id": 796297938,
            "node_id": "MDE1OlN1YnNjcmliZWRFdmVudDc5NjI5NzkzOA==",
            "url": "https://api.github.com/repos/keean/zenscript/issues/events/796297938"
        },
        {
            "actor": {
                "avatar_url": "https://avatars2.githubusercontent.com/u/508384?v=4",
                "events_url": "https://api.github.com/users/keean/events{/privacy}",
                "followers_url": "https://api.github.com/users/keean/followers",
                "following_url": "https://api.github.com/users/keean/following{/other_user}",
                "gists_url": "https://api.github.com/users/keean/gists{/gist_id}",
                "gravatar_id": "",
                "html_url": "https://github.com/keean",
                "id": 508384,
                "login": "keean",
                "node_id": "MDQ6VXNlcjUwODM4NA==",
                "organizations_url": "https://api.github.com/users/keean/orgs",
                "received_events_url": "https://api.github.com/users/keean/received_events",
                "repos_url": "https://api.github.com/users/keean/repos",
                "site_admin": false,
                "starred_url": "https://api.github.com/users/keean/starred{/owner}{/repo}",
                "subscriptions_url": "https://api.github.com/users/keean/subscriptions",
                "type": "User",
                "url": "https://api.github.com/users/keean"
            },
            "commit_id": null,
            "commit_url": null,
            "created_at": "2016-09-20T20:44:01Z",
            "event": "mentioned",
            "id": 796305110,
            "node_id": "MDE0Ok1lbnRpb25lZEV2ZW50Nzk2MzA1MTEw",
            "url": "https://api.github.com/repos/keean/zenscript/issues/events/796305110"
        },
        {
            "actor": {
                "avatar_url": "https://avatars2.githubusercontent.com/u/508384?v=4",
                "events_url": "https://api.github.com/users/keean/events{/privacy}",
                "followers_url": "https://api.github.com/users/keean/followers",
                "following_url": "https://api.github.com/users/keean/following{/other_user}",
                "gists_url": "https://api.github.com/users/keean/gists{/gist_id}",
                "gravatar_id": "",
                "html_url": "https://github.com/keean",
                "id": 508384,
                "login": "keean",
                "node_id": "MDQ6VXNlcjUwODM4NA==",
                "organizations_url": "https://api.github.com/users/keean/orgs",
                "received_events_url": "https://api.github.com/users/keean/received_events",
                "repos_url": "https://api.github.com/users/keean/repos",
                "site_admin": false,
                "starred_url": "https://api.github.com/users/keean/starred{/owner}{/repo}",
                "subscriptions_url": "https://api.github.com/users/keean/subscriptions",
                "type": "User",
                "url": "https://api.github.com/users/keean"
            },
            "commit_id": null,
            "commit_url": null,
            "created_at": "2016-09-20T20:44:01Z",
            "event": "subscribed",
            "id": 796305111,
            "node_id": "MDE1OlN1YnNjcmliZWRFdmVudDc5NjMwNTExMQ==",
            "url": "https://api.github.com/repos/keean/zenscript/issues/events/796305111"
        },
        {
            "actor": {
                "avatar_url": "https://avatars3.githubusercontent.com/u/247731?v=4",
                "events_url": "https://api.github.com/users/shelby3/events{/privacy}",
                "followers_url": "https://api.github.com/users/shelby3/followers",
                "following_url": "https://api.github.com/users/shelby3/following{/other_user}",
                "gists_url": "https://api.github.com/users/shelby3/gists{/gist_id}",
                "gravatar_id": "",
                "html_url": "https://github.com/shelby3",
                "id": 247731,
                "login": "shelby3",
                "node_id": "MDQ6VXNlcjI0NzczMQ==",
                "organizations_url": "https://api.github.com/users/shelby3/orgs",
                "received_events_url": "https://api.github.com/users/shelby3/received_events",
                "repos_url": "https://api.github.com/users/shelby3/repos",
                "site_admin": false,
                "starred_url": "https://api.github.com/users/shelby3/starred{/owner}{/repo}",
                "subscriptions_url": "https://api.github.com/users/shelby3/subscriptions",
                "type": "User",
                "url": "https://api.github.com/users/shelby3"
            },
            "commit_id": null,
            "commit_url": null,
            "created_at": "2016-09-20T21:29:30Z",
            "event": "mentioned",
            "id": 796368189,
            "node_id": "MDE0Ok1lbnRpb25lZEV2ZW50Nzk2MzY4MTg5",
            "url": "https://api.github.com/repos/keean/zenscript/issues/events/796368189"
        },
        {
            "actor": {
                "avatar_url": "https://avatars3.githubusercontent.com/u/247731?v=4",
                "events_url": "https://api.github.com/users/shelby3/events{/privacy}",
                "followers_url": "https://api.github.com/users/shelby3/followers",
                "following_url": "https://api.github.com/users/shelby3/following{/other_user}",
                "gists_url": "https://api.github.com/users/shelby3/gists{/gist_id}",
                "gravatar_id": "",
                "html_url": "https://github.com/shelby3",
                "id": 247731,
                "login": "shelby3",
                "node_id": "MDQ6VXNlcjI0NzczMQ==",
                "organizations_url": "https://api.github.com/users/shelby3/orgs",
                "received_events_url": "https://api.github.com/users/shelby3/received_events",
                "repos_url": "https://api.github.com/users/shelby3/repos",
                "site_admin": false,
                "starred_url": "https://api.github.com/users/shelby3/starred{/owner}{/repo}",
                "subscriptions_url": "https://api.github.com/users/shelby3/subscriptions",
                "type": "User",
                "url": "https://api.github.com/users/shelby3"
            },
            "commit_id": null,
            "commit_url": null,
            "created_at": "2016-09-20T21:29:30Z",
            "event": "subscribed",
            "id": 796368190,
            "node_id": "MDE1OlN1YnNjcmliZWRFdmVudDc5NjM2ODE5MA==",
            "url": "https://api.github.com/repos/keean/zenscript/issues/events/796368190"
        },
        {
            "actor": {
                "avatar_url": "https://avatars3.githubusercontent.com/u/247731?v=4",
                "events_url": "https://api.github.com/users/shelby3/events{/privacy}",
                "followers_url": "https://api.github.com/users/shelby3/followers",
                "following_url": "https://api.github.com/users/shelby3/following{/other_user}",
                "gists_url": "https://api.github.com/users/shelby3/gists{/gist_id}",
                "gravatar_id": "",
                "html_url": "https://github.com/shelby3",
                "id": 247731,
                "login": "shelby3",
                "node_id": "MDQ6VXNlcjI0NzczMQ==",
                "organizations_url": "https://api.github.com/users/shelby3/orgs",
                "received_events_url": "https://api.github.com/users/shelby3/received_events",
                "repos_url": "https://api.github.com/users/shelby3/repos",
                "site_admin": false,
                "starred_url": "https://api.github.com/users/shelby3/starred{/owner}{/repo}",
                "subscriptions_url": "https://api.github.com/users/shelby3/subscriptions",
                "type": "User",
                "url": "https://api.github.com/users/shelby3"
            },
            "commit_id": null,
            "commit_url": null,
            "created_at": "2016-09-20T21:38:14Z",
            "event": "mentioned",
            "id": 796379717,
            "node_id": "MDE0Ok1lbnRpb25lZEV2ZW50Nzk2Mzc5NzE3",
            "url": "https://api.github.com/repos/keean/zenscript/issues/events/796379717"
        },
        {
            "actor": {
                "avatar_url": "https://avatars3.githubusercontent.com/u/247731?v=4",
                "events_url": "https://api.github.com/users/shelby3/events{/privacy}",
                "followers_url": "https://api.github.com/users/shelby3/followers",
                "following_url": "https://api.github.com/users/shelby3/following{/other_user}",
                "gists_url": "https://api.github.com/users/shelby3/gists{/gist_id}",
                "gravatar_id": "",
                "html_url": "https://github.com/shelby3",
                "id": 247731,
                "login": "shelby3",
                "node_id": "MDQ6VXNlcjI0NzczMQ==",
                "organizations_url": "https://api.github.com/users/shelby3/orgs",
                "received_events_url": "https://api.github.com/users/shelby3/received_events",
                "repos_url": "https://api.github.com/users/shelby3/repos",
                "site_admin": false,
                "starred_url": "https://api.github.com/users/shelby3/starred{/owner}{/repo}",
                "subscriptions_url": "https://api.github.com/users/shelby3/subscriptions",
                "type": "User",
                "url": "https://api.github.com/users/shelby3"
            },
            "commit_id": null,
            "commit_url": null,
            "created_at": "2016-09-20T21:38:14Z",
            "event": "subscribed",
            "id": 796379718,
            "node_id": "MDE1OlN1YnNjcmliZWRFdmVudDc5NjM3OTcxOA==",
            "url": "https://api.github.com/repos/keean/zenscript/issues/events/796379718"
        },
        {
            "actor": {
                "avatar_url": "https://avatars2.githubusercontent.com/u/508384?v=4",
                "events_url": "https://api.github.com/users/keean/events{/privacy}",
                "followers_url": "https://api.github.com/users/keean/followers",
                "following_url": "https://api.github.com/users/keean/following{/other_user}",
                "gists_url": "https://api.github.com/users/keean/gists{/gist_id}",
                "gravatar_id": "",
                "html_url": "https://github.com/keean",
                "id": 508384,
                "login": "keean",
                "node_id": "MDQ6VXNlcjUwODM4NA==",
                "organizations_url": "https://api.github.com/users/keean/orgs",
                "received_events_url": "https://api.github.com/users/keean/received_events",
                "repos_url": "https://api.github.com/users/keean/repos",
                "site_admin": false,
                "starred_url": "https://api.github.com/users/keean/starred{/owner}{/repo}",
                "subscriptions_url": "https://api.github.com/users/keean/subscriptions",
                "type": "User",
                "url": "https://api.github.com/users/keean"
            },
            "commit_id": null,
            "commit_url": null,
            "created_at": "2016-09-20T23:12:45Z",
            "event": "mentioned",
            "id": 796488159,
            "node_id": "MDE0Ok1lbnRpb25lZEV2ZW50Nzk2NDg4MTU5",
            "url": "https://api.github.com/repos/keean/zenscript/issues/events/796488159"
        },
        {
            "actor": {
                "avatar_url": "https://avatars2.githubusercontent.com/u/508384?v=4",
                "events_url": "https://api.github.com/users/keean/events{/privacy}",
                "followers_url": "https://api.github.com/users/keean/followers",
                "following_url": "https://api.github.com/users/keean/following{/other_user}",
                "gists_url": "https://api.github.com/users/keean/gists{/gist_id}",
                "gravatar_id": "",
                "html_url": "https://github.com/keean",
                "id": 508384,
                "login": "keean",
                "node_id": "MDQ6VXNlcjUwODM4NA==",
                "organizations_url": "https://api.github.com/users/keean/orgs",
                "received_events_url": "https://api.github.com/users/keean/received_events",
                "repos_url": "https://api.github.com/users/keean/repos",
                "site_admin": false,
                "starred_url": "https://api.github.com/users/keean/starred{/owner}{/repo}",
                "subscriptions_url": "https://api.github.com/users/keean/subscriptions",
                "type": "User",
                "url": "https://api.github.com/users/keean"
            },
            "commit_id": null,
            "commit_url": null,
            "created_at": "2016-09-20T23:12:45Z",
            "event": "subscribed",
            "id": 796488160,
            "node_id": "MDE1OlN1YnNjcmliZWRFdmVudDc5NjQ4ODE2MA==",
            "url": "https://api.github.com/repos/keean/zenscript/issues/events/796488160"
        },
        {
            "actor": {
                "avatar_url": "https://avatars3.githubusercontent.com/u/247731?v=4",
                "events_url": "https://api.github.com/users/shelby3/events{/privacy}",
                "followers_url": "https://api.github.com/users/shelby3/followers",
                "following_url": "https://api.github.com/users/shelby3/following{/other_user}",
                "gists_url": "https://api.github.com/users/shelby3/gists{/gist_id}",
                "gravatar_id": "",
                "html_url": "https://github.com/shelby3",
                "id": 247731,
                "login": "shelby3",
                "node_id": "MDQ6VXNlcjI0NzczMQ==",
                "organizations_url": "https://api.github.com/users/shelby3/orgs",
                "received_events_url": "https://api.github.com/users/shelby3/received_events",
                "repos_url": "https://api.github.com/users/shelby3/repos",
                "site_admin": false,
                "starred_url": "https://api.github.com/users/shelby3/starred{/owner}{/repo}",
                "subscriptions_url": "https://api.github.com/users/shelby3/subscriptions",
                "type": "User",
                "url": "https://api.github.com/users/shelby3"
            },
            "commit_id": null,
            "commit_url": null,
            "created_at": "2016-09-21T10:21:32Z",
            "event": "mentioned",
            "id": 797070387,
            "node_id": "MDE0Ok1lbnRpb25lZEV2ZW50Nzk3MDcwMzg3",
            "url": "https://api.github.com/repos/keean/zenscript/issues/events/797070387"
        },
        {
            "actor": {
                "avatar_url": "https://avatars3.githubusercontent.com/u/247731?v=4",
                "events_url": "https://api.github.com/users/shelby3/events{/privacy}",
                "followers_url": "https://api.github.com/users/shelby3/followers",
                "following_url": "https://api.github.com/users/shelby3/following{/other_user}",
                "gists_url": "https://api.github.com/users/shelby3/gists{/gist_id}",
                "gravatar_id": "",
                "html_url": "https://github.com/shelby3",
                "id": 247731,
                "login": "shelby3",
                "node_id": "MDQ6VXNlcjI0NzczMQ==",
                "organizations_url": "https://api.github.com/users/shelby3/orgs",
                "received_events_url": "https://api.github.com/users/shelby3/received_events",
                "repos_url": "https://api.github.com/users/shelby3/repos",
                "site_admin": false,
                "starred_url": "https://api.github.com/users/shelby3/starred{/owner}{/repo}",
                "subscriptions_url": "https://api.github.com/users/shelby3/subscriptions",
                "type": "User",
                "url": "https://api.github.com/users/shelby3"
            },
            "commit_id": null,
            "commit_url": null,
            "created_at": "2016-09-21T10:21:32Z",
            "event": "subscribed",
            "id": 797070388,
            "node_id": "MDE1OlN1YnNjcmliZWRFdmVudDc5NzA3MDM4OA==",
            "url": "https://api.github.com/repos/keean/zenscript/issues/events/797070388"
        }
    ],
    "events_url": "https://api.github.com/repos/keean/zenscript/issues/5/events",
    "html_url": "https://github.com/keean/zenscript/issues/5",
    "id": 178014832,
    "labels": [],
    "labels_url": "https://api.github.com/repos/keean/zenscript/issues/5/labels{/name}",
    "locked": false,
    "milestone": null,
    "node_id": "MDU6SXNzdWUxNzgwMTQ4MzI=",
    "number": 5,
    "repository_url": "https://api.github.com/repos/keean/zenscript",
    "state": "open",
    "title": "Union Types: Inference and Checking.",
    "updated_at": "2016-09-21T10:24:22Z",
    "url": "https://api.github.com/repos/keean/zenscript/issues/5",
    "user": {
        "avatar_url": "https://avatars2.githubusercontent.com/u/508384?v=4",
        "events_url": "https://api.github.com/users/keean/events{/privacy}",
        "followers_url": "https://api.github.com/users/keean/followers",
        "following_url": "https://api.github.com/users/keean/following{/other_user}",
        "gists_url": "https://api.github.com/users/keean/gists{/gist_id}",
        "gravatar_id": "",
        "html_url": "https://github.com/keean",
        "id": 508384,
        "login": "keean",
        "node_id": "MDQ6VXNlcjUwODM4NA==",
        "organizations_url": "https://api.github.com/users/keean/orgs",
        "received_events_url": "https://api.github.com/users/keean/received_events",
        "repos_url": "https://api.github.com/users/keean/repos",
        "site_admin": false,
        "starred_url": "https://api.github.com/users/keean/starred{/owner}{/repo}",
        "subscriptions_url": "https://api.github.com/users/keean/subscriptions",
        "type": "User",
        "url": "https://api.github.com/users/keean"
    }
}