{
    "assignee": null,
    "assignees": [],
    "author_association": "OWNER",
    "body": "There are four obvious options:\n\nJava style: `Add<a, a>`\nScala style: `Add[a, a]`\nHaskell style: `Add a a`\nProlog style: `Add(a, a)`\n\nWhich option should we go for?\n",
    "closed_at": "2016-09-22T08:53:05Z",
    "comment_data": [
        {
            "author_association": "NONE",
            "body": "Assuming you use parentheses for something else, I would favor either Java or Scala style.\n",
            "created_at": "2016-09-21T14:50:53Z",
            "html_url": "https://github.com/keean/zenscript/issues/7#issuecomment-248636145",
            "id": 248636145,
            "issue_url": "https://api.github.com/repos/keean/zenscript/issues/7",
            "node_id": "MDEyOklzc3VlQ29tbWVudDI0ODYzNjE0NQ==",
            "updated_at": "2016-09-21T14:50:53Z",
            "url": "https://api.github.com/repos/keean/zenscript/issues/comments/248636145",
            "user": {
                "avatar_url": "https://avatars0.githubusercontent.com/u/1767302?v=4",
                "events_url": "https://api.github.com/users/johnwcowan/events{/privacy}",
                "followers_url": "https://api.github.com/users/johnwcowan/followers",
                "following_url": "https://api.github.com/users/johnwcowan/following{/other_user}",
                "gists_url": "https://api.github.com/users/johnwcowan/gists{/gist_id}",
                "gravatar_id": "",
                "html_url": "https://github.com/johnwcowan",
                "id": 1767302,
                "login": "johnwcowan",
                "node_id": "MDQ6VXNlcjE3NjczMDI=",
                "organizations_url": "https://api.github.com/users/johnwcowan/orgs",
                "received_events_url": "https://api.github.com/users/johnwcowan/received_events",
                "repos_url": "https://api.github.com/users/johnwcowan/repos",
                "site_admin": false,
                "starred_url": "https://api.github.com/users/johnwcowan/starred{/owner}{/repo}",
                "subscriptions_url": "https://api.github.com/users/johnwcowan/subscriptions",
                "type": "User",
                "url": "https://api.github.com/users/johnwcowan"
            }
        },
        {
            "author_association": "NONE",
            "body": "If we use `[ ... ]` as sugar for constructing and (in pattern matching) destructuring arrays, then unless we are using `< ... >` for something that appears very often in the code, I would lean towards the Java/C++ style, and it also has a longer history. But there might some conflict in the grammar that favors `[` over `<`. Let's wait until we have the relevant grammar sorted out.\n\nOther than those points, it might just be a subjective preference between Java and Scala style.\n",
            "created_at": "2016-09-21T20:00:13Z",
            "html_url": "https://github.com/keean/zenscript/issues/7#issuecomment-248725547",
            "id": 248725547,
            "issue_url": "https://api.github.com/repos/keean/zenscript/issues/7",
            "node_id": "MDEyOklzc3VlQ29tbWVudDI0ODcyNTU0Nw==",
            "updated_at": "2016-09-21T20:01:43Z",
            "url": "https://api.github.com/repos/keean/zenscript/issues/comments/248725547",
            "user": {
                "avatar_url": "https://avatars3.githubusercontent.com/u/247731?v=4",
                "events_url": "https://api.github.com/users/shelby3/events{/privacy}",
                "followers_url": "https://api.github.com/users/shelby3/followers",
                "following_url": "https://api.github.com/users/shelby3/following{/other_user}",
                "gists_url": "https://api.github.com/users/shelby3/gists{/gist_id}",
                "gravatar_id": "",
                "html_url": "https://github.com/shelby3",
                "id": 247731,
                "login": "shelby3",
                "node_id": "MDQ6VXNlcjI0NzczMQ==",
                "organizations_url": "https://api.github.com/users/shelby3/orgs",
                "received_events_url": "https://api.github.com/users/shelby3/received_events",
                "repos_url": "https://api.github.com/users/shelby3/repos",
                "site_admin": false,
                "starred_url": "https://api.github.com/users/shelby3/starred{/owner}{/repo}",
                "subscriptions_url": "https://api.github.com/users/shelby3/subscriptions",
                "type": "User",
                "url": "https://api.github.com/users/shelby3"
            }
        },
        {
            "author_association": "OWNER",
            "body": "I think we can stick with the Java way, although the Haskell syntax is more concise.\n",
            "created_at": "2016-09-21T22:03:08Z",
            "html_url": "https://github.com/keean/zenscript/issues/7#issuecomment-248756320",
            "id": 248756320,
            "issue_url": "https://api.github.com/repos/keean/zenscript/issues/7",
            "node_id": "MDEyOklzc3VlQ29tbWVudDI0ODc1NjMyMA==",
            "updated_at": "2016-09-21T22:03:08Z",
            "url": "https://api.github.com/repos/keean/zenscript/issues/comments/248756320",
            "user": {
                "avatar_url": "https://avatars2.githubusercontent.com/u/508384?v=4",
                "events_url": "https://api.github.com/users/keean/events{/privacy}",
                "followers_url": "https://api.github.com/users/keean/followers",
                "following_url": "https://api.github.com/users/keean/following{/other_user}",
                "gists_url": "https://api.github.com/users/keean/gists{/gist_id}",
                "gravatar_id": "",
                "html_url": "https://github.com/keean",
                "id": 508384,
                "login": "keean",
                "node_id": "MDQ6VXNlcjUwODM4NA==",
                "organizations_url": "https://api.github.com/users/keean/orgs",
                "received_events_url": "https://api.github.com/users/keean/received_events",
                "repos_url": "https://api.github.com/users/keean/repos",
                "site_admin": false,
                "starred_url": "https://api.github.com/users/keean/starred{/owner}{/repo}",
                "subscriptions_url": "https://api.github.com/users/keean/subscriptions",
                "type": "User",
                "url": "https://api.github.com/users/keean"
            }
        },
        {
            "author_association": "NONE",
            "body": "@keean wrote:\n\n> although the Haskell syntax is more concise.\n\n[I stated](https://github.com/keean/zenscript/issues/5#issuecomment-248463765) that I think Haskell's syntax for that would be confusing to mainstream of programmers and maybe has similar issues as to why [I argued](https://github.com/keean/zenscript/issues/6#issuecomment-248453222) for explicit parenthesis for function calls.\n\n> I think we can stick with the Java way\n\nAlso TypeScript uses the Java style and it is currently the most popular typed language targeting JavaScript.\n",
            "created_at": "2016-09-21T22:07:40Z",
            "html_url": "https://github.com/keean/zenscript/issues/7#issuecomment-248757334",
            "id": 248757334,
            "issue_url": "https://api.github.com/repos/keean/zenscript/issues/7",
            "node_id": "MDEyOklzc3VlQ29tbWVudDI0ODc1NzMzNA==",
            "updated_at": "2016-09-21T22:11:33Z",
            "url": "https://api.github.com/repos/keean/zenscript/issues/comments/248757334",
            "user": {
                "avatar_url": "https://avatars3.githubusercontent.com/u/247731?v=4",
                "events_url": "https://api.github.com/users/shelby3/events{/privacy}",
                "followers_url": "https://api.github.com/users/shelby3/followers",
                "following_url": "https://api.github.com/users/shelby3/following{/other_user}",
                "gists_url": "https://api.github.com/users/shelby3/gists{/gist_id}",
                "gravatar_id": "",
                "html_url": "https://github.com/shelby3",
                "id": 247731,
                "login": "shelby3",
                "node_id": "MDQ6VXNlcjI0NzczMQ==",
                "organizations_url": "https://api.github.com/users/shelby3/orgs",
                "received_events_url": "https://api.github.com/users/shelby3/received_events",
                "repos_url": "https://api.github.com/users/shelby3/repos",
                "site_admin": false,
                "starred_url": "https://api.github.com/users/shelby3/starred{/owner}{/repo}",
                "subscriptions_url": "https://api.github.com/users/shelby3/subscriptions",
                "type": "User",
                "url": "https://api.github.com/users/shelby3"
            }
        },
        {
            "author_association": "NONE",
            "body": "@keean if ever you feel you would rather create a more Haskell-like syntax, then please don't be shy to tell me. I am hoping we can agree on the design. But if ever we can't, it is better to know than let it fester unstated. Ditto other readers in the potential community of the future of the language.\n\nI know you've stated that you understand the importance of mainstream understanding on the syntax choices. You also seem to have maybe just a tad bit of saudade over not adopting more of Haskell's syntax. I noticed [another comment from you](https://github.com/keean/zenscript/issues/6#issuecomment-248684985) that seemed to be exhibiting that?\n",
            "created_at": "2016-09-21T22:53:00Z",
            "html_url": "https://github.com/keean/zenscript/issues/7#issuecomment-248766109",
            "id": 248766109,
            "issue_url": "https://api.github.com/repos/keean/zenscript/issues/7",
            "node_id": "MDEyOklzc3VlQ29tbWVudDI0ODc2NjEwOQ==",
            "updated_at": "2016-09-21T23:00:06Z",
            "url": "https://api.github.com/repos/keean/zenscript/issues/comments/248766109",
            "user": {
                "avatar_url": "https://avatars3.githubusercontent.com/u/247731?v=4",
                "events_url": "https://api.github.com/users/shelby3/events{/privacy}",
                "followers_url": "https://api.github.com/users/shelby3/followers",
                "following_url": "https://api.github.com/users/shelby3/following{/other_user}",
                "gists_url": "https://api.github.com/users/shelby3/gists{/gist_id}",
                "gravatar_id": "",
                "html_url": "https://github.com/shelby3",
                "id": 247731,
                "login": "shelby3",
                "node_id": "MDQ6VXNlcjI0NzczMQ==",
                "organizations_url": "https://api.github.com/users/shelby3/orgs",
                "received_events_url": "https://api.github.com/users/shelby3/received_events",
                "repos_url": "https://api.github.com/users/shelby3/repos",
                "site_admin": false,
                "starred_url": "https://api.github.com/users/shelby3/starred{/owner}{/repo}",
                "subscriptions_url": "https://api.github.com/users/shelby3/subscriptions",
                "type": "User",
                "url": "https://api.github.com/users/shelby3"
            }
        },
        {
            "author_association": "OWNER",
            "body": "Okay I think that's agreed. If we wanted a recursive expression type it would be written something like:\n\n```\ntype Exp = (Num | Add<a, a> | Mul<a, a>) as a\n```\n\nWe can also make the expression type parametric on the type of the expression like this:\n\n```\ntype Exp<a> = (Lit<a> | Add<b, b> | Mul<b, b>) as b\n```\n\n> if ever you feel you would rather create a more Haskell-like syntax, then please don't be shy to tell me\n\nI like Rust too :-) I think its going well, and I like the decisions we have made so far .\n",
            "created_at": "2016-09-21T22:57:19Z",
            "html_url": "https://github.com/keean/zenscript/issues/7#issuecomment-248767195",
            "id": 248767195,
            "issue_url": "https://api.github.com/repos/keean/zenscript/issues/7",
            "node_id": "MDEyOklzc3VlQ29tbWVudDI0ODc2NzE5NQ==",
            "updated_at": "2016-09-21T22:57:19Z",
            "url": "https://api.github.com/repos/keean/zenscript/issues/comments/248767195",
            "user": {
                "avatar_url": "https://avatars2.githubusercontent.com/u/508384?v=4",
                "events_url": "https://api.github.com/users/keean/events{/privacy}",
                "followers_url": "https://api.github.com/users/keean/followers",
                "following_url": "https://api.github.com/users/keean/following{/other_user}",
                "gists_url": "https://api.github.com/users/keean/gists{/gist_id}",
                "gravatar_id": "",
                "html_url": "https://github.com/keean",
                "id": 508384,
                "login": "keean",
                "node_id": "MDQ6VXNlcjUwODM4NA==",
                "organizations_url": "https://api.github.com/users/keean/orgs",
                "received_events_url": "https://api.github.com/users/keean/received_events",
                "repos_url": "https://api.github.com/users/keean/repos",
                "site_admin": false,
                "starred_url": "https://api.github.com/users/keean/starred{/owner}{/repo}",
                "subscriptions_url": "https://api.github.com/users/keean/subscriptions",
                "type": "User",
                "url": "https://api.github.com/users/keean"
            }
        },
        {
            "author_association": "NONE",
            "body": "@keean wrote:\n\n> If we wanted a recursive expression type it would be written something like:\n> \n> `type Exp = (Num | Add<a, a> | Mul<a, a>) as a`\n\nCross-referencing for readers, I had [agreed on that](https://github.com/keean/zenscript/issues/5#issuecomment-248463765) syntax already.\n",
            "created_at": "2016-09-21T23:29:57Z",
            "html_url": "https://github.com/keean/zenscript/issues/7#issuecomment-248773031",
            "id": 248773031,
            "issue_url": "https://api.github.com/repos/keean/zenscript/issues/7",
            "node_id": "MDEyOklzc3VlQ29tbWVudDI0ODc3MzAzMQ==",
            "updated_at": "2016-09-21T23:30:38Z",
            "url": "https://api.github.com/repos/keean/zenscript/issues/comments/248773031",
            "user": {
                "avatar_url": "https://avatars3.githubusercontent.com/u/247731?v=4",
                "events_url": "https://api.github.com/users/shelby3/events{/privacy}",
                "followers_url": "https://api.github.com/users/shelby3/followers",
                "following_url": "https://api.github.com/users/shelby3/following{/other_user}",
                "gists_url": "https://api.github.com/users/shelby3/gists{/gist_id}",
                "gravatar_id": "",
                "html_url": "https://github.com/shelby3",
                "id": 247731,
                "login": "shelby3",
                "node_id": "MDQ6VXNlcjI0NzczMQ==",
                "organizations_url": "https://api.github.com/users/shelby3/orgs",
                "received_events_url": "https://api.github.com/users/shelby3/received_events",
                "repos_url": "https://api.github.com/users/shelby3/repos",
                "site_admin": false,
                "starred_url": "https://api.github.com/users/shelby3/starred{/owner}{/repo}",
                "subscriptions_url": "https://api.github.com/users/shelby3/subscriptions",
                "type": "User",
                "url": "https://api.github.com/users/shelby3"
            }
        },
        {
            "author_association": "NONE",
            "body": "@keean [wrote](https://github.com/keean/zenscript/issues/5#issuecomment-248570943):\n\n> I have written a lot in both styles, my only objection to `<` and `>` is that they are not really brackets and don't often get bracket matching in UI, and cause problems with cut and paste into HTML.\n\nAh yes, I had forgotten about those issues with angle brackets which are treated as 'less than' and 'greater than' in some contexts and yes the breakage of not escaping to HTML entity `&lt;`.\n\nBut that HTML breakage applies to any code that has a 'less than' symbol as well. So I eliminate that as a valid differentiated concern.\n\nAnd UIs not treating them as angle brackets when the file extension is a programming language, seems to be sort of worrying about the fringes of possible concerns? We'll probably have many issues on the fringes that we can't make perfect. I am thinking in terms of priorities.\n",
            "created_at": "2016-09-21T23:38:11Z",
            "html_url": "https://github.com/keean/zenscript/issues/7#issuecomment-248774302",
            "id": 248774302,
            "issue_url": "https://api.github.com/repos/keean/zenscript/issues/7",
            "node_id": "MDEyOklzc3VlQ29tbWVudDI0ODc3NDMwMg==",
            "updated_at": "2016-09-22T13:21:13Z",
            "url": "https://api.github.com/repos/keean/zenscript/issues/comments/248774302",
            "user": {
                "avatar_url": "https://avatars3.githubusercontent.com/u/247731?v=4",
                "events_url": "https://api.github.com/users/shelby3/events{/privacy}",
                "followers_url": "https://api.github.com/users/shelby3/followers",
                "following_url": "https://api.github.com/users/shelby3/following{/other_user}",
                "gists_url": "https://api.github.com/users/shelby3/gists{/gist_id}",
                "gravatar_id": "",
                "html_url": "https://github.com/shelby3",
                "id": 247731,
                "login": "shelby3",
                "node_id": "MDQ6VXNlcjI0NzczMQ==",
                "organizations_url": "https://api.github.com/users/shelby3/orgs",
                "received_events_url": "https://api.github.com/users/shelby3/received_events",
                "repos_url": "https://api.github.com/users/shelby3/repos",
                "site_admin": false,
                "starred_url": "https://api.github.com/users/shelby3/starred{/owner}{/repo}",
                "subscriptions_url": "https://api.github.com/users/shelby3/subscriptions",
                "type": "User",
                "url": "https://api.github.com/users/shelby3"
            }
        },
        {
            "author_association": "NONE",
            "body": "Why is the title of this issue, \"Type Constructor Syntax\"? What does that mean?\n\nIt seems the OP is about type parameter syntax.\n",
            "created_at": "2016-09-22T04:27:49Z",
            "html_url": "https://github.com/keean/zenscript/issues/7#issuecomment-248808097",
            "id": 248808097,
            "issue_url": "https://api.github.com/repos/keean/zenscript/issues/7",
            "node_id": "MDEyOklzc3VlQ29tbWVudDI0ODgwODA5Nw==",
            "updated_at": "2016-09-22T04:27:49Z",
            "url": "https://api.github.com/repos/keean/zenscript/issues/comments/248808097",
            "user": {
                "avatar_url": "https://avatars3.githubusercontent.com/u/247731?v=4",
                "events_url": "https://api.github.com/users/shelby3/events{/privacy}",
                "followers_url": "https://api.github.com/users/shelby3/followers",
                "following_url": "https://api.github.com/users/shelby3/following{/other_user}",
                "gists_url": "https://api.github.com/users/shelby3/gists{/gist_id}",
                "gravatar_id": "",
                "html_url": "https://github.com/shelby3",
                "id": 247731,
                "login": "shelby3",
                "node_id": "MDQ6VXNlcjI0NzczMQ==",
                "organizations_url": "https://api.github.com/users/shelby3/orgs",
                "received_events_url": "https://api.github.com/users/shelby3/received_events",
                "repos_url": "https://api.github.com/users/shelby3/repos",
                "site_admin": false,
                "starred_url": "https://api.github.com/users/shelby3/starred{/owner}{/repo}",
                "subscriptions_url": "https://api.github.com/users/shelby3/subscriptions",
                "type": "User",
                "url": "https://api.github.com/users/shelby3"
            }
        },
        {
            "author_association": "OWNER",
            "body": "The type-consructor is the bit like `Add`. It is clearly not a type, and only becomes a type when it's parameters are provided, so `Add<Num, Num>` is a type, and `Add` is a type constructor. I think it can be a type if you allow higher kinded types, and then it would be a type of kind \\* -> \\* -> *\n",
            "created_at": "2016-09-22T06:17:07Z",
            "html_url": "https://github.com/keean/zenscript/issues/7#issuecomment-248821487",
            "id": 248821487,
            "issue_url": "https://api.github.com/repos/keean/zenscript/issues/7",
            "node_id": "MDEyOklzc3VlQ29tbWVudDI0ODgyMTQ4Nw==",
            "updated_at": "2016-09-22T06:17:07Z",
            "url": "https://api.github.com/repos/keean/zenscript/issues/comments/248821487",
            "user": {
                "avatar_url": "https://avatars2.githubusercontent.com/u/508384?v=4",
                "events_url": "https://api.github.com/users/keean/events{/privacy}",
                "followers_url": "https://api.github.com/users/keean/followers",
                "following_url": "https://api.github.com/users/keean/following{/other_user}",
                "gists_url": "https://api.github.com/users/keean/gists{/gist_id}",
                "gravatar_id": "",
                "html_url": "https://github.com/keean",
                "id": 508384,
                "login": "keean",
                "node_id": "MDQ6VXNlcjUwODM4NA==",
                "organizations_url": "https://api.github.com/users/keean/orgs",
                "received_events_url": "https://api.github.com/users/keean/received_events",
                "repos_url": "https://api.github.com/users/keean/repos",
                "site_admin": false,
                "starred_url": "https://api.github.com/users/keean/starred{/owner}{/repo}",
                "subscriptions_url": "https://api.github.com/users/keean/subscriptions",
                "type": "User",
                "url": "https://api.github.com/users/keean"
            }
        },
        {
            "author_association": "OWNER",
            "body": "I think this is decided, will reopen if there are further issues.\n",
            "created_at": "2016-09-22T08:53:05Z",
            "html_url": "https://github.com/keean/zenscript/issues/7#issuecomment-248846356",
            "id": 248846356,
            "issue_url": "https://api.github.com/repos/keean/zenscript/issues/7",
            "node_id": "MDEyOklzc3VlQ29tbWVudDI0ODg0NjM1Ng==",
            "updated_at": "2016-09-22T08:53:05Z",
            "url": "https://api.github.com/repos/keean/zenscript/issues/comments/248846356",
            "user": {
                "avatar_url": "https://avatars2.githubusercontent.com/u/508384?v=4",
                "events_url": "https://api.github.com/users/keean/events{/privacy}",
                "followers_url": "https://api.github.com/users/keean/followers",
                "following_url": "https://api.github.com/users/keean/following{/other_user}",
                "gists_url": "https://api.github.com/users/keean/gists{/gist_id}",
                "gravatar_id": "",
                "html_url": "https://github.com/keean",
                "id": 508384,
                "login": "keean",
                "node_id": "MDQ6VXNlcjUwODM4NA==",
                "organizations_url": "https://api.github.com/users/keean/orgs",
                "received_events_url": "https://api.github.com/users/keean/received_events",
                "repos_url": "https://api.github.com/users/keean/repos",
                "site_admin": false,
                "starred_url": "https://api.github.com/users/keean/starred{/owner}{/repo}",
                "subscriptions_url": "https://api.github.com/users/keean/subscriptions",
                "type": "User",
                "url": "https://api.github.com/users/keean"
            }
        },
        {
            "author_association": "NONE",
            "body": "@keean please add a label for the resolution thus far. \"Accepted\" or \"Decided\"?\n",
            "created_at": "2016-09-22T12:56:55Z",
            "html_url": "https://github.com/keean/zenscript/issues/7#issuecomment-248895881",
            "id": 248895881,
            "issue_url": "https://api.github.com/repos/keean/zenscript/issues/7",
            "node_id": "MDEyOklzc3VlQ29tbWVudDI0ODg5NTg4MQ==",
            "updated_at": "2016-09-22T13:05:39Z",
            "url": "https://api.github.com/repos/keean/zenscript/issues/comments/248895881",
            "user": {
                "avatar_url": "https://avatars3.githubusercontent.com/u/247731?v=4",
                "events_url": "https://api.github.com/users/shelby3/events{/privacy}",
                "followers_url": "https://api.github.com/users/shelby3/followers",
                "following_url": "https://api.github.com/users/shelby3/following{/other_user}",
                "gists_url": "https://api.github.com/users/shelby3/gists{/gist_id}",
                "gravatar_id": "",
                "html_url": "https://github.com/shelby3",
                "id": 247731,
                "login": "shelby3",
                "node_id": "MDQ6VXNlcjI0NzczMQ==",
                "organizations_url": "https://api.github.com/users/shelby3/orgs",
                "received_events_url": "https://api.github.com/users/shelby3/received_events",
                "repos_url": "https://api.github.com/users/shelby3/repos",
                "site_admin": false,
                "starred_url": "https://api.github.com/users/shelby3/starred{/owner}{/repo}",
                "subscriptions_url": "https://api.github.com/users/shelby3/subscriptions",
                "type": "User",
                "url": "https://api.github.com/users/shelby3"
            }
        },
        {
            "author_association": "OWNER",
            "body": "Yes, I am on my mobile at the moment and can't see how to do it. Will mark when I get home. Is accepted or decided better?\n",
            "created_at": "2016-09-22T12:59:29Z",
            "html_url": "https://github.com/keean/zenscript/issues/7#issuecomment-248896445",
            "id": 248896445,
            "issue_url": "https://api.github.com/repos/keean/zenscript/issues/7",
            "node_id": "MDEyOklzc3VlQ29tbWVudDI0ODg5NjQ0NQ==",
            "updated_at": "2016-09-22T12:59:29Z",
            "url": "https://api.github.com/repos/keean/zenscript/issues/comments/248896445",
            "user": {
                "avatar_url": "https://avatars2.githubusercontent.com/u/508384?v=4",
                "events_url": "https://api.github.com/users/keean/events{/privacy}",
                "followers_url": "https://api.github.com/users/keean/followers",
                "following_url": "https://api.github.com/users/keean/following{/other_user}",
                "gists_url": "https://api.github.com/users/keean/gists{/gist_id}",
                "gravatar_id": "",
                "html_url": "https://github.com/keean",
                "id": 508384,
                "login": "keean",
                "node_id": "MDQ6VXNlcjUwODM4NA==",
                "organizations_url": "https://api.github.com/users/keean/orgs",
                "received_events_url": "https://api.github.com/users/keean/received_events",
                "repos_url": "https://api.github.com/users/keean/repos",
                "site_admin": false,
                "starred_url": "https://api.github.com/users/keean/starred{/owner}{/repo}",
                "subscriptions_url": "https://api.github.com/users/keean/subscriptions",
                "type": "User",
                "url": "https://api.github.com/users/keean"
            }
        },
        {
            "author_association": "NONE",
            "body": "For consistency, \"Accepted\" seems adequate to me. A proposal was put forward to choose a syntax analogous to a proposal being put forward to choose a better name than TraitScript. This proposal was decided and accepted.\n",
            "created_at": "2016-09-22T13:02:58Z",
            "html_url": "https://github.com/keean/zenscript/issues/7#issuecomment-248897226",
            "id": 248897226,
            "issue_url": "https://api.github.com/repos/keean/zenscript/issues/7",
            "node_id": "MDEyOklzc3VlQ29tbWVudDI0ODg5NzIyNg==",
            "updated_at": "2016-09-22T13:02:58Z",
            "url": "https://api.github.com/repos/keean/zenscript/issues/comments/248897226",
            "user": {
                "avatar_url": "https://avatars3.githubusercontent.com/u/247731?v=4",
                "events_url": "https://api.github.com/users/shelby3/events{/privacy}",
                "followers_url": "https://api.github.com/users/shelby3/followers",
                "following_url": "https://api.github.com/users/shelby3/following{/other_user}",
                "gists_url": "https://api.github.com/users/shelby3/gists{/gist_id}",
                "gravatar_id": "",
                "html_url": "https://github.com/shelby3",
                "id": 247731,
                "login": "shelby3",
                "node_id": "MDQ6VXNlcjI0NzczMQ==",
                "organizations_url": "https://api.github.com/users/shelby3/orgs",
                "received_events_url": "https://api.github.com/users/shelby3/received_events",
                "repos_url": "https://api.github.com/users/shelby3/repos",
                "site_admin": false,
                "starred_url": "https://api.github.com/users/shelby3/starred{/owner}{/repo}",
                "subscriptions_url": "https://api.github.com/users/shelby3/subscriptions",
                "type": "User",
                "url": "https://api.github.com/users/shelby3"
            }
        },
        {
            "author_association": "NONE",
            "body": "@keean wrote:\n\n> The type-consructor is the bit like `Add`.\n\nAh, you are referring to [kinds](https://en.wikipedia.org/wiki/Kind_%28type_theory%29)? ~~I was conflating with instance construction?~~\n\n**Edit:** now I remember my confusion. The type parameter syntax might also apply to functions (if we don't choose [my proposed less verbose type parameter syntax for functions](https://github.com/keean/zenscript/issues/6#issuecomment-248742773)), not just to kinds. So it seems the title of the Issue is incorrect. You could edit it, to make it more clear it about type parameter declaration, not something about kinds. Then again, if we adopt my less verbose type parameter syntax for functions, then your title ends up more or less correct.\n",
            "created_at": "2016-09-22T13:15:40Z",
            "html_url": "https://github.com/keean/zenscript/issues/7#issuecomment-248900177",
            "id": 248900177,
            "issue_url": "https://api.github.com/repos/keean/zenscript/issues/7",
            "node_id": "MDEyOklzc3VlQ29tbWVudDI0ODkwMDE3Nw==",
            "updated_at": "2016-09-22T13:19:18Z",
            "url": "https://api.github.com/repos/keean/zenscript/issues/comments/248900177",
            "user": {
                "avatar_url": "https://avatars3.githubusercontent.com/u/247731?v=4",
                "events_url": "https://api.github.com/users/shelby3/events{/privacy}",
                "followers_url": "https://api.github.com/users/shelby3/followers",
                "following_url": "https://api.github.com/users/shelby3/following{/other_user}",
                "gists_url": "https://api.github.com/users/shelby3/gists{/gist_id}",
                "gravatar_id": "",
                "html_url": "https://github.com/shelby3",
                "id": 247731,
                "login": "shelby3",
                "node_id": "MDQ6VXNlcjI0NzczMQ==",
                "organizations_url": "https://api.github.com/users/shelby3/orgs",
                "received_events_url": "https://api.github.com/users/shelby3/received_events",
                "repos_url": "https://api.github.com/users/shelby3/repos",
                "site_admin": false,
                "starred_url": "https://api.github.com/users/shelby3/starred{/owner}{/repo}",
                "subscriptions_url": "https://api.github.com/users/shelby3/subscriptions",
                "type": "User",
                "url": "https://api.github.com/users/shelby3"
            }
        },
        {
            "author_association": "NONE",
            "body": "@shelby3 wrote:\n\n> For consistency, \"Accepted\" seems adequate to me. A proposal was put forward to choose a syntax analogous to a proposal being put forward to choose a better name than TraitScript. This proposal was decided and accepted.\n\nOn further thought, you could use \"Decided\" to differentiate reason for issue closure when the discussion was not a proposal that could be denied, but rather a discussion that could only be closed upon mutual community agreement. For example, when we eventually close the \"Subtyping\" Issue #8.\n",
            "created_at": "2016-09-22T13:29:16Z",
            "html_url": "https://github.com/keean/zenscript/issues/7#issuecomment-248903438",
            "id": 248903438,
            "issue_url": "https://api.github.com/repos/keean/zenscript/issues/7",
            "node_id": "MDEyOklzc3VlQ29tbWVudDI0ODkwMzQzOA==",
            "updated_at": "2016-09-22T13:32:10Z",
            "url": "https://api.github.com/repos/keean/zenscript/issues/comments/248903438",
            "user": {
                "avatar_url": "https://avatars3.githubusercontent.com/u/247731?v=4",
                "events_url": "https://api.github.com/users/shelby3/events{/privacy}",
                "followers_url": "https://api.github.com/users/shelby3/followers",
                "following_url": "https://api.github.com/users/shelby3/following{/other_user}",
                "gists_url": "https://api.github.com/users/shelby3/gists{/gist_id}",
                "gravatar_id": "",
                "html_url": "https://github.com/shelby3",
                "id": 247731,
                "login": "shelby3",
                "node_id": "MDQ6VXNlcjI0NzczMQ==",
                "organizations_url": "https://api.github.com/users/shelby3/orgs",
                "received_events_url": "https://api.github.com/users/shelby3/received_events",
                "repos_url": "https://api.github.com/users/shelby3/repos",
                "site_admin": false,
                "starred_url": "https://api.github.com/users/shelby3/starred{/owner}{/repo}",
                "subscriptions_url": "https://api.github.com/users/shelby3/subscriptions",
                "type": "User",
                "url": "https://api.github.com/users/shelby3"
            }
        },
        {
            "author_association": "NONE",
            "body": "Reminding to attach a label \"Decided\" to this closed Issue.\n",
            "created_at": "2016-09-23T18:43:47Z",
            "html_url": "https://github.com/keean/zenscript/issues/7#issuecomment-249271641",
            "id": 249271641,
            "issue_url": "https://api.github.com/repos/keean/zenscript/issues/7",
            "node_id": "MDEyOklzc3VlQ29tbWVudDI0OTI3MTY0MQ==",
            "updated_at": "2016-09-23T18:43:47Z",
            "url": "https://api.github.com/repos/keean/zenscript/issues/comments/249271641",
            "user": {
                "avatar_url": "https://avatars3.githubusercontent.com/u/247731?v=4",
                "events_url": "https://api.github.com/users/shelby3/events{/privacy}",
                "followers_url": "https://api.github.com/users/shelby3/followers",
                "following_url": "https://api.github.com/users/shelby3/following{/other_user}",
                "gists_url": "https://api.github.com/users/shelby3/gists{/gist_id}",
                "gravatar_id": "",
                "html_url": "https://github.com/shelby3",
                "id": 247731,
                "login": "shelby3",
                "node_id": "MDQ6VXNlcjI0NzczMQ==",
                "organizations_url": "https://api.github.com/users/shelby3/orgs",
                "received_events_url": "https://api.github.com/users/shelby3/received_events",
                "repos_url": "https://api.github.com/users/shelby3/repos",
                "site_admin": false,
                "starred_url": "https://api.github.com/users/shelby3/starred{/owner}{/repo}",
                "subscriptions_url": "https://api.github.com/users/shelby3/subscriptions",
                "type": "User",
                "url": "https://api.github.com/users/shelby3"
            }
        }
    ],
    "comments": 17,
    "comments_url": "https://api.github.com/repos/keean/zenscript/issues/7/comments",
    "created_at": "2016-09-21T10:23:57Z",
    "event_data": [
        {
            "actor": {
                "avatar_url": "https://avatars2.githubusercontent.com/u/508384?v=4",
                "events_url": "https://api.github.com/users/keean/events{/privacy}",
                "followers_url": "https://api.github.com/users/keean/followers",
                "following_url": "https://api.github.com/users/keean/following{/other_user}",
                "gists_url": "https://api.github.com/users/keean/gists{/gist_id}",
                "gravatar_id": "",
                "html_url": "https://github.com/keean",
                "id": 508384,
                "login": "keean",
                "node_id": "MDQ6VXNlcjUwODM4NA==",
                "organizations_url": "https://api.github.com/users/keean/orgs",
                "received_events_url": "https://api.github.com/users/keean/received_events",
                "repos_url": "https://api.github.com/users/keean/repos",
                "site_admin": false,
                "starred_url": "https://api.github.com/users/keean/starred{/owner}{/repo}",
                "subscriptions_url": "https://api.github.com/users/keean/subscriptions",
                "type": "User",
                "url": "https://api.github.com/users/keean"
            },
            "commit_id": null,
            "commit_url": null,
            "created_at": "2016-09-21T22:07:40Z",
            "event": "mentioned",
            "id": 798080035,
            "node_id": "MDE0Ok1lbnRpb25lZEV2ZW50Nzk4MDgwMDM1",
            "url": "https://api.github.com/repos/keean/zenscript/issues/events/798080035"
        },
        {
            "actor": {
                "avatar_url": "https://avatars2.githubusercontent.com/u/508384?v=4",
                "events_url": "https://api.github.com/users/keean/events{/privacy}",
                "followers_url": "https://api.github.com/users/keean/followers",
                "following_url": "https://api.github.com/users/keean/following{/other_user}",
                "gists_url": "https://api.github.com/users/keean/gists{/gist_id}",
                "gravatar_id": "",
                "html_url": "https://github.com/keean",
                "id": 508384,
                "login": "keean",
                "node_id": "MDQ6VXNlcjUwODM4NA==",
                "organizations_url": "https://api.github.com/users/keean/orgs",
                "received_events_url": "https://api.github.com/users/keean/received_events",
                "repos_url": "https://api.github.com/users/keean/repos",
                "site_admin": false,
                "starred_url": "https://api.github.com/users/keean/starred{/owner}{/repo}",
                "subscriptions_url": "https://api.github.com/users/keean/subscriptions",
                "type": "User",
                "url": "https://api.github.com/users/keean"
            },
            "commit_id": null,
            "commit_url": null,
            "created_at": "2016-09-21T22:07:40Z",
            "event": "subscribed",
            "id": 798080037,
            "node_id": "MDE1OlN1YnNjcmliZWRFdmVudDc5ODA4MDAzNw==",
            "url": "https://api.github.com/repos/keean/zenscript/issues/events/798080037"
        },
        {
            "actor": {
                "avatar_url": "https://avatars2.githubusercontent.com/u/508384?v=4",
                "events_url": "https://api.github.com/users/keean/events{/privacy}",
                "followers_url": "https://api.github.com/users/keean/followers",
                "following_url": "https://api.github.com/users/keean/following{/other_user}",
                "gists_url": "https://api.github.com/users/keean/gists{/gist_id}",
                "gravatar_id": "",
                "html_url": "https://github.com/keean",
                "id": 508384,
                "login": "keean",
                "node_id": "MDQ6VXNlcjUwODM4NA==",
                "organizations_url": "https://api.github.com/users/keean/orgs",
                "received_events_url": "https://api.github.com/users/keean/received_events",
                "repos_url": "https://api.github.com/users/keean/repos",
                "site_admin": false,
                "starred_url": "https://api.github.com/users/keean/starred{/owner}{/repo}",
                "subscriptions_url": "https://api.github.com/users/keean/subscriptions",
                "type": "User",
                "url": "https://api.github.com/users/keean"
            },
            "commit_id": null,
            "commit_url": null,
            "created_at": "2016-09-21T22:53:00Z",
            "event": "mentioned",
            "id": 798133380,
            "node_id": "MDE0Ok1lbnRpb25lZEV2ZW50Nzk4MTMzMzgw",
            "url": "https://api.github.com/repos/keean/zenscript/issues/events/798133380"
        },
        {
            "actor": {
                "avatar_url": "https://avatars2.githubusercontent.com/u/508384?v=4",
                "events_url": "https://api.github.com/users/keean/events{/privacy}",
                "followers_url": "https://api.github.com/users/keean/followers",
                "following_url": "https://api.github.com/users/keean/following{/other_user}",
                "gists_url": "https://api.github.com/users/keean/gists{/gist_id}",
                "gravatar_id": "",
                "html_url": "https://github.com/keean",
                "id": 508384,
                "login": "keean",
                "node_id": "MDQ6VXNlcjUwODM4NA==",
                "organizations_url": "https://api.github.com/users/keean/orgs",
                "received_events_url": "https://api.github.com/users/keean/received_events",
                "repos_url": "https://api.github.com/users/keean/repos",
                "site_admin": false,
                "starred_url": "https://api.github.com/users/keean/starred{/owner}{/repo}",
                "subscriptions_url": "https://api.github.com/users/keean/subscriptions",
                "type": "User",
                "url": "https://api.github.com/users/keean"
            },
            "commit_id": null,
            "commit_url": null,
            "created_at": "2016-09-21T22:53:00Z",
            "event": "subscribed",
            "id": 798133381,
            "node_id": "MDE1OlN1YnNjcmliZWRFdmVudDc5ODEzMzM4MQ==",
            "url": "https://api.github.com/repos/keean/zenscript/issues/events/798133381"
        },
        {
            "actor": {
                "avatar_url": "https://avatars2.githubusercontent.com/u/508384?v=4",
                "events_url": "https://api.github.com/users/keean/events{/privacy}",
                "followers_url": "https://api.github.com/users/keean/followers",
                "following_url": "https://api.github.com/users/keean/following{/other_user}",
                "gists_url": "https://api.github.com/users/keean/gists{/gist_id}",
                "gravatar_id": "",
                "html_url": "https://github.com/keean",
                "id": 508384,
                "login": "keean",
                "node_id": "MDQ6VXNlcjUwODM4NA==",
                "organizations_url": "https://api.github.com/users/keean/orgs",
                "received_events_url": "https://api.github.com/users/keean/received_events",
                "repos_url": "https://api.github.com/users/keean/repos",
                "site_admin": false,
                "starred_url": "https://api.github.com/users/keean/starred{/owner}{/repo}",
                "subscriptions_url": "https://api.github.com/users/keean/subscriptions",
                "type": "User",
                "url": "https://api.github.com/users/keean"
            },
            "commit_id": null,
            "commit_url": null,
            "created_at": "2016-09-21T23:29:57Z",
            "event": "mentioned",
            "id": 798165547,
            "node_id": "MDE0Ok1lbnRpb25lZEV2ZW50Nzk4MTY1NTQ3",
            "url": "https://api.github.com/repos/keean/zenscript/issues/events/798165547"
        },
        {
            "actor": {
                "avatar_url": "https://avatars2.githubusercontent.com/u/508384?v=4",
                "events_url": "https://api.github.com/users/keean/events{/privacy}",
                "followers_url": "https://api.github.com/users/keean/followers",
                "following_url": "https://api.github.com/users/keean/following{/other_user}",
                "gists_url": "https://api.github.com/users/keean/gists{/gist_id}",
                "gravatar_id": "",
                "html_url": "https://github.com/keean",
                "id": 508384,
                "login": "keean",
                "node_id": "MDQ6VXNlcjUwODM4NA==",
                "organizations_url": "https://api.github.com/users/keean/orgs",
                "received_events_url": "https://api.github.com/users/keean/received_events",
                "repos_url": "https://api.github.com/users/keean/repos",
                "site_admin": false,
                "starred_url": "https://api.github.com/users/keean/starred{/owner}{/repo}",
                "subscriptions_url": "https://api.github.com/users/keean/subscriptions",
                "type": "User",
                "url": "https://api.github.com/users/keean"
            },
            "commit_id": null,
            "commit_url": null,
            "created_at": "2016-09-21T23:29:57Z",
            "event": "subscribed",
            "id": 798165549,
            "node_id": "MDE1OlN1YnNjcmliZWRFdmVudDc5ODE2NTU0OQ==",
            "url": "https://api.github.com/repos/keean/zenscript/issues/events/798165549"
        },
        {
            "actor": {
                "avatar_url": "https://avatars2.githubusercontent.com/u/508384?v=4",
                "events_url": "https://api.github.com/users/keean/events{/privacy}",
                "followers_url": "https://api.github.com/users/keean/followers",
                "following_url": "https://api.github.com/users/keean/following{/other_user}",
                "gists_url": "https://api.github.com/users/keean/gists{/gist_id}",
                "gravatar_id": "",
                "html_url": "https://github.com/keean",
                "id": 508384,
                "login": "keean",
                "node_id": "MDQ6VXNlcjUwODM4NA==",
                "organizations_url": "https://api.github.com/users/keean/orgs",
                "received_events_url": "https://api.github.com/users/keean/received_events",
                "repos_url": "https://api.github.com/users/keean/repos",
                "site_admin": false,
                "starred_url": "https://api.github.com/users/keean/starred{/owner}{/repo}",
                "subscriptions_url": "https://api.github.com/users/keean/subscriptions",
                "type": "User",
                "url": "https://api.github.com/users/keean"
            },
            "commit_id": null,
            "commit_url": null,
            "created_at": "2016-09-21T23:38:11Z",
            "event": "mentioned",
            "id": 798171809,
            "node_id": "MDE0Ok1lbnRpb25lZEV2ZW50Nzk4MTcxODA5",
            "url": "https://api.github.com/repos/keean/zenscript/issues/events/798171809"
        },
        {
            "actor": {
                "avatar_url": "https://avatars2.githubusercontent.com/u/508384?v=4",
                "events_url": "https://api.github.com/users/keean/events{/privacy}",
                "followers_url": "https://api.github.com/users/keean/followers",
                "following_url": "https://api.github.com/users/keean/following{/other_user}",
                "gists_url": "https://api.github.com/users/keean/gists{/gist_id}",
                "gravatar_id": "",
                "html_url": "https://github.com/keean",
                "id": 508384,
                "login": "keean",
                "node_id": "MDQ6VXNlcjUwODM4NA==",
                "organizations_url": "https://api.github.com/users/keean/orgs",
                "received_events_url": "https://api.github.com/users/keean/received_events",
                "repos_url": "https://api.github.com/users/keean/repos",
                "site_admin": false,
                "starred_url": "https://api.github.com/users/keean/starred{/owner}{/repo}",
                "subscriptions_url": "https://api.github.com/users/keean/subscriptions",
                "type": "User",
                "url": "https://api.github.com/users/keean"
            },
            "commit_id": null,
            "commit_url": null,
            "created_at": "2016-09-21T23:38:11Z",
            "event": "subscribed",
            "id": 798171810,
            "node_id": "MDE1OlN1YnNjcmliZWRFdmVudDc5ODE3MTgxMA==",
            "url": "https://api.github.com/repos/keean/zenscript/issues/events/798171810"
        },
        {
            "actor": {
                "avatar_url": "https://avatars2.githubusercontent.com/u/508384?v=4",
                "events_url": "https://api.github.com/users/keean/events{/privacy}",
                "followers_url": "https://api.github.com/users/keean/followers",
                "following_url": "https://api.github.com/users/keean/following{/other_user}",
                "gists_url": "https://api.github.com/users/keean/gists{/gist_id}",
                "gravatar_id": "",
                "html_url": "https://github.com/keean",
                "id": 508384,
                "login": "keean",
                "node_id": "MDQ6VXNlcjUwODM4NA==",
                "organizations_url": "https://api.github.com/users/keean/orgs",
                "received_events_url": "https://api.github.com/users/keean/received_events",
                "repos_url": "https://api.github.com/users/keean/repos",
                "site_admin": false,
                "starred_url": "https://api.github.com/users/keean/starred{/owner}{/repo}",
                "subscriptions_url": "https://api.github.com/users/keean/subscriptions",
                "type": "User",
                "url": "https://api.github.com/users/keean"
            },
            "commit_id": null,
            "commit_url": null,
            "created_at": "2016-09-22T08:53:05Z",
            "event": "closed",
            "id": 798551275,
            "node_id": "MDExOkNsb3NlZEV2ZW50Nzk4NTUxMjc1",
            "url": "https://api.github.com/repos/keean/zenscript/issues/events/798551275"
        },
        {
            "actor": {
                "avatar_url": "https://avatars2.githubusercontent.com/u/508384?v=4",
                "events_url": "https://api.github.com/users/keean/events{/privacy}",
                "followers_url": "https://api.github.com/users/keean/followers",
                "following_url": "https://api.github.com/users/keean/following{/other_user}",
                "gists_url": "https://api.github.com/users/keean/gists{/gist_id}",
                "gravatar_id": "",
                "html_url": "https://github.com/keean",
                "id": 508384,
                "login": "keean",
                "node_id": "MDQ6VXNlcjUwODM4NA==",
                "organizations_url": "https://api.github.com/users/keean/orgs",
                "received_events_url": "https://api.github.com/users/keean/received_events",
                "repos_url": "https://api.github.com/users/keean/repos",
                "site_admin": false,
                "starred_url": "https://api.github.com/users/keean/starred{/owner}{/repo}",
                "subscriptions_url": "https://api.github.com/users/keean/subscriptions",
                "type": "User",
                "url": "https://api.github.com/users/keean"
            },
            "commit_id": null,
            "commit_url": null,
            "created_at": "2016-09-22T12:57:36Z",
            "event": "mentioned",
            "id": 798810375,
            "node_id": "MDE0Ok1lbnRpb25lZEV2ZW50Nzk4ODEwMzc1",
            "url": "https://api.github.com/repos/keean/zenscript/issues/events/798810375"
        },
        {
            "actor": {
                "avatar_url": "https://avatars2.githubusercontent.com/u/508384?v=4",
                "events_url": "https://api.github.com/users/keean/events{/privacy}",
                "followers_url": "https://api.github.com/users/keean/followers",
                "following_url": "https://api.github.com/users/keean/following{/other_user}",
                "gists_url": "https://api.github.com/users/keean/gists{/gist_id}",
                "gravatar_id": "",
                "html_url": "https://github.com/keean",
                "id": 508384,
                "login": "keean",
                "node_id": "MDQ6VXNlcjUwODM4NA==",
                "organizations_url": "https://api.github.com/users/keean/orgs",
                "received_events_url": "https://api.github.com/users/keean/received_events",
                "repos_url": "https://api.github.com/users/keean/repos",
                "site_admin": false,
                "starred_url": "https://api.github.com/users/keean/starred{/owner}{/repo}",
                "subscriptions_url": "https://api.github.com/users/keean/subscriptions",
                "type": "User",
                "url": "https://api.github.com/users/keean"
            },
            "commit_id": null,
            "commit_url": null,
            "created_at": "2016-09-22T12:57:36Z",
            "event": "subscribed",
            "id": 798810376,
            "node_id": "MDE1OlN1YnNjcmliZWRFdmVudDc5ODgxMDM3Ng==",
            "url": "https://api.github.com/repos/keean/zenscript/issues/events/798810376"
        },
        {
            "actor": {
                "avatar_url": "https://avatars2.githubusercontent.com/u/508384?v=4",
                "events_url": "https://api.github.com/users/keean/events{/privacy}",
                "followers_url": "https://api.github.com/users/keean/followers",
                "following_url": "https://api.github.com/users/keean/following{/other_user}",
                "gists_url": "https://api.github.com/users/keean/gists{/gist_id}",
                "gravatar_id": "",
                "html_url": "https://github.com/keean",
                "id": 508384,
                "login": "keean",
                "node_id": "MDQ6VXNlcjUwODM4NA==",
                "organizations_url": "https://api.github.com/users/keean/orgs",
                "received_events_url": "https://api.github.com/users/keean/received_events",
                "repos_url": "https://api.github.com/users/keean/repos",
                "site_admin": false,
                "starred_url": "https://api.github.com/users/keean/starred{/owner}{/repo}",
                "subscriptions_url": "https://api.github.com/users/keean/subscriptions",
                "type": "User",
                "url": "https://api.github.com/users/keean"
            },
            "commit_id": null,
            "commit_url": null,
            "created_at": "2016-09-22T13:00:49Z",
            "event": "mentioned",
            "id": 798814139,
            "node_id": "MDE0Ok1lbnRpb25lZEV2ZW50Nzk4ODE0MTM5",
            "url": "https://api.github.com/repos/keean/zenscript/issues/events/798814139"
        },
        {
            "actor": {
                "avatar_url": "https://avatars2.githubusercontent.com/u/508384?v=4",
                "events_url": "https://api.github.com/users/keean/events{/privacy}",
                "followers_url": "https://api.github.com/users/keean/followers",
                "following_url": "https://api.github.com/users/keean/following{/other_user}",
                "gists_url": "https://api.github.com/users/keean/gists{/gist_id}",
                "gravatar_id": "",
                "html_url": "https://github.com/keean",
                "id": 508384,
                "login": "keean",
                "node_id": "MDQ6VXNlcjUwODM4NA==",
                "organizations_url": "https://api.github.com/users/keean/orgs",
                "received_events_url": "https://api.github.com/users/keean/received_events",
                "repos_url": "https://api.github.com/users/keean/repos",
                "site_admin": false,
                "starred_url": "https://api.github.com/users/keean/starred{/owner}{/repo}",
                "subscriptions_url": "https://api.github.com/users/keean/subscriptions",
                "type": "User",
                "url": "https://api.github.com/users/keean"
            },
            "commit_id": null,
            "commit_url": null,
            "created_at": "2016-09-22T13:00:49Z",
            "event": "subscribed",
            "id": 798814140,
            "node_id": "MDE1OlN1YnNjcmliZWRFdmVudDc5ODgxNDE0MA==",
            "url": "https://api.github.com/repos/keean/zenscript/issues/events/798814140"
        },
        {
            "actor": {
                "avatar_url": "https://avatars2.githubusercontent.com/u/508384?v=4",
                "events_url": "https://api.github.com/users/keean/events{/privacy}",
                "followers_url": "https://api.github.com/users/keean/followers",
                "following_url": "https://api.github.com/users/keean/following{/other_user}",
                "gists_url": "https://api.github.com/users/keean/gists{/gist_id}",
                "gravatar_id": "",
                "html_url": "https://github.com/keean",
                "id": 508384,
                "login": "keean",
                "node_id": "MDQ6VXNlcjUwODM4NA==",
                "organizations_url": "https://api.github.com/users/keean/orgs",
                "received_events_url": "https://api.github.com/users/keean/received_events",
                "repos_url": "https://api.github.com/users/keean/repos",
                "site_admin": false,
                "starred_url": "https://api.github.com/users/keean/starred{/owner}{/repo}",
                "subscriptions_url": "https://api.github.com/users/keean/subscriptions",
                "type": "User",
                "url": "https://api.github.com/users/keean"
            },
            "commit_id": null,
            "commit_url": null,
            "created_at": "2016-09-22T13:09:44Z",
            "event": "mentioned",
            "id": 798824818,
            "node_id": "MDE0Ok1lbnRpb25lZEV2ZW50Nzk4ODI0ODE4",
            "url": "https://api.github.com/repos/keean/zenscript/issues/events/798824818"
        },
        {
            "actor": {
                "avatar_url": "https://avatars2.githubusercontent.com/u/508384?v=4",
                "events_url": "https://api.github.com/users/keean/events{/privacy}",
                "followers_url": "https://api.github.com/users/keean/followers",
                "following_url": "https://api.github.com/users/keean/following{/other_user}",
                "gists_url": "https://api.github.com/users/keean/gists{/gist_id}",
                "gravatar_id": "",
                "html_url": "https://github.com/keean",
                "id": 508384,
                "login": "keean",
                "node_id": "MDQ6VXNlcjUwODM4NA==",
                "organizations_url": "https://api.github.com/users/keean/orgs",
                "received_events_url": "https://api.github.com/users/keean/received_events",
                "repos_url": "https://api.github.com/users/keean/repos",
                "site_admin": false,
                "starred_url": "https://api.github.com/users/keean/starred{/owner}{/repo}",
                "subscriptions_url": "https://api.github.com/users/keean/subscriptions",
                "type": "User",
                "url": "https://api.github.com/users/keean"
            },
            "commit_id": null,
            "commit_url": null,
            "created_at": "2016-09-22T13:09:44Z",
            "event": "subscribed",
            "id": 798824819,
            "node_id": "MDE1OlN1YnNjcmliZWRFdmVudDc5ODgyNDgxOQ==",
            "url": "https://api.github.com/repos/keean/zenscript/issues/events/798824819"
        },
        {
            "actor": {
                "avatar_url": "https://avatars2.githubusercontent.com/u/508384?v=4",
                "events_url": "https://api.github.com/users/keean/events{/privacy}",
                "followers_url": "https://api.github.com/users/keean/followers",
                "following_url": "https://api.github.com/users/keean/following{/other_user}",
                "gists_url": "https://api.github.com/users/keean/gists{/gist_id}",
                "gravatar_id": "",
                "html_url": "https://github.com/keean",
                "id": 508384,
                "login": "keean",
                "node_id": "MDQ6VXNlcjUwODM4NA==",
                "organizations_url": "https://api.github.com/users/keean/orgs",
                "received_events_url": "https://api.github.com/users/keean/received_events",
                "repos_url": "https://api.github.com/users/keean/repos",
                "site_admin": false,
                "starred_url": "https://api.github.com/users/keean/starred{/owner}{/repo}",
                "subscriptions_url": "https://api.github.com/users/keean/subscriptions",
                "type": "User",
                "url": "https://api.github.com/users/keean"
            },
            "commit_id": null,
            "commit_url": null,
            "created_at": "2016-09-22T13:15:40Z",
            "event": "mentioned",
            "id": 798832394,
            "node_id": "MDE0Ok1lbnRpb25lZEV2ZW50Nzk4ODMyMzk0",
            "url": "https://api.github.com/repos/keean/zenscript/issues/events/798832394"
        },
        {
            "actor": {
                "avatar_url": "https://avatars2.githubusercontent.com/u/508384?v=4",
                "events_url": "https://api.github.com/users/keean/events{/privacy}",
                "followers_url": "https://api.github.com/users/keean/followers",
                "following_url": "https://api.github.com/users/keean/following{/other_user}",
                "gists_url": "https://api.github.com/users/keean/gists{/gist_id}",
                "gravatar_id": "",
                "html_url": "https://github.com/keean",
                "id": 508384,
                "login": "keean",
                "node_id": "MDQ6VXNlcjUwODM4NA==",
                "organizations_url": "https://api.github.com/users/keean/orgs",
                "received_events_url": "https://api.github.com/users/keean/received_events",
                "repos_url": "https://api.github.com/users/keean/repos",
                "site_admin": false,
                "starred_url": "https://api.github.com/users/keean/starred{/owner}{/repo}",
                "subscriptions_url": "https://api.github.com/users/keean/subscriptions",
                "type": "User",
                "url": "https://api.github.com/users/keean"
            },
            "commit_id": null,
            "commit_url": null,
            "created_at": "2016-09-22T13:15:40Z",
            "event": "subscribed",
            "id": 798832395,
            "node_id": "MDE1OlN1YnNjcmliZWRFdmVudDc5ODgzMjM5NQ==",
            "url": "https://api.github.com/repos/keean/zenscript/issues/events/798832395"
        },
        {
            "actor": {
                "avatar_url": "https://avatars3.githubusercontent.com/u/247731?v=4",
                "events_url": "https://api.github.com/users/shelby3/events{/privacy}",
                "followers_url": "https://api.github.com/users/shelby3/followers",
                "following_url": "https://api.github.com/users/shelby3/following{/other_user}",
                "gists_url": "https://api.github.com/users/shelby3/gists{/gist_id}",
                "gravatar_id": "",
                "html_url": "https://github.com/shelby3",
                "id": 247731,
                "login": "shelby3",
                "node_id": "MDQ6VXNlcjI0NzczMQ==",
                "organizations_url": "https://api.github.com/users/shelby3/orgs",
                "received_events_url": "https://api.github.com/users/shelby3/received_events",
                "repos_url": "https://api.github.com/users/shelby3/repos",
                "site_admin": false,
                "starred_url": "https://api.github.com/users/shelby3/starred{/owner}{/repo}",
                "subscriptions_url": "https://api.github.com/users/shelby3/subscriptions",
                "type": "User",
                "url": "https://api.github.com/users/shelby3"
            },
            "commit_id": null,
            "commit_url": null,
            "created_at": "2016-09-22T13:29:16Z",
            "event": "mentioned",
            "id": 798851233,
            "node_id": "MDE0Ok1lbnRpb25lZEV2ZW50Nzk4ODUxMjMz",
            "url": "https://api.github.com/repos/keean/zenscript/issues/events/798851233"
        },
        {
            "actor": {
                "avatar_url": "https://avatars3.githubusercontent.com/u/247731?v=4",
                "events_url": "https://api.github.com/users/shelby3/events{/privacy}",
                "followers_url": "https://api.github.com/users/shelby3/followers",
                "following_url": "https://api.github.com/users/shelby3/following{/other_user}",
                "gists_url": "https://api.github.com/users/shelby3/gists{/gist_id}",
                "gravatar_id": "",
                "html_url": "https://github.com/shelby3",
                "id": 247731,
                "login": "shelby3",
                "node_id": "MDQ6VXNlcjI0NzczMQ==",
                "organizations_url": "https://api.github.com/users/shelby3/orgs",
                "received_events_url": "https://api.github.com/users/shelby3/received_events",
                "repos_url": "https://api.github.com/users/shelby3/repos",
                "site_admin": false,
                "starred_url": "https://api.github.com/users/shelby3/starred{/owner}{/repo}",
                "subscriptions_url": "https://api.github.com/users/shelby3/subscriptions",
                "type": "User",
                "url": "https://api.github.com/users/shelby3"
            },
            "commit_id": null,
            "commit_url": null,
            "created_at": "2016-09-22T13:29:16Z",
            "event": "subscribed",
            "id": 798851237,
            "node_id": "MDE1OlN1YnNjcmliZWRFdmVudDc5ODg1MTIzNw==",
            "url": "https://api.github.com/repos/keean/zenscript/issues/events/798851237"
        },
        {
            "actor": {
                "avatar_url": "https://avatars2.githubusercontent.com/u/508384?v=4",
                "events_url": "https://api.github.com/users/keean/events{/privacy}",
                "followers_url": "https://api.github.com/users/keean/followers",
                "following_url": "https://api.github.com/users/keean/following{/other_user}",
                "gists_url": "https://api.github.com/users/keean/gists{/gist_id}",
                "gravatar_id": "",
                "html_url": "https://github.com/keean",
                "id": 508384,
                "login": "keean",
                "node_id": "MDQ6VXNlcjUwODM4NA==",
                "organizations_url": "https://api.github.com/users/keean/orgs",
                "received_events_url": "https://api.github.com/users/keean/received_events",
                "repos_url": "https://api.github.com/users/keean/repos",
                "site_admin": false,
                "starred_url": "https://api.github.com/users/keean/starred{/owner}{/repo}",
                "subscriptions_url": "https://api.github.com/users/keean/subscriptions",
                "type": "User",
                "url": "https://api.github.com/users/keean"
            },
            "commit_id": null,
            "commit_url": null,
            "created_at": "2016-09-23T18:48:00Z",
            "event": "labeled",
            "id": 800809393,
            "label": {
                "color": "0e8a16",
                "name": "Decided"
            },
            "node_id": "MDEyOkxhYmVsZWRFdmVudDgwMDgwOTM5Mw==",
            "url": "https://api.github.com/repos/keean/zenscript/issues/events/800809393"
        }
    ],
    "events_url": "https://api.github.com/repos/keean/zenscript/issues/7/events",
    "html_url": "https://github.com/keean/zenscript/issues/7",
    "id": 178306253,
    "labels": [
        {
            "color": "006b75",
            "default": false,
            "id": 448468168,
            "name": "Decided",
            "node_id": "MDU6TGFiZWw0NDg0NjgxNjg=",
            "url": "https://api.github.com/repos/keean/zenscript/labels/Decided"
        }
    ],
    "labels_url": "https://api.github.com/repos/keean/zenscript/issues/7/labels{/name}",
    "locked": false,
    "milestone": null,
    "node_id": "MDU6SXNzdWUxNzgzMDYyNTM=",
    "number": 7,
    "repository_url": "https://api.github.com/repos/keean/zenscript",
    "state": "closed",
    "title": "Type Constructor Syntax",
    "updated_at": "2016-09-23T18:48:00Z",
    "url": "https://api.github.com/repos/keean/zenscript/issues/7",
    "user": {
        "avatar_url": "https://avatars2.githubusercontent.com/u/508384?v=4",
        "events_url": "https://api.github.com/users/keean/events{/privacy}",
        "followers_url": "https://api.github.com/users/keean/followers",
        "following_url": "https://api.github.com/users/keean/following{/other_user}",
        "gists_url": "https://api.github.com/users/keean/gists{/gist_id}",
        "gravatar_id": "",
        "html_url": "https://github.com/keean",
        "id": 508384,
        "login": "keean",
        "node_id": "MDQ6VXNlcjUwODM4NA==",
        "organizations_url": "https://api.github.com/users/keean/orgs",
        "received_events_url": "https://api.github.com/users/keean/received_events",
        "repos_url": "https://api.github.com/users/keean/repos",
        "site_admin": false,
        "starred_url": "https://api.github.com/users/keean/starred{/owner}{/repo}",
        "subscriptions_url": "https://api.github.com/users/keean/subscriptions",
        "type": "User",
        "url": "https://api.github.com/users/keean"
    }
}