{
    "assignee": null,
    "assignees": [],
    "author_association": "OWNER",
    "body": "Discussion about records vs objects\n",
    "closed_at": "2016-10-04T16:32:07Z",
    "comment_data": [
        {
            "author_association": "NONE",
            "body": "Please define the terms 'record' and 'object' and why they are not the same?\n\nOur misunderstandings arise when we have different perspectives on meanings and default semantics.\n",
            "created_at": "2016-09-23T02:18:45Z",
            "html_url": "https://github.com/keean/zenscript/issues/9#issuecomment-249085074",
            "id": 249085074,
            "issue_url": "https://api.github.com/repos/keean/zenscript/issues/9",
            "node_id": "MDEyOklzc3VlQ29tbWVudDI0OTA4NTA3NA==",
            "updated_at": "2016-09-23T02:20:28Z",
            "url": "https://api.github.com/repos/keean/zenscript/issues/comments/249085074",
            "user": {
                "avatar_url": "https://avatars3.githubusercontent.com/u/247731?v=4",
                "events_url": "https://api.github.com/users/shelby3/events{/privacy}",
                "followers_url": "https://api.github.com/users/shelby3/followers",
                "following_url": "https://api.github.com/users/shelby3/following{/other_user}",
                "gists_url": "https://api.github.com/users/shelby3/gists{/gist_id}",
                "gravatar_id": "",
                "html_url": "https://github.com/shelby3",
                "id": 247731,
                "login": "shelby3",
                "node_id": "MDQ6VXNlcjI0NzczMQ==",
                "organizations_url": "https://api.github.com/users/shelby3/orgs",
                "received_events_url": "https://api.github.com/users/shelby3/received_events",
                "repos_url": "https://api.github.com/users/shelby3/repos",
                "site_admin": false,
                "starred_url": "https://api.github.com/users/shelby3/starred{/owner}{/repo}",
                "subscriptions_url": "https://api.github.com/users/shelby3/subscriptions",
                "type": "User",
                "url": "https://api.github.com/users/shelby3"
            }
        },
        {
            "author_association": "NONE",
            "body": "[Link to](https://github.com/keean/zenscript/issues/1#issuecomment-249290773) potentially relevant discussion?\n",
            "created_at": "2016-09-23T20:12:31Z",
            "html_url": "https://github.com/keean/zenscript/issues/9#issuecomment-249290902",
            "id": 249290902,
            "issue_url": "https://api.github.com/repos/keean/zenscript/issues/9",
            "node_id": "MDEyOklzc3VlQ29tbWVudDI0OTI5MDkwMg==",
            "updated_at": "2016-09-23T20:12:31Z",
            "url": "https://api.github.com/repos/keean/zenscript/issues/comments/249290902",
            "user": {
                "avatar_url": "https://avatars3.githubusercontent.com/u/247731?v=4",
                "events_url": "https://api.github.com/users/shelby3/events{/privacy}",
                "followers_url": "https://api.github.com/users/shelby3/followers",
                "following_url": "https://api.github.com/users/shelby3/following{/other_user}",
                "gists_url": "https://api.github.com/users/shelby3/gists{/gist_id}",
                "gravatar_id": "",
                "html_url": "https://github.com/shelby3",
                "id": 247731,
                "login": "shelby3",
                "node_id": "MDQ6VXNlcjI0NzczMQ==",
                "organizations_url": "https://api.github.com/users/shelby3/orgs",
                "received_events_url": "https://api.github.com/users/shelby3/received_events",
                "repos_url": "https://api.github.com/users/shelby3/repos",
                "site_admin": false,
                "starred_url": "https://api.github.com/users/shelby3/starred{/owner}{/repo}",
                "subscriptions_url": "https://api.github.com/users/shelby3/subscriptions",
                "type": "User",
                "url": "https://api.github.com/users/shelby3"
            }
        },
        {
            "author_association": "OWNER",
            "body": "If you read the OOHaskell paper you will find that an object is the fixed point of a record. However I in general prefer to separate data and functions. \n\nA record is like a namespace, and a value of a record type is a particular implementation or value. In basic terms a record is like a `C` struct.\n",
            "created_at": "2016-09-23T21:05:00Z",
            "html_url": "https://github.com/keean/zenscript/issues/9#issuecomment-249302104",
            "id": 249302104,
            "issue_url": "https://api.github.com/repos/keean/zenscript/issues/9",
            "node_id": "MDEyOklzc3VlQ29tbWVudDI0OTMwMjEwNA==",
            "updated_at": "2016-09-23T21:05:00Z",
            "url": "https://api.github.com/repos/keean/zenscript/issues/comments/249302104",
            "user": {
                "avatar_url": "https://avatars2.githubusercontent.com/u/508384?v=4",
                "events_url": "https://api.github.com/users/keean/events{/privacy}",
                "followers_url": "https://api.github.com/users/keean/followers",
                "following_url": "https://api.github.com/users/keean/following{/other_user}",
                "gists_url": "https://api.github.com/users/keean/gists{/gist_id}",
                "gravatar_id": "",
                "html_url": "https://github.com/keean",
                "id": 508384,
                "login": "keean",
                "node_id": "MDQ6VXNlcjUwODM4NA==",
                "organizations_url": "https://api.github.com/users/keean/orgs",
                "received_events_url": "https://api.github.com/users/keean/received_events",
                "repos_url": "https://api.github.com/users/keean/repos",
                "site_admin": false,
                "starred_url": "https://api.github.com/users/keean/starred{/owner}{/repo}",
                "subscriptions_url": "https://api.github.com/users/keean/subscriptions",
                "type": "User",
                "url": "https://api.github.com/users/keean"
            }
        },
        {
            "author_association": "NONE",
            "body": "@keean wrote:\n\n> If you read the OOHaskell paper you will find that an object is the fixed point of a record.\n\nAre you referring to [page 15](http://camlunity.ru/swap/Library/Computer%20Science/Haskell/Haskell's%20Overlooked%20Object%20System.pdf#page=15), where setting the tail to the Unit type?\n\n[Again this seems](https://github.com/keean/zenscript/issues/8#issuecomment-249256278) to be a conclusion that is specific to Haskell's type system and how you are representing inheritance? And what does inheritance have to do with objects?\n",
            "created_at": "2016-09-23T21:26:09Z",
            "html_url": "https://github.com/keean/zenscript/issues/9#issuecomment-249306420",
            "id": 249306420,
            "issue_url": "https://api.github.com/repos/keean/zenscript/issues/9",
            "node_id": "MDEyOklzc3VlQ29tbWVudDI0OTMwNjQyMA==",
            "updated_at": "2016-09-23T21:28:09Z",
            "url": "https://api.github.com/repos/keean/zenscript/issues/comments/249306420",
            "user": {
                "avatar_url": "https://avatars3.githubusercontent.com/u/247731?v=4",
                "events_url": "https://api.github.com/users/shelby3/events{/privacy}",
                "followers_url": "https://api.github.com/users/shelby3/followers",
                "following_url": "https://api.github.com/users/shelby3/following{/other_user}",
                "gists_url": "https://api.github.com/users/shelby3/gists{/gist_id}",
                "gravatar_id": "",
                "html_url": "https://github.com/shelby3",
                "id": 247731,
                "login": "shelby3",
                "node_id": "MDQ6VXNlcjI0NzczMQ==",
                "organizations_url": "https://api.github.com/users/shelby3/orgs",
                "received_events_url": "https://api.github.com/users/shelby3/received_events",
                "repos_url": "https://api.github.com/users/shelby3/repos",
                "site_admin": false,
                "starred_url": "https://api.github.com/users/shelby3/starred{/owner}{/repo}",
                "subscriptions_url": "https://api.github.com/users/shelby3/subscriptions",
                "type": "User",
                "url": "https://api.github.com/users/shelby3"
            }
        },
        {
            "author_association": "OWNER",
            "body": "I think we are agreed to have simple objects. No inheritance just interfaces/type classes. Closing as decided.\n",
            "created_at": "2016-10-04T16:32:04Z",
            "html_url": "https://github.com/keean/zenscript/issues/9#issuecomment-251440741",
            "id": 251440741,
            "issue_url": "https://api.github.com/repos/keean/zenscript/issues/9",
            "node_id": "MDEyOklzc3VlQ29tbWVudDI1MTQ0MDc0MQ==",
            "updated_at": "2016-10-04T16:32:04Z",
            "url": "https://api.github.com/repos/keean/zenscript/issues/comments/251440741",
            "user": {
                "avatar_url": "https://avatars2.githubusercontent.com/u/508384?v=4",
                "events_url": "https://api.github.com/users/keean/events{/privacy}",
                "followers_url": "https://api.github.com/users/keean/followers",
                "following_url": "https://api.github.com/users/keean/following{/other_user}",
                "gists_url": "https://api.github.com/users/keean/gists{/gist_id}",
                "gravatar_id": "",
                "html_url": "https://github.com/keean",
                "id": 508384,
                "login": "keean",
                "node_id": "MDQ6VXNlcjUwODM4NA==",
                "organizations_url": "https://api.github.com/users/keean/orgs",
                "received_events_url": "https://api.github.com/users/keean/received_events",
                "repos_url": "https://api.github.com/users/keean/repos",
                "site_admin": false,
                "starred_url": "https://api.github.com/users/keean/starred{/owner}{/repo}",
                "subscriptions_url": "https://api.github.com/users/keean/subscriptions",
                "type": "User",
                "url": "https://api.github.com/users/keean"
            }
        },
        {
            "author_association": "NONE",
            "body": "You mean no virtual inheritance and no subclassing. But what about typeclass objects? And what about unions being subtypes? I don't think we can nail down those yet?\n",
            "created_at": "2016-10-04T16:52:46Z",
            "html_url": "https://github.com/keean/zenscript/issues/9#issuecomment-251446085",
            "id": 251446085,
            "issue_url": "https://api.github.com/repos/keean/zenscript/issues/9",
            "node_id": "MDEyOklzc3VlQ29tbWVudDI1MTQ0NjA4NQ==",
            "updated_at": "2016-10-04T16:52:46Z",
            "url": "https://api.github.com/repos/keean/zenscript/issues/comments/251446085",
            "user": {
                "avatar_url": "https://avatars3.githubusercontent.com/u/247731?v=4",
                "events_url": "https://api.github.com/users/shelby3/events{/privacy}",
                "followers_url": "https://api.github.com/users/shelby3/followers",
                "following_url": "https://api.github.com/users/shelby3/following{/other_user}",
                "gists_url": "https://api.github.com/users/shelby3/gists{/gist_id}",
                "gravatar_id": "",
                "html_url": "https://github.com/shelby3",
                "id": 247731,
                "login": "shelby3",
                "node_id": "MDQ6VXNlcjI0NzczMQ==",
                "organizations_url": "https://api.github.com/users/shelby3/orgs",
                "received_events_url": "https://api.github.com/users/shelby3/received_events",
                "repos_url": "https://api.github.com/users/shelby3/repos",
                "site_admin": false,
                "starred_url": "https://api.github.com/users/shelby3/starred{/owner}{/repo}",
                "subscriptions_url": "https://api.github.com/users/shelby3/subscriptions",
                "type": "User",
                "url": "https://api.github.com/users/shelby3"
            }
        },
        {
            "author_association": "OWNER",
            "body": "I think the conclusion here is we are having objects, which will be at least simple objects. The other things are the subject of other threads, but to cover my thoughts, I don't think we need typeclass objects because we have union types. By no inheritance I mean you cannot extend object A. You can extend a typeclass but that is something different. We have interface inheritance, but not implementation inheritance.\n",
            "created_at": "2016-10-04T17:02:16Z",
            "html_url": "https://github.com/keean/zenscript/issues/9#issuecomment-251448747",
            "id": 251448747,
            "issue_url": "https://api.github.com/repos/keean/zenscript/issues/9",
            "node_id": "MDEyOklzc3VlQ29tbWVudDI1MTQ0ODc0Nw==",
            "updated_at": "2016-10-04T17:02:16Z",
            "url": "https://api.github.com/repos/keean/zenscript/issues/comments/251448747",
            "user": {
                "avatar_url": "https://avatars2.githubusercontent.com/u/508384?v=4",
                "events_url": "https://api.github.com/users/keean/events{/privacy}",
                "followers_url": "https://api.github.com/users/keean/followers",
                "following_url": "https://api.github.com/users/keean/following{/other_user}",
                "gists_url": "https://api.github.com/users/keean/gists{/gist_id}",
                "gravatar_id": "",
                "html_url": "https://github.com/keean",
                "id": 508384,
                "login": "keean",
                "node_id": "MDQ6VXNlcjUwODM4NA==",
                "organizations_url": "https://api.github.com/users/keean/orgs",
                "received_events_url": "https://api.github.com/users/keean/received_events",
                "repos_url": "https://api.github.com/users/keean/repos",
                "site_admin": false,
                "starred_url": "https://api.github.com/users/keean/starred{/owner}{/repo}",
                "subscriptions_url": "https://api.github.com/users/keean/subscriptions",
                "type": "User",
                "url": "https://api.github.com/users/keean"
            }
        },
        {
            "author_association": "NONE",
            "body": "@shelby wrote:\n\n> I don't think we need typeclass objects because we have union types.\n\n[Disagree](https://github.com/keean/zenscript/issues/14#issuecomment-251634208).\n",
            "created_at": "2016-10-05T10:30:43Z",
            "html_url": "https://github.com/keean/zenscript/issues/9#issuecomment-251638921",
            "id": 251638921,
            "issue_url": "https://api.github.com/repos/keean/zenscript/issues/9",
            "node_id": "MDEyOklzc3VlQ29tbWVudDI1MTYzODkyMQ==",
            "updated_at": "2016-10-05T10:30:43Z",
            "url": "https://api.github.com/repos/keean/zenscript/issues/comments/251638921",
            "user": {
                "avatar_url": "https://avatars3.githubusercontent.com/u/247731?v=4",
                "events_url": "https://api.github.com/users/shelby3/events{/privacy}",
                "followers_url": "https://api.github.com/users/shelby3/followers",
                "following_url": "https://api.github.com/users/shelby3/following{/other_user}",
                "gists_url": "https://api.github.com/users/shelby3/gists{/gist_id}",
                "gravatar_id": "",
                "html_url": "https://github.com/shelby3",
                "id": 247731,
                "login": "shelby3",
                "node_id": "MDQ6VXNlcjI0NzczMQ==",
                "organizations_url": "https://api.github.com/users/shelby3/orgs",
                "received_events_url": "https://api.github.com/users/shelby3/received_events",
                "repos_url": "https://api.github.com/users/shelby3/repos",
                "site_admin": false,
                "starred_url": "https://api.github.com/users/shelby3/starred{/owner}{/repo}",
                "subscriptions_url": "https://api.github.com/users/shelby3/subscriptions",
                "type": "User",
                "url": "https://api.github.com/users/shelby3"
            }
        }
    ],
    "comments": 8,
    "comments_url": "https://api.github.com/repos/keean/zenscript/issues/9/comments",
    "created_at": "2016-09-22T17:23:41Z",
    "event_data": [
        {
            "actor": {
                "avatar_url": "https://avatars2.githubusercontent.com/u/508384?v=4",
                "events_url": "https://api.github.com/users/keean/events{/privacy}",
                "followers_url": "https://api.github.com/users/keean/followers",
                "following_url": "https://api.github.com/users/keean/following{/other_user}",
                "gists_url": "https://api.github.com/users/keean/gists{/gist_id}",
                "gravatar_id": "",
                "html_url": "https://github.com/keean",
                "id": 508384,
                "login": "keean",
                "node_id": "MDQ6VXNlcjUwODM4NA==",
                "organizations_url": "https://api.github.com/users/keean/orgs",
                "received_events_url": "https://api.github.com/users/keean/received_events",
                "repos_url": "https://api.github.com/users/keean/repos",
                "site_admin": false,
                "starred_url": "https://api.github.com/users/keean/starred{/owner}{/repo}",
                "subscriptions_url": "https://api.github.com/users/keean/subscriptions",
                "type": "User",
                "url": "https://api.github.com/users/keean"
            },
            "commit_id": null,
            "commit_url": null,
            "created_at": "2016-09-23T21:26:09Z",
            "event": "mentioned",
            "id": 800984177,
            "node_id": "MDE0Ok1lbnRpb25lZEV2ZW50ODAwOTg0MTc3",
            "url": "https://api.github.com/repos/keean/zenscript/issues/events/800984177"
        },
        {
            "actor": {
                "avatar_url": "https://avatars2.githubusercontent.com/u/508384?v=4",
                "events_url": "https://api.github.com/users/keean/events{/privacy}",
                "followers_url": "https://api.github.com/users/keean/followers",
                "following_url": "https://api.github.com/users/keean/following{/other_user}",
                "gists_url": "https://api.github.com/users/keean/gists{/gist_id}",
                "gravatar_id": "",
                "html_url": "https://github.com/keean",
                "id": 508384,
                "login": "keean",
                "node_id": "MDQ6VXNlcjUwODM4NA==",
                "organizations_url": "https://api.github.com/users/keean/orgs",
                "received_events_url": "https://api.github.com/users/keean/received_events",
                "repos_url": "https://api.github.com/users/keean/repos",
                "site_admin": false,
                "starred_url": "https://api.github.com/users/keean/starred{/owner}{/repo}",
                "subscriptions_url": "https://api.github.com/users/keean/subscriptions",
                "type": "User",
                "url": "https://api.github.com/users/keean"
            },
            "commit_id": null,
            "commit_url": null,
            "created_at": "2016-09-23T21:26:09Z",
            "event": "subscribed",
            "id": 800984178,
            "node_id": "MDE1OlN1YnNjcmliZWRFdmVudDgwMDk4NDE3OA==",
            "url": "https://api.github.com/repos/keean/zenscript/issues/events/800984178"
        },
        {
            "actor": {
                "avatar_url": "https://avatars2.githubusercontent.com/u/508384?v=4",
                "events_url": "https://api.github.com/users/keean/events{/privacy}",
                "followers_url": "https://api.github.com/users/keean/followers",
                "following_url": "https://api.github.com/users/keean/following{/other_user}",
                "gists_url": "https://api.github.com/users/keean/gists{/gist_id}",
                "gravatar_id": "",
                "html_url": "https://github.com/keean",
                "id": 508384,
                "login": "keean",
                "node_id": "MDQ6VXNlcjUwODM4NA==",
                "organizations_url": "https://api.github.com/users/keean/orgs",
                "received_events_url": "https://api.github.com/users/keean/received_events",
                "repos_url": "https://api.github.com/users/keean/repos",
                "site_admin": false,
                "starred_url": "https://api.github.com/users/keean/starred{/owner}{/repo}",
                "subscriptions_url": "https://api.github.com/users/keean/subscriptions",
                "type": "User",
                "url": "https://api.github.com/users/keean"
            },
            "commit_id": null,
            "commit_url": null,
            "created_at": "2016-10-04T16:32:07Z",
            "event": "closed",
            "id": 812031698,
            "node_id": "MDExOkNsb3NlZEV2ZW50ODEyMDMxNjk4",
            "url": "https://api.github.com/repos/keean/zenscript/issues/events/812031698"
        },
        {
            "actor": {
                "avatar_url": "https://avatars2.githubusercontent.com/u/508384?v=4",
                "events_url": "https://api.github.com/users/keean/events{/privacy}",
                "followers_url": "https://api.github.com/users/keean/followers",
                "following_url": "https://api.github.com/users/keean/following{/other_user}",
                "gists_url": "https://api.github.com/users/keean/gists{/gist_id}",
                "gravatar_id": "",
                "html_url": "https://github.com/keean",
                "id": 508384,
                "login": "keean",
                "node_id": "MDQ6VXNlcjUwODM4NA==",
                "organizations_url": "https://api.github.com/users/keean/orgs",
                "received_events_url": "https://api.github.com/users/keean/received_events",
                "repos_url": "https://api.github.com/users/keean/repos",
                "site_admin": false,
                "starred_url": "https://api.github.com/users/keean/starred{/owner}{/repo}",
                "subscriptions_url": "https://api.github.com/users/keean/subscriptions",
                "type": "User",
                "url": "https://api.github.com/users/keean"
            },
            "commit_id": null,
            "commit_url": null,
            "created_at": "2016-10-04T16:32:16Z",
            "event": "labeled",
            "id": 812031897,
            "label": {
                "color": "006b75",
                "name": "Decided"
            },
            "node_id": "MDEyOkxhYmVsZWRFdmVudDgxMjAzMTg5Nw==",
            "url": "https://api.github.com/repos/keean/zenscript/issues/events/812031897"
        },
        {
            "actor": {
                "avatar_url": "https://avatars2.githubusercontent.com/u/42622?v=4",
                "events_url": "https://api.github.com/users/shelby/events{/privacy}",
                "followers_url": "https://api.github.com/users/shelby/followers",
                "following_url": "https://api.github.com/users/shelby/following{/other_user}",
                "gists_url": "https://api.github.com/users/shelby/gists{/gist_id}",
                "gravatar_id": "",
                "html_url": "https://github.com/shelby",
                "id": 42622,
                "login": "shelby",
                "node_id": "MDQ6VXNlcjQyNjIy",
                "organizations_url": "https://api.github.com/users/shelby/orgs",
                "received_events_url": "https://api.github.com/users/shelby/received_events",
                "repos_url": "https://api.github.com/users/shelby/repos",
                "site_admin": false,
                "starred_url": "https://api.github.com/users/shelby/starred{/owner}{/repo}",
                "subscriptions_url": "https://api.github.com/users/shelby/subscriptions",
                "type": "User",
                "url": "https://api.github.com/users/shelby"
            },
            "commit_id": null,
            "commit_url": null,
            "created_at": "2016-10-05T10:30:43Z",
            "event": "mentioned",
            "id": 813052219,
            "node_id": "MDE0Ok1lbnRpb25lZEV2ZW50ODEzMDUyMjE5",
            "url": "https://api.github.com/repos/keean/zenscript/issues/events/813052219"
        },
        {
            "actor": {
                "avatar_url": "https://avatars2.githubusercontent.com/u/42622?v=4",
                "events_url": "https://api.github.com/users/shelby/events{/privacy}",
                "followers_url": "https://api.github.com/users/shelby/followers",
                "following_url": "https://api.github.com/users/shelby/following{/other_user}",
                "gists_url": "https://api.github.com/users/shelby/gists{/gist_id}",
                "gravatar_id": "",
                "html_url": "https://github.com/shelby",
                "id": 42622,
                "login": "shelby",
                "node_id": "MDQ6VXNlcjQyNjIy",
                "organizations_url": "https://api.github.com/users/shelby/orgs",
                "received_events_url": "https://api.github.com/users/shelby/received_events",
                "repos_url": "https://api.github.com/users/shelby/repos",
                "site_admin": false,
                "starred_url": "https://api.github.com/users/shelby/starred{/owner}{/repo}",
                "subscriptions_url": "https://api.github.com/users/shelby/subscriptions",
                "type": "User",
                "url": "https://api.github.com/users/shelby"
            },
            "commit_id": null,
            "commit_url": null,
            "created_at": "2016-10-05T10:30:43Z",
            "event": "subscribed",
            "id": 813052221,
            "node_id": "MDE1OlN1YnNjcmliZWRFdmVudDgxMzA1MjIyMQ==",
            "url": "https://api.github.com/repos/keean/zenscript/issues/events/813052221"
        }
    ],
    "events_url": "https://api.github.com/repos/keean/zenscript/issues/9/events",
    "html_url": "https://github.com/keean/zenscript/issues/9",
    "id": 178670728,
    "labels": [
        {
            "color": "006b75",
            "default": false,
            "id": 448468168,
            "name": "Decided",
            "node_id": "MDU6TGFiZWw0NDg0NjgxNjg=",
            "url": "https://api.github.com/repos/keean/zenscript/labels/Decided"
        }
    ],
    "labels_url": "https://api.github.com/repos/keean/zenscript/issues/9/labels{/name}",
    "locked": false,
    "milestone": null,
    "node_id": "MDU6SXNzdWUxNzg2NzA3Mjg=",
    "number": 9,
    "repository_url": "https://api.github.com/repos/keean/zenscript",
    "state": "closed",
    "title": "Objects or No Objects",
    "updated_at": "2016-10-05T10:30:43Z",
    "url": "https://api.github.com/repos/keean/zenscript/issues/9",
    "user": {
        "avatar_url": "https://avatars2.githubusercontent.com/u/508384?v=4",
        "events_url": "https://api.github.com/users/keean/events{/privacy}",
        "followers_url": "https://api.github.com/users/keean/followers",
        "following_url": "https://api.github.com/users/keean/following{/other_user}",
        "gists_url": "https://api.github.com/users/keean/gists{/gist_id}",
        "gravatar_id": "",
        "html_url": "https://github.com/keean",
        "id": 508384,
        "login": "keean",
        "node_id": "MDQ6VXNlcjUwODM4NA==",
        "organizations_url": "https://api.github.com/users/keean/orgs",
        "received_events_url": "https://api.github.com/users/keean/received_events",
        "repos_url": "https://api.github.com/users/keean/repos",
        "site_admin": false,
        "starred_url": "https://api.github.com/users/keean/starred{/owner}{/repo}",
        "subscriptions_url": "https://api.github.com/users/keean/subscriptions",
        "type": "User",
        "url": "https://api.github.com/users/keean"
    }
}